Aircraft_FK,TailNum,Manufacturer,Model,YearMfr,Body_Type,Age_Category
1,N712SW,BOEING,B737-700,2006.0,Narrow-Body,New (0–5 yrs)
2,N772SW,BOEING,B737-800,2004.0,Narrow-Body,New (0–5 yrs)
3,N428WN,BOEING,B737-700,1999.0,Narrow-Body,Modern (6–15 yrs)
4,N464WN,BOEING,B737-800,1999.0,Narrow-Body,Modern (6–15 yrs)
5,N726SW,BOEING,B737-700,2007.0,Narrow-Body,New (0–5 yrs)
6,N763SW,BOEING,B737-300,1996.0,Narrow-Body,Modern (6–15 yrs)
7,N690SW,BOEING,B737-700,2004.0,Narrow-Body,New (0–5 yrs)
8,N334SW,BOEING,B737-800,2003.0,Narrow-Body,New (0–5 yrs)
9,N263WN,BOEING,B737-700,2002.0,Narrow-Body,Modern (6–15 yrs)
10,N286WN,BOEING,B737-700,2008.0,Narrow-Body,New (0–5 yrs)
11,N778SW,BOEING,B737-300,1985.0,Narrow-Body,Mature (16–25 yrs)
12,N674AA,BOEING,B737-800,2006.0,Narrow-Body,New (0–5 yrs)
13,N643SW,BOEING,B737-700,2000.0,Narrow-Body,Modern (6–15 yrs)
14,N724SW,BOEING,B737-700,2005.0,Narrow-Body,New (0–5 yrs)
15,N786SW,BOEING,B737-500,1989.0,Narrow-Body,Mature (16–25 yrs)
16,N714CB,BOEING,B737-800,2012.0,Narrow-Body,New (0–5 yrs)
17,N394SW,BOEING,B737-700,2007.0,Narrow-Body,New (0–5 yrs)
18,N215WN,BOEING,B737-700,1999.0,Narrow-Body,Modern (6–15 yrs)
19,N243WN,BOEING,B737-300,1992.0,Narrow-Body,Mature (16–25 yrs)
20,N798SW,BOEING,B737-700,1999.0,Narrow-Body,Modern (6–15 yrs)
21,N247WN,BOEING,B737-700,2002.0,Narrow-Body,Modern (6–15 yrs)
22,N707SA,EMBRAER,ERJ-145,2006.0,Regional,New (0–5 yrs)
23,N443WN,BOEING,B737-700,1998.0,Narrow-Body,Modern (6–15 yrs)
24,N779SW,BOEING,B737-300,1991.0,Narrow-Body,Mature (16–25 yrs)
25,N704SW,BOEING,B737-300,1994.0,Narrow-Body,Modern (6–15 yrs)
26,N709SW,BOEING,B737-300,1991.0,Narrow-Body,Mature (16–25 yrs)
27,N459WN,BOEING,B737-700,2010.0,Narrow-Body,New (0–5 yrs)
28,N621SW,BOEING,B737-700,2003.0,Narrow-Body,New (0–5 yrs)
29,N206WN,BOEING,B737-700,1998.0,Narrow-Body,Modern (6–15 yrs)
30,N280WN,BOEING,B737-700,2001.0,Narrow-Body,Modern (6–15 yrs)
31,N241WN,BOEING,B737-700,2008.0,Narrow-Body,New (0–5 yrs)
32,N200WN,BOEING,B737-500,1993.0,Narrow-Body,Modern (6–15 yrs)
33,N475WN,BOEING,B737-700,2005.0,Narrow-Body,New (0–5 yrs)
34,N792SW,BOEING,B737-300,1986.0,Narrow-Body,Mature (16–25 yrs)
35,N252WN,BOEING,B737-300,1996.0,Narrow-Body,Modern (6–15 yrs)
36,N346SW,BOEING,B737-700,2008.0,Narrow-Body,New (0–5 yrs)
37,N299WN,BOEING,B737-700,2000.0,Narrow-Body,Modern (6–15 yrs)
38,N487WN,BOEING,B737-700,2007.0,Narrow-Body,New (0–5 yrs)
39,N479WN,BOEING,B737-700,1997.0,Narrow-Body,Modern (6–15 yrs)
40,N467WN,BOEING,B737-300,1986.0,Narrow-Body,Mature (16–25 yrs)
41,N521SW,BOEING,B737-700,2006.0,Narrow-Body,New (0–5 yrs)
42,N663SW,BOEING,B737-700,2003.0,Narrow-Body,New (0–5 yrs)
43,N376SW,BOEING,B737-700,2005.0,Narrow-Body,New (0–5 yrs)
44,N791SW,BOEING,B737-700,2005.0,Narrow-Body,New (0–5 yrs)
45,N392SW,BOEING,B737-700,2008.0,Narrow-Body,New (0–5 yrs)
46,N799SW,BOEING,B737-300,1988.0,Narrow-Body,Mature (16–25 yrs)
47,N618WN,BOEING,B737-700,2010.0,Narrow-Body,New (0–5 yrs)
48,N682SW,BOEING,B737-500,1991.0,Narrow-Body,Mature (16–25 yrs)
49,N509SW,BOEING,B737-800,1998.0,Narrow-Body,Modern (6–15 yrs)
50,N473WN,BOEING,B737-300,1987.0,Narrow-Body,Mature (16–25 yrs)
51,N351SW,BOEING,B737-500,2000.0,Narrow-Body,Modern (6–15 yrs)
52,N238WN,BOEING,B737-700,2001.0,Narrow-Body,Modern (6–15 yrs)
53,N499WN,BOEING,B737-700,2004.0,Narrow-Body,New (0–5 yrs)
54,N309SW,BOEING,B737-700,2007.0,Narrow-Body,New (0–5 yrs)
55,N245WN,BOEING,B737-700,2002.0,Narrow-Body,Modern (6–15 yrs)
56,N275WN,BOEING,B737-300,1997.0,Narrow-Body,Modern (6–15 yrs)
57,N271WN,BOEING,B737-300,1985.0,Narrow-Body,Mature (16–25 yrs)
58,N434WN,BOEING,B737-700,1998.0,Narrow-Body,Modern (6–15 yrs)
59,N619SW,BOEING,B737-700,2007.0,Narrow-Body,New (0–5 yrs)
60,N290WN,BOEING,B737-700,1999.0,Narrow-Body,Modern (6–15 yrs)
61,N383SW,BOEING,B737-300,1991.0,Narrow-Body,Mature (16–25 yrs)
62,N608SW,BOEING,B737-500,1997.0,Narrow-Body,Modern (6–15 yrs)
63,N626SW,BOEING,B737-500,1991.0,Narrow-Body,Mature (16–25 yrs)
64,N369SW,BOEING,B737-700,2001.0,Narrow-Body,Modern (6–15 yrs)
65,N396SW,BOEING,B737-500,2000.0,Narrow-Body,Modern (6–15 yrs)
66,N293,UNKNOWN,UNKNOWN,,Unknown,Unknown
67,N409WN,BOEING,B737-300,1985.0,Narrow-Body,Mature (16–25 yrs)
68,N695SW,BOEING,B737-800,2003.0,Narrow-Body,New (0–5 yrs)
69,N220WN,BOEING,B737-700,2009.0,Narrow-Body,New (0–5 yrs)
70,N784SW,BOEING,B737-500,1998.0,Narrow-Body,Modern (6–15 yrs)
71,N244WN,BOEING,B737-700,2010.0,Narrow-Body,New (0–5 yrs)
72,N455WN,BOEING,B737-700,2008.0,Narrow-Body,New (0–5 yrs)
73,N297WN,BOEING,B737-500,1994.0,Narrow-Body,Modern (6–15 yrs)
74,N481WN,BOEING,B737-300,1991.0,Narrow-Body,Mature (16–25 yrs)
75,N203WN,BOEING,B737-700,2009.0,Narrow-Body,New (0–5 yrs)
76,N491WN,BOEING,B737-500,1997.0,Narrow-Body,Modern (6–15 yrs)
77,N480WN,BOEING,B737-700,2001.0,Narrow-Body,Modern (6–15 yrs)
78,N318SW,BOEING,B737-300,1991.0,Narrow-Body,Mature (16–25 yrs)
79,N647SW,BOEING,B737-700,2008.0,Narrow-Body,New (0–5 yrs)
80,N313SW,BOEING,B737-700,2006.0,Narrow-Body,New (0–5 yrs)
81,N352SW,BOEING,B737-700,2003.0,Narrow-Body,New (0–5 yrs)
82,N321SW,BOEING,B737-700,1998.0,Narrow-Body,Modern (6–15 yrs)
83,N660SW,BOEING,B737-300,1994.0,Narrow-Body,Modern (6–15 yrs)
84,N414WN,BOEING,B737-700,2008.0,Narrow-Body,New (0–5 yrs)
85,N408WN,BOEING,B737-700,1997.0,Narrow-Body,Modern (6–15 yrs)
86,N230WN,BOEING,B737-500,1996.0,Narrow-Body,Modern (6–15 yrs)
87,N761RR,UNKNOWN,UNKNOWN,,Unknown,Unknown
88,N272WN,BOEING,B737-300,1986.0,Narrow-Body,Mature (16–25 yrs)
89,N335SW,BOEING,B737-700,2008.0,Narrow-Body,New (0–5 yrs)
90,N488WN,BOEING,B737-800,2000.0,Narrow-Body,Modern (6–15 yrs)
91,N496WN,BOEING,B737-700,2003.0,Narrow-Body,New (0–5 yrs)
92,N422WN,BOEING,B737-700,2001.0,Narrow-Body,Modern (6–15 yrs)
93,N404WN,BOEING,B737-300,1986.0,Narrow-Body,Mature (16–25 yrs)
94,N787SA,EMBRAER,ERJ-145,2006.0,Regional,New (0–5 yrs)
95,N617SW,BOEING,B737-700,1997.0,Narrow-Body,Modern (6–15 yrs)
96,N302SW,BOEING,B737-700,1998.0,Narrow-Body,Modern (6–15 yrs)
97,N676SW,BOEING,B737-700,2003.0,Narrow-Body,New (0–5 yrs)
98,N775SW,BOEING,B737-700,2010.0,Narrow-Body,New (0–5 yrs)
99,N449WN,BOEING,B737-700,2008.0,Narrow-Body,New (0–5 yrs)
100,N444WN,BOEING,B737-500,1992.0,Narrow-Body,Mature (16–25 yrs)
101,N764SW,BOEING,B737-700,2008.0,Narrow-Body,New (0–5 yrs)
102,N407WN,BOEING,B737-300,1991.0,Narrow-Body,Mature (16–25 yrs)
103,N232WN,BOEING,B737-700,1997.0,Narrow-Body,Modern (6–15 yrs)
104,N725SW,BOEING,B737-300,1998.0,Narrow-Body,Modern (6–15 yrs)
105,N745SW,BOEING,B737-700,2001.0,Narrow-Body,Modern (6–15 yrs)
106,N740SW,BOEING,B737-700,1998.0,Narrow-Body,Modern (6–15 yrs)
107,N405WN,BOEING,B737-500,1991.0,Narrow-Body,Mature (16–25 yrs)
108,N468WN,BOEING,B737-700,2006.0,Narrow-Body,New (0–5 yrs)
109,N201LV,UNKNOWN,UNKNOWN,,Unknown,Unknown
110,N222WN,BOEING,B737-700,2001.0,Narrow-Body,Modern (6–15 yrs)
111,N282WN,BOEING,B737-800,1999.0,Narrow-Body,Modern (6–15 yrs)
112,N223WN,BOEING,B737-500,1991.0,Narrow-Body,Mature (16–25 yrs)
113,N281WN,BOEING,B737-700,1997.0,Narrow-Body,Modern (6–15 yrs)
114,N460WN,BOEING,B737-700,2001.0,Narrow-Body,Modern (6–15 yrs)
115,N679AA,AIRBUS,A300-600,2003.0,Wide-Body,New (0–5 yrs)
116,N378SW,BOEING,B737-500,1991.0,Narrow-Body,Mature (16–25 yrs)
117,N248WN,BOEING,B737-500,2000.0,Narrow-Body,Modern (6–15 yrs)
118,N774SW,BOEING,B737-700,2009.0,Narrow-Body,New (0–5 yrs)
119,N627SW,BOEING,B737-800,2001.0,Narrow-Body,Modern (6–15 yrs)
120,N622SW,BOEING,B737-300,1992.0,Narrow-Body,Mature (16–25 yrs)
121,N217JC,UNKNOWN,UNKNOWN,,Unknown,Unknown
122,N259WN,BOEING,B737-700,1997.0,Narrow-Body,Modern (6–15 yrs)
123,N301SW,BOEING,B737-800,2000.0,Narrow-Body,Modern (6–15 yrs)
124,N356SW,BOEING,B737-700,2009.0,Narrow-Body,New (0–5 yrs)
125,N742SW,BOEING,B737-800,2001.0,Narrow-Body,Modern (6–15 yrs)
126,N273WN,BOEING,B737-700,2009.0,Narrow-Body,New (0–5 yrs)
127,N466WN,BOEING,B737-500,1989.0,Narrow-Body,Mature (16–25 yrs)
128,N678AA,MCDONNELL DOUGLAS,MD-80,1995.0,Narrow-Body,Modern (6–15 yrs)
129,N258WN,BOEING,B737-700,2009.0,Narrow-Body,New (0–5 yrs)
130,N435WN,BOEING,B737-700,1998.0,Narrow-Body,Modern (6–15 yrs)
131,N484WN,BOEING,B737-500,1989.0,Narrow-Body,Mature (16–25 yrs)
132,N228WN,BOEING,B737-500,2000.0,Narrow-Body,Modern (6–15 yrs)
133,N747SA,EMBRAER,ERJ-145,1995.0,Regional,Modern (6–15 yrs)
134,N338SW,BOEING,B737-300,1997.0,Narrow-Body,Modern (6–15 yrs)
135,N603SW,BOEING,B737-300,1989.0,Narrow-Body,Mature (16–25 yrs)
136,N221WN,BOEING,B737-800,2006.0,Narrow-Body,New (0–5 yrs)
137,N777QC,UNKNOWN,UNKNOWN,,Unknown,Unknown
138,N752SW,BOEING,B737-300,1988.0,Narrow-Body,Mature (16–25 yrs)
139,N790SW,BOEING,B737-700,2001.0,Narrow-Body,Modern (6–15 yrs)
140,N794SW,BOEING,B737-800,2005.0,Narrow-Body,New (0–5 yrs)
141,N715SW,BOEING,B737-300,1992.0,Narrow-Body,Mature (16–25 yrs)
142,N401WN,BOEING,B737-300,1986.0,Narrow-Body,Mature (16–25 yrs)
143,N448WN,BOEING,B737-300,1987.0,Narrow-Body,Mature (16–25 yrs)
144,N403WN,BOEING,B737-700,2010.0,Narrow-Body,New (0–5 yrs)
145,N267WN,BOEING,B737-700,1998.0,Narrow-Body,Modern (6–15 yrs)
146,N450WN,BOEING,B737-700,2007.0,Narrow-Body,New (0–5 yrs)
147,N400WN,BOEING,B737-300,1993.0,Narrow-Body,Modern (6–15 yrs)
148,N442WN,BOEING,B737-700,1997.0,Narrow-Body,Modern (6–15 yrs)
149,N610WN,BOEING,B737-700,2007.0,Narrow-Body,New (0–5 yrs)
150,N315SW,BOEING,B737-300,1990.0,Narrow-Body,Mature (16–25 yrs)
151,N692SW,BOEING,B737-800,1999.0,Narrow-Body,Modern (6–15 yrs)
152,N902WN,BOEING,B737-700,2010.0,Narrow-Body,New (0–5 yrs)
153,N734SA,EMBRAER,ERJ-145,1998.0,Regional,Modern (6–15 yrs)
154,N490WN,BOEING,B737-700,2001.0,Narrow-Body,Modern (6–15 yrs)
155,N646SW,BOEING,B737-500,2000.0,Narrow-Body,Modern (6–15 yrs)
156,N454WN,BOEING,B737-800,2005.0,Narrow-Body,New (0–5 yrs)
157,N298WN,BOEING,B737-700,1997.0,Narrow-Body,Modern (6–15 yrs)
158,N277WN,BOEING,B737-700,2008.0,Narrow-Body,New (0–5 yrs)
159,N350SW,BOEING,B737-300,1985.0,Narrow-Body,Mature (16–25 yrs)
160,N768SW,BOEING,B737-500,1989.0,Narrow-Body,Mature (16–25 yrs)
161,N634SW,BOEING,B737-700,2010.0,Narrow-Body,New (0–5 yrs)
162,N285WN,BOEING,B737-800,2009.0,Narrow-Body,New (0–5 yrs)
163,N431WN,BOEING,B737-700,2008.0,Narrow-Body,New (0–5 yrs)
164,N615SW,BOEING,B737-700,2008.0,Narrow-Body,New (0–5 yrs)
165,N602SW,BOEING,B737-300,1984.0,Narrow-Body,Mature (16–25 yrs)
166,N447WN,BOEING,B737-700,2000.0,Narrow-Body,Modern (6–15 yrs)
167,N492WN,BOEING,B737-500,1998.0,Narrow-Body,Modern (6–15 yrs)
168,N361SW,BOEING,B737-700,2007.0,Narrow-Body,New (0–5 yrs)
169,N429WN,BOEING,B737-800,2007.0,Narrow-Body,New (0–5 yrs)
170,N437WN,BOEING,B737-700,2001.0,Narrow-Body,Modern (6–15 yrs)
171,N306SW,BOEING,B737-500,1993.0,Narrow-Body,Modern (6–15 yrs)
172,N446WN,BOEING,B737-700,1998.0,Narrow-Body,Modern (6–15 yrs)
173,N395SW,BOEING,B737-800,2007.0,Narrow-Body,New (0–5 yrs)
174,N756SA,EMBRAER,ERJ-145,2001.0,Regional,Modern (6–15 yrs)
175,N766SW,BOEING,B737-300,1987.0,Narrow-Body,Mature (16–25 yrs)
176,N613SW,BOEING,B737-700,2008.0,Narrow-Body,New (0–5 yrs)
177,N385SW,BOEING,B737-300,1997.0,Narrow-Body,Modern (6–15 yrs)
178,N324SW,BOEING,B737-300,1991.0,Narrow-Body,Mature (16–25 yrs)
179,N632SW,BOEING,B737-300,1993.0,Narrow-Body,Modern (6–15 yrs)
180,N445WN,BOEING,B737-700,2001.0,Narrow-Body,Modern (6–15 yrs)
181,N418WN,BOEING,B737-300,1988.0,Narrow-Body,Mature (16–25 yrs)
182,N640SW,BOEING,B737-800,2006.0,Narrow-Body,New (0–5 yrs)
183,N264LV,UNKNOWN,UNKNOWN,,Unknown,Unknown
184,N765SW,BOEING,B737-500,1990.0,Narrow-Body,Mature (16–25 yrs)
185,N472WN,BOEING,B737-300,1991.0,Narrow-Body,Mature (16–25 yrs)
186,N212WN,BOEING,B737-300,1985.0,Narrow-Body,Mature (16–25 yrs)
187,N600WN,BOEING,B737-300,1987.0,Narrow-Body,Mature (16–25 yrs)
188,N737JW,UNKNOWN,UNKNOWN,,Unknown,Unknown
189,N314SW,BOEING,B737-300,1986.0,Narrow-Body,Mature (16–25 yrs)
190,N342SW,BOEING,B737-700,2004.0,Narrow-Body,New (0–5 yrs)
191,N489WN,BOEING,B737-700,2006.0,Narrow-Body,New (0–5 yrs)
192,N364SW,BOEING,B737-500,2000.0,Narrow-Body,Modern (6–15 yrs)
193,N424WN,BOEING,B737-800,2005.0,Narrow-Body,New (0–5 yrs)
194,N326SW,BOEING,B737-800,2006.0,Narrow-Body,New (0–5 yrs)
195,N708SA,EMBRAER,ERJ-145,1995.0,Regional,Modern (6–15 yrs)
196,N249WN,BOEING,B737-500,1991.0,Narrow-Body,Mature (16–25 yrs)
197,N236WN,BOEING,B737-700,2000.0,Narrow-Body,Modern (6–15 yrs)
198,N684WN,BOEING,B737-700,2000.0,Narrow-Body,Modern (6–15 yrs)
199,N667SW,BOEING,B737-500,1989.0,Narrow-Body,Mature (16–25 yrs)
200,N758SW,BOEING,B737-700,2009.0,Narrow-Body,New (0–5 yrs)
201,N262WN,BOEING,B737-700,1998.0,Narrow-Body,Modern (6–15 yrs)
202,N550WN,BOEING,B737-300,1990.0,Narrow-Body,Mature (16–25 yrs)
203,N730SW,BOEING,B737-300,1998.0,Narrow-Body,Modern (6–15 yrs)
204,N486WN,BOEING,B737-700,2008.0,Narrow-Body,New (0–5 yrs)
205,N494WN,BOEING,B737-800,2011.0,Narrow-Body,New (0–5 yrs)
206,N732SW,BOEING,B737-700,2005.0,Narrow-Body,New (0–5 yrs)
207,N683SW,BOEING,B737-700,2007.0,Narrow-Body,New (0–5 yrs)
208,N631SW,BOEING,B737-700,2007.0,Narrow-Body,New (0–5 yrs)
209,N268WN,BOEING,B737-700,1998.0,Narrow-Body,Modern (6–15 yrs)
210,N720WN,BOEING,B737-700,2010.0,Narrow-Body,New (0–5 yrs)
211,N648SW,BOEING,B737-700,2009.0,Narrow-Body,New (0–5 yrs)
212,N476WN,BOEING,B737-700,2006.0,Narrow-Body,New (0–5 yrs)
213,N224WN,BOEING,B737-500,1996.0,Narrow-Body,Modern (6–15 yrs)
214,N304SW,BOEING,B737-300,1990.0,Narrow-Body,Mature (16–25 yrs)
215,N402WN,BOEING,B737-700,2003.0,Narrow-Body,New (0–5 yrs)
216,N693SW,BOEING,B737-300,1989.0,Narrow-Body,Mature (16–25 yrs)
217,N465WN,BOEING,B737-700,2002.0,Narrow-Body,Modern (6–15 yrs)
218,N609SW,BOEING,B737-500,1994.0,Narrow-Body,Modern (6–15 yrs)
219,N269WN,BOEING,B737-700,2002.0,Narrow-Body,Modern (6–15 yrs)
220,N229WN,BOEING,B737-500,1998.0,Narrow-Body,Modern (6–15 yrs)
221,N718SW,BOEING,B737-800,2012.0,Narrow-Body,New (0–5 yrs)
222,N283WN,BOEING,B737-700,2007.0,Narrow-Body,New (0–5 yrs)
223,N637SW,BOEING,B737-700,2001.0,Narrow-Body,Modern (6–15 yrs)
224,N202WN,BOEING,B737-700,2003.0,Narrow-Body,New (0–5 yrs)
225,N288WN,BOEING,B737-700,2006.0,Narrow-Body,New (0–5 yrs)
226,N901WN,BOEING,B737-700,2007.0,Narrow-Body,New (0–5 yrs)
227,N738CB,BOEING,B737-700,2005.0,Narrow-Body,New (0–5 yrs)
228,N331SW,BOEING,B737-700,1997.0,Narrow-Body,Modern (6–15 yrs)
229,N687SW,BOEING,B737-700,1999.0,Narrow-Body,Modern (6–15 yrs)
230,N731SA,BOMBARDIER,CRJ-200,2005.0,Regional,New (0–5 yrs)
231,N642WN,BOEING,B737-700,1998.0,Narrow-Body,Modern (6–15 yrs)
232,N415WN,BOEING,B737-300,1993.0,Narrow-Body,Modern (6–15 yrs)
233,N311SW,BOEING,B737-300,1995.0,Narrow-Body,Modern (6–15 yrs)
234,N605SW,BOEING,B737-800,2008.0,Narrow-Body,New (0–5 yrs)
235,N671SW,BOEING,B737-800,2000.0,Narrow-Body,Modern (6–15 yrs)
236,N226WN,BOEING,B737-700,2002.0,Narrow-Body,Modern (6–15 yrs)
237,N384SW,BOEING,B737-700,2005.0,Narrow-Body,New (0–5 yrs)
238,N225WN,BOEING,B737-700,2010.0,Narrow-Body,New (0–5 yrs)
239,N629SW,BOEING,B737-500,2000.0,Narrow-Body,Modern (6–15 yrs)
240,N727SW,BOEING,B737-700,1997.0,Narrow-Body,Modern (6–15 yrs)
241,N416WN,BOEING,B737-700,1998.0,Narrow-Body,Modern (6–15 yrs)
242,N312SW,BOEING,B737-300,1986.0,Narrow-Body,Mature (16–25 yrs)
243,N451WN,BOEING,B737-700,2004.0,Narrow-Body,New (0–5 yrs)
244,N654SW,BOEING,B737-700,2006.0,Narrow-Body,New (0–5 yrs)
245,N506SW,BOEING,B737-700,2004.0,Narrow-Body,New (0–5 yrs)
246,N501SW,BOEING,B737-700,2004.0,Narrow-Body,New (0–5 yrs)
247,N520SW,BOEING,B737-700,2003.0,Narrow-Body,New (0–5 yrs)
248,N370SW,BOEING,B737-800,2010.0,Narrow-Body,New (0–5 yrs)
249,N240WN,BOEING,B737-300,1985.0,Narrow-Body,Mature (16–25 yrs)
250,N502SW,BOEING,B737-300,1991.0,Narrow-Body,Mature (16–25 yrs)
251,N522SW,BOEING,B737-500,1996.0,Narrow-Body,Modern (6–15 yrs)
252,N514SW,BOEING,B737-700,1999.0,Narrow-Body,Modern (6–15 yrs)
253,N339SW,BOEING,B737-500,1997.0,Narrow-Body,Modern (6–15 yrs)
254,N513SW,BOEING,B737-800,2010.0,Narrow-Body,New (0–5 yrs)
255,N379SW,BOEING,B737-500,1998.0,Narrow-Body,Modern (6–15 yrs)
256,N503SW,BOEING,B737-500,1995.0,Narrow-Body,Modern (6–15 yrs)
257,N527SW,BOEING,B737-300,1989.0,Narrow-Body,Mature (16–25 yrs)
258,N512SW,BOEING,B737-300,1985.0,Narrow-Body,Mature (16–25 yrs)
259,N333SW,BOEING,B737-500,2000.0,Narrow-Body,Modern (6–15 yrs)
260,N669SW,BOEING,B737-500,1990.0,Narrow-Body,Mature (16–25 yrs)
261,N227WN,BOEING,B737-700,2007.0,Narrow-Body,New (0–5 yrs)
262,N354SW,BOEING,B737-800,2003.0,Narrow-Body,New (0–5 yrs)
263,N511SW,BOEING,B737-700,2007.0,Narrow-Body,New (0–5 yrs)
264,N525SW,BOEING,B737-500,1996.0,Narrow-Body,Modern (6–15 yrs)
265,N628SW,BOEING,B737-700,2010.0,Narrow-Body,New (0–5 yrs)
266,N386SW,BOEING,B737-800,2004.0,Narrow-Body,New (0–5 yrs)
267,N650SW,BOEING,B737-800,1999.0,Narrow-Body,Modern (6–15 yrs)
268,N662SW,BOEING,B737-700,1998.0,Narrow-Body,Modern (6–15 yrs)
269,N661SW,BOEING,B737-700,1998.0,Narrow-Body,Modern (6–15 yrs)
270,N353SW,BOEING,B737-700,2004.0,Narrow-Body,New (0–5 yrs)
271,N528SW,BOEING,B737-700,1997.0,Narrow-Body,Modern (6–15 yrs)
272,N399WN,BOEING,B737-700,2003.0,Narrow-Body,New (0–5 yrs)
273,N507SW,BOEING,B737-700,2001.0,Narrow-Body,Modern (6–15 yrs)
274,N728SW,BOEING,B737-500,1989.0,Narrow-Body,Mature (16–25 yrs)
275,N310SW,BOEING,B737-800,2002.0,Narrow-Body,Modern (6–15 yrs)
276,N391SW,BOEING,B737-700,2004.0,Narrow-Body,New (0–5 yrs)
277,N639SW,BOEING,B737-800,1999.0,Narrow-Body,Modern (6–15 yrs)
278,N213WN,BOEING,B737-800,2008.0,Narrow-Body,New (0–5 yrs)
279,N677AA,AIRBUS,A300-600,1990.0,Wide-Body,Mature (16–25 yrs)
280,N636WN,BOEING,B737-300,1994.0,Narrow-Body,Modern (6–15 yrs)
281,N504SW,BOEING,B737-700,2010.0,Narrow-Body,New (0–5 yrs)
282,N387SW,BOEING,B737-700,2005.0,Narrow-Body,New (0–5 yrs)
283,N208WN,BOEING,B737-800,1999.0,Narrow-Body,Modern (6–15 yrs)
284,N390SW,BOEING,B737-300,1987.0,Narrow-Body,Mature (16–25 yrs)
285,N463WN,BOEING,B737-300,1987.0,Narrow-Body,Mature (16–25 yrs)
286,N204WN,BOEING,B737-700,2008.0,Narrow-Body,New (0–5 yrs)
287,N706SW,BOEING,B737-800,2000.0,Narrow-Body,Modern (6–15 yrs)
288,N365SW,BOEING,B737-700,2009.0,Narrow-Body,New (0–5 yrs)
289,N785SW,BOEING,B737-300,1984.0,Narrow-Body,Mature (16–25 yrs)
290,N235WN,BOEING,B737-300,1997.0,Narrow-Body,Modern (6–15 yrs)
291,N625SW,BOEING,B737-700,2005.0,Narrow-Body,New (0–5 yrs)
292,N713SW,BOEING,B737-300,1988.0,Narrow-Body,Mature (16–25 yrs)
293,N425LV,UNKNOWN,UNKNOWN,,Unknown,Unknown
294,N419WN,BOEING,B737-300,1997.0,Narrow-Body,Modern (6–15 yrs)
295,N216WR,UNKNOWN,UNKNOWN,,Unknown,Unknown
296,N294WN,BOEING,B737-700,2010.0,Narrow-Body,New (0–5 yrs)
297,N470WN,BOEING,B737-700,2009.0,Narrow-Body,New (0–5 yrs)
298,N366SW,BOEING,B737-700,2008.0,Narrow-Body,New (0–5 yrs)
299,N638SW,BOEING,B737-300,1997.0,Narrow-Body,Modern (6–15 yrs)
300,N657SW,BOEING,B737-300,1985.0,Narrow-Body,Mature (16–25 yrs)
301,N659SW,BOEING,B737-700,1998.0,Narrow-Body,Modern (6–15 yrs)
302,N412WN,BOEING,B737-700,2004.0,Narrow-Body,New (0–5 yrs)
303,N438WN,BOEING,B737-800,2007.0,Narrow-Body,New (0–5 yrs)
304,N469WN,BOEING,B737-300,1997.0,Narrow-Body,Modern (6–15 yrs)
305,N780SW,BOEING,B737-300,1995.0,Narrow-Body,Modern (6–15 yrs)
306,N739GB,UNKNOWN,UNKNOWN,,Unknown,Unknown
307,N462WN,BOEING,B737-500,1990.0,Narrow-Body,Mature (16–25 yrs)
308,N355SW,BOEING,B737-800,2008.0,Narrow-Body,New (0–5 yrs)
309,N456WN,BOEING,B737-700,2004.0,Narrow-Body,New (0–5 yrs)
310,N743SW,BOEING,B737-700,1997.0,Narrow-Body,Modern (6–15 yrs)
311,N276WN,BOEING,B737-300,1987.0,Narrow-Body,Mature (16–25 yrs)
312,N242WN,BOEING,B737-700,2009.0,Narrow-Body,New (0–5 yrs)
313,N439WN,BOEING,B737-300,1989.0,Narrow-Body,Mature (16–25 yrs)
314,N672SW,BOEING,B737-300,1985.0,Narrow-Body,Mature (16–25 yrs)
315,N694SW,BOEING,B737-800,2006.0,Narrow-Body,New (0–5 yrs)
316,N266WN,BOEING,B737-700,2003.0,Narrow-Body,New (0–5 yrs)
317,N218WN,BOEING,B737-700,2009.0,Narrow-Body,New (0–5 yrs)
318,N388SW,BOEING,B737-300,1993.0,Narrow-Body,Modern (6–15 yrs)
319,N457WN,BOEING,B737-800,2006.0,Narrow-Body,New (0–5 yrs)
320,N291WN,BOEING,B737-700,2001.0,Narrow-Body,Modern (6–15 yrs)
321,N325SW,BOEING,B737-700,2000.0,Narrow-Body,Modern (6–15 yrs)
322,N305SW,BOEING,B737-800,2007.0,Narrow-Body,New (0–5 yrs)
323,N767SW,BOEING,B737-300,1991.0,Narrow-Body,Mature (16–25 yrs)
324,N406WN,BOEING,B737-700,2004.0,Narrow-Body,New (0–5 yrs)
325,N427WN,BOEING,B737-700,1998.0,Narrow-Body,Modern (6–15 yrs)
326,N374SW,BOEING,B737-300,1985.0,Narrow-Body,Mature (16–25 yrs)
327,N256WN,BOEING,B737-500,1990.0,Narrow-Body,Mature (16–25 yrs)
328,N436WN,BOEING,B737-700,2001.0,Narrow-Body,Modern (6–15 yrs)
329,N347SW,BOEING,B737-700,2002.0,Narrow-Body,Modern (6–15 yrs)
330,N751SW,BOEING,B737-500,1996.0,Narrow-Body,Modern (6–15 yrs)
331,N279WN,BOEING,B737-700,2008.0,Narrow-Body,New (0–5 yrs)
332,N253WN,BOEING,B737-700,2000.0,Narrow-Body,Modern (6–15 yrs)
333,N623SW,BOEING,B737-500,2000.0,Narrow-Body,Modern (6–15 yrs)
334,N417WN,BOEING,B737-700,1997.0,Narrow-Body,Modern (6–15 yrs)
335,N689SW,BOEING,B737-700,1999.0,Narrow-Body,Modern (6–15 yrs)
336,N658SW,BOEING,B737-700,2000.0,Narrow-Body,Modern (6–15 yrs)
337,N699SW,BOEING,B737-700,2005.0,Narrow-Body,New (0–5 yrs)
338,N340LV,UNKNOWN,UNKNOWN,,Unknown,Unknown
339,N750SA,BOMBARDIER,CRJ-200,2002.0,Regional,Modern (6–15 yrs)
340,N341SW,BOEING,B737-700,2005.0,Narrow-Body,New (0–5 yrs)
341,N776WN,BOEING,B737-700,2001.0,Narrow-Body,Modern (6–15 yrs)
342,N711HK,UNKNOWN,UNKNOWN,,Unknown,Unknown
343,N411WN,BOEING,B737-700,1999.0,Narrow-Body,Modern (6–15 yrs)
344,N485WN,BOEING,B737-700,2003.0,Narrow-Body,New (0–5 yrs)
345,N239WN,BOEING,B737-700,2010.0,Narrow-Body,New (0–5 yrs)
346,N410WN,BOEING,B737-700,2004.0,Narrow-Body,New (0–5 yrs)
347,N523SW,BOEING,B737-800,1999.0,Narrow-Body,Modern (6–15 yrs)
348,N357SW,BOEING,B737-700,2009.0,Narrow-Body,New (0–5 yrs)
349,N255WN,BOEING,B737-700,2000.0,Narrow-Body,Modern (6–15 yrs)
350,N717SA,EMBRAER,ERJ-145,2004.0,Regional,New (0–5 yrs)
351,N793SA,BOMBARDIER,CRJ-200,1997.0,Regional,Modern (6–15 yrs)
352,N332SW,BOEING,B737-300,1991.0,Narrow-Body,Mature (16–25 yrs)
353,N716SW,BOEING,B737-300,1997.0,Narrow-Body,Modern (6–15 yrs)
354,N497WN,BOEING,B737-300,1997.0,Narrow-Body,Modern (6–15 yrs)
355,N612SW,BOEING,B737-500,1995.0,Narrow-Body,Modern (6–15 yrs)
356,N723SW,BOEING,B737-300,1989.0,Narrow-Body,Mature (16–25 yrs)
357,N251WN,BOEING,B737-500,1989.0,Narrow-Body,Mature (16–25 yrs)
358,N753SW,BOEING,B737-300,1995.0,Narrow-Body,Modern (6–15 yrs)
359,N788SA,BOMBARDIER,CRJ-200,2002.0,Regional,Modern (6–15 yrs)
360,N246LV,UNKNOWN,UNKNOWN,,Unknown,Unknown
361,N231WN,BOEING,B737-700,2008.0,Narrow-Body,New (0–5 yrs)
362,N746SW,BOEING,B737-300,1987.0,Narrow-Body,Mature (16–25 yrs)
363,N458WN,BOEING,B737-300,1993.0,Narrow-Body,Modern (6–15 yrs)
364,N274WN,BOEING,B737-700,2004.0,Narrow-Body,New (0–5 yrs)
365,N440LV,UNKNOWN,UNKNOWN,,Unknown,Unknown
366,N205WN,BOEING,B737-800,2012.0,Narrow-Body,New (0–5 yrs)
367,N754SW,BOEING,B737-700,2002.0,Narrow-Body,Modern (6–15 yrs)
368,N211WN,BOEING,B737-700,2001.0,Narrow-Body,Modern (6–15 yrs)
369,N900WN,BOEING,B737-700,2007.0,Narrow-Body,New (0–5 yrs)
370,N733SA,BOMBARDIER,CRJ-200,1997.0,Regional,Modern (6–15 yrs)
371,N209WN,BOEING,B737-300,1994.0,Narrow-Body,Modern (6–15 yrs)
372,N483WN,BOEING,B737-700,1999.0,Narrow-Body,Modern (6–15 yrs)
373,N495WN,BOEING,B737-300,1995.0,Narrow-Body,Modern (6–15 yrs)
374,N430WN,BOEING,B737-700,1999.0,Narrow-Body,Modern (6–15 yrs)
375,N420WN,BOEING,B737-800,2012.0,Narrow-Body,New (0–5 yrs)
376,N651SW,BOEING,B737-700,2004.0,Narrow-Body,New (0–5 yrs)
377,N551WN,BOEING,B737-800,2007.0,Narrow-Body,New (0–5 yrs)
378,N265WN,BOEING,B737-700,1998.0,Narrow-Body,Modern (6–15 yrs)
379,N729SW,BOEING,B737-500,1992.0,Narrow-Body,Mature (16–25 yrs)
380,N254WN,BOEING,B737-700,1998.0,Narrow-Body,Modern (6–15 yrs)
381,N478WN,BOEING,B737-700,2003.0,Narrow-Body,New (0–5 yrs)
382,N461WN,BOEING,B737-300,1991.0,Narrow-Body,Mature (16–25 yrs)
383,N652SW,BOEING,B737-300,1987.0,Narrow-Body,Mature (16–25 yrs)
384,N741SA,EMBRAER,ERJ-145,2005.0,Regional,New (0–5 yrs)
385,N278WN,BOEING,B737-500,1991.0,Narrow-Body,Mature (16–25 yrs)
386,N348SW,BOEING,B737-700,2001.0,Narrow-Body,Modern (6–15 yrs)
387,N330SW,BOEING,B737-700,2007.0,Narrow-Body,New (0–5 yrs)
388,N710SW,BOEING,B737-300,1991.0,Narrow-Body,Mature (16–25 yrs)
389,N433LV,UNKNOWN,UNKNOWN,,Unknown,Unknown
390,N432WN,BOEING,B737-500,1999.0,Narrow-Body,Modern (6–15 yrs)
391,N482WN,BOEING,B737-700,2008.0,Narrow-Body,New (0–5 yrs)
392,N308SA,BOMBARDIER,CRJ-200,1998.0,Regional,Modern (6–15 yrs)
393,N257WN,BOEING,B737-700,2006.0,Narrow-Body,New (0–5 yrs)
394,N606SW,BOEING,B737-300,1995.0,Narrow-Body,Modern (6–15 yrs)
395,N604SW,BOEING,B737-700,2002.0,Narrow-Body,Modern (6–15 yrs)
396,N771SA,EMBRAER,ERJ-145,2006.0,Regional,New (0–5 yrs)
397,N757LV,UNKNOWN,UNKNOWN,,Unknown,Unknown
398,N368SW,BOEING,B737-700,2008.0,Narrow-Body,New (0–5 yrs)
399,N781WN,BOEING,B737-700,2006.0,Narrow-Body,New (0–5 yrs)
400,N295WN,BOEING,B737-700,2008.0,Narrow-Body,New (0–5 yrs)
401,N664WN,BOEING,B737-800,2002.0,Narrow-Body,Modern (6–15 yrs)
402,N426WN,BOEING,B737-800,2006.0,Narrow-Body,New (0–5 yrs)
403,N413WN,BOEING,B737-500,1995.0,Narrow-Body,Modern (6–15 yrs)
404,N705SW,BOEING,B737-700,2003.0,Narrow-Body,New (0–5 yrs)
405,N601WN,BOEING,B737-300,1984.0,Narrow-Body,Mature (16–25 yrs)
406,N441WN,BOEING,B737-800,2003.0,Narrow-Body,New (0–5 yrs)
407,N656SW,BOEING,B737-700,2002.0,Narrow-Body,Modern (6–15 yrs)
408,N359SW,BOEING,B737-500,1991.0,Narrow-Body,Mature (16–25 yrs)
409,N795SW,BOEING,B737-300,1988.0,Narrow-Body,Mature (16–25 yrs)
410,N328SW,BOEING,B737-800,1998.0,Narrow-Body,Modern (6–15 yrs)
411,N423WN,BOEING,B737-700,2002.0,Narrow-Body,Modern (6–15 yrs)
412,N292WN,BOEING,B737-700,2001.0,Narrow-Body,Modern (6–15 yrs)
413,N214WN,BOEING,B737-300,1990.0,Narrow-Body,Mature (16–25 yrs)
414,N207WN,BOEING,B737-700,2000.0,Narrow-Body,Modern (6–15 yrs)
415,N474WN,BOEING,B737-700,2006.0,Narrow-Body,New (0–5 yrs)
416,N773SA,BOMBARDIER,CRJ-200,2006.0,Regional,New (0–5 yrs)
417,N270WN,BOEING,B737-700,2010.0,Narrow-Body,New (0–5 yrs)
418,N655WN,BOEING,B737-800,2009.0,Narrow-Body,New (0–5 yrs)
419,N336SW,BOEING,B737-700,2000.0,Narrow-Body,Modern (6–15 yrs)
420,N337SW,BOEING,B737-700,2010.0,Narrow-Body,New (0–5 yrs)
421,N782SA,BOMBARDIER,CRJ-200,1993.0,Regional,Modern (6–15 yrs)
422,N219WN,BOEING,B737-700,1998.0,Narrow-Body,Modern (6–15 yrs)
423,N744SW,BOEING,B737-500,1996.0,Narrow-Body,Modern (6–15 yrs)
424,N362SW,BOEING,B737-700,2004.0,Narrow-Body,New (0–5 yrs)
425,N673AA,AIRBUS,A320-200,1990.0,Narrow-Body,Mature (16–25 yrs)
426,N797MX,UNKNOWN,UNKNOWN,,Unknown,Unknown
427,N630WN,BOEING,B737-500,2000.0,Narrow-Body,Modern (6–15 yrs)
428,N633SW,BOEING,B737-700,2010.0,Narrow-Body,New (0–5 yrs)
429,N345SA,EMBRAER,ERJ-145,2003.0,Regional,New (0–5 yrs)
430,N645SW,BOEING,B737-300,1988.0,Narrow-Body,Mature (16–25 yrs)
431,N749SW,BOEING,B737-700,1997.0,Narrow-Body,Modern (6–15 yrs)
432,N237WN,BOEING,B737-700,2009.0,Narrow-Body,New (0–5 yrs)
433,N649SW,BOEING,B737-700,2010.0,Narrow-Body,New (0–5 yrs)
434,N755SA,BOMBARDIER,CRJ-200,1995.0,Regional,Modern (6–15 yrs)
435,N796SW,BOEING,B737-700,2002.0,Narrow-Body,Modern (6–15 yrs)
436,N686SW,BOEING,B737-300,1987.0,Narrow-Body,Mature (16–25 yrs)
437,N344SW,BOEING,B737-700,2004.0,Narrow-Body,New (0–5 yrs)
438,N762SW,BOEING,B737-800,2004.0,Narrow-Body,New (0–5 yrs)
439,N635SW,BOEING,B737-300,1997.0,Narrow-Body,Modern (6–15 yrs)
440,N421LV,UNKNOWN,UNKNOWN,,Unknown,Unknown
441,N363SW,BOEING,B737-500,2000.0,Narrow-Body,Modern (6–15 yrs)
442,N614SW,BOEING,B737-300,1984.0,Narrow-Body,Mature (16–25 yrs)
443,N665WN,BOEING,B737-700,2007.0,Narrow-Body,New (0–5 yrs)
444,N759GS,UNKNOWN,UNKNOWN,,Unknown,Unknown
445,N789SW,BOEING,B737-700,2006.0,Narrow-Body,New (0–5 yrs)
446,N770SA,BOMBARDIER,CRJ-200,2003.0,Regional,New (0–5 yrs)
447,N519SW,BOEING,B737-700,2007.0,Narrow-Body,New (0–5 yrs)
448,N323SW,BOEING,B737-300,1998.0,Narrow-Body,Modern (6–15 yrs)
449,N343SW,BOEING,B737-700,2000.0,Narrow-Body,Modern (6–15 yrs)
450,N735SA,BOMBARDIER,CRJ-200,1998.0,Regional,Modern (6–15 yrs)
451,N607SW,BOEING,B737-700,1997.0,Narrow-Body,Modern (6–15 yrs)
452,N498WN,BOEING,B737-700,2004.0,Narrow-Body,New (0–5 yrs)
453,N260WN,BOEING,B737-700,1997.0,Narrow-Body,Modern (6–15 yrs)
454,N287WN,BOEING,B737-800,2007.0,Narrow-Body,New (0–5 yrs)
455,N398SW,BOEING,B737-300,1994.0,Narrow-Body,Modern (6–15 yrs)
456,N769SW,BOEING,B737-800,2005.0,Narrow-Body,New (0–5 yrs)
457,N453WN,BOEING,B737-800,2003.0,Narrow-Body,New (0–5 yrs)
458,N250WN,BOEING,B737-500,1997.0,Narrow-Body,Modern (6–15 yrs)
459,N783SW,BOEING,B737-500,1996.0,Narrow-Body,Modern (6–15 yrs)
460,N327SW,BOEING,B737-500,1995.0,Narrow-Body,Modern (6–15 yrs)
461,N389SW,BOEING,B737-300,1998.0,Narrow-Body,Modern (6–15 yrs)
462,N320SW,BOEING,B737-300,1994.0,Narrow-Body,Modern (6–15 yrs)
463,N380SW,BOEING,B737-700,2001.0,Narrow-Body,Modern (6–15 yrs)
464,N371SW,BOEING,B737-700,2004.0,Narrow-Body,New (0–5 yrs)
465,N701GS,UNKNOWN,UNKNOWN,,Unknown,Unknown
466,N675AA,BOEING,B757-200,2004.0,Narrow-Body,New (0–5 yrs)
467,N698SW,BOEING,B737-500,1995.0,Narrow-Body,Modern (6–15 yrs)
468,N653SW,BOEING,B737-700,1998.0,Narrow-Body,Modern (6–15 yrs)
469,N289CT,UNKNOWN,UNKNOWN,,Unknown,Unknown
470,N284WN,BOEING,B737-800,2010.0,Narrow-Body,New (0–5 yrs)
471,N367SW,BOEING,B737-700,2006.0,Narrow-Body,New (0–5 yrs)
472,N680AA,BOEING,B777-200,2003.0,Wide-Body,New (0–5 yrs)
473,N685SW,BOEING,B737-700,2009.0,Narrow-Body,New (0–5 yrs)
474,N719SW,BOEING,B737-300,1985.0,Narrow-Body,Mature (16–25 yrs)
475,N688SW,BOEING,B737-300,1989.0,Narrow-Body,Mature (16–25 yrs)
476,N360SW,BOEING,B737-300,1992.0,Narrow-Body,Mature (16–25 yrs)
477,N382SW,BOEING,B737-700,1997.0,Narrow-Body,Modern (6–15 yrs)
478,N234WN,BOEING,B737-700,2009.0,Narrow-Body,New (0–5 yrs)
479,N397SW,BOEING,B737-500,1993.0,Narrow-Body,Modern (6–15 yrs)
480,N510SW,BOEING,B737-800,2012.0,Narrow-Body,New (0–5 yrs)
481,N358SW,BOEING,B737-700,2007.0,Narrow-Body,New (0–5 yrs)
482,N477WN,BOEING,B737-500,1993.0,Narrow-Body,Modern (6–15 yrs)
483,N748SW,BOEING,B737-300,1998.0,Narrow-Body,Modern (6–15 yrs)
484,N624SW,BOEING,B737-500,1999.0,Narrow-Body,Modern (6–15 yrs)
485,N210WN,BOEING,B737-700,2009.0,Narrow-Body,New (0–5 yrs)
486,N515SW,BOEING,B737-700,2000.0,Narrow-Body,Modern (6–15 yrs)
487,N329SW,BOEING,B737-700,2005.0,Narrow-Body,New (0–5 yrs)
488,N349SW,BOEING,B737-500,1999.0,Narrow-Body,Modern (6–15 yrs)
489,N493WN,BOEING,B737-500,1991.0,Narrow-Body,Mature (16–25 yrs)
490,N233LV,UNKNOWN,UNKNOWN,,Unknown,Unknown
491,N452WN,BOEING,B737-300,1989.0,Narrow-Body,Mature (16–25 yrs)
492,N700GS,UNKNOWN,UNKNOWN,,Unknown,Unknown
493,N644SW,BOEING,B737-500,1999.0,Narrow-Body,Modern (6–15 yrs)
494,N611SW,BOEING,B737-700,2000.0,Narrow-Body,Modern (6–15 yrs)
495,N736SA,BOMBARDIER,CRJ-200,2003.0,Regional,New (0–5 yrs)
496,N296WN,BOEING,B737-700,2009.0,Narrow-Body,New (0–5 yrs)
497,N641SW,BOEING,B737-800,2005.0,Narrow-Body,New (0–5 yrs)
498,N505SW,BOEING,B737-700,2000.0,Narrow-Body,Modern (6–15 yrs)
499,N261WN,BOEING,B737-800,2010.0,Narrow-Body,New (0–5 yrs)
500,N307SW,BOEING,B737-700,2003.0,Narrow-Body,New (0–5 yrs)
501,N508SW,BOEING,B737-700,1999.0,Narrow-Body,Modern (6–15 yrs)
502,N375SW,BOEING,B737-300,1990.0,Narrow-Body,Mature (16–25 yrs)
503,N670SW,BOEING,B737-800,2007.0,Narrow-Body,New (0–5 yrs)
504,N373SW,BOEING,B737-700,2010.0,Narrow-Body,New (0–5 yrs)
505,N703SW,BOEING,B737-300,1990.0,Narrow-Body,Mature (16–25 yrs)
506,N903WN,BOEING,B737-800,2009.0,Narrow-Body,New (0–5 yrs)
507,N616SW,BOEING,B737-300,1985.0,Narrow-Body,Mature (16–25 yrs)
508,N317WN,BOEING,B737-500,1995.0,Narrow-Body,Modern (6–15 yrs)
509,N372SW,BOEING,B737-700,1997.0,Narrow-Body,Modern (6–15 yrs)
510,N904WN,BOEING,B737-700,2008.0,Narrow-Body,New (0–5 yrs)
511,N760SW,BOEING,B737-300,1989.0,Narrow-Body,Mature (16–25 yrs)
512,N300SW,BOEING,B737-300,1994.0,Narrow-Body,Modern (6–15 yrs)
513,N620SW,BOEING,B737-300,1990.0,Narrow-Body,Mature (16–25 yrs)
514,N905WN,BOEING,B737-700,2003.0,Narrow-Body,New (0–5 yrs)
515,N316SW,BOEING,B737-500,1991.0,Narrow-Body,Mature (16–25 yrs)
516,N906,UNKNOWN,UNKNOWN,,Unknown,Unknown
517,N691WN,BOEING,B737-700,2000.0,Narrow-Body,Modern (6–15 yrs)
518,N13538,UNKNOWN,UNKNOWN,,Unknown,Unknown
519,N12157,UNKNOWN,UNKNOWN,,Unknown,Unknown
520,N14953,UNKNOWN,UNKNOWN,,Unknown,Unknown
521,N12967,UNKNOWN,UNKNOWN,,Unknown,Unknown
522,N18114,UNKNOWN,UNKNOWN,,Unknown,Unknown
523,N12921,UNKNOWN,UNKNOWN,,Unknown,Unknown
524,N12564,UNKNOWN,UNKNOWN,,Unknown,Unknown
525,N24103,UNKNOWN,UNKNOWN,,Unknown,Unknown
526,N12900,UNKNOWN,UNKNOWN,,Unknown,Unknown
527,N13914,UNKNOWN,UNKNOWN,,Unknown,Unknown
528,N21129,UNKNOWN,UNKNOWN,,Unknown,Unknown
529,N16541,UNKNOWN,UNKNOWN,,Unknown,Unknown
530,N11109,UNKNOWN,UNKNOWN,,Unknown,Unknown
531,N13955,UNKNOWN,UNKNOWN,,Unknown,Unknown
532,N14950,UNKNOWN,UNKNOWN,,Unknown,Unknown
533,N12996,UNKNOWN,UNKNOWN,,Unknown,Unknown
534,N14514,UNKNOWN,UNKNOWN,,Unknown,Unknown
535,N17146,UNKNOWN,UNKNOWN,,Unknown,Unknown
536,N12166,UNKNOWN,UNKNOWN,,Unknown,Unknown
537,N16178,UNKNOWN,UNKNOWN,,Unknown,Unknown
538,N14204,UNKNOWN,UNKNOWN,,Unknown,Unknown
539,N11193,UNKNOWN,UNKNOWN,,Unknown,Unknown
540,N11194,UNKNOWN,UNKNOWN,,Unknown,Unknown
541,N14188,UNKNOWN,UNKNOWN,,Unknown,Unknown
542,N12163,UNKNOWN,UNKNOWN,,Unknown,Unknown
543,N14562,UNKNOWN,UNKNOWN,,Unknown,Unknown
544,N27190,UNKNOWN,UNKNOWN,,Unknown,Unknown
545,N14198,UNKNOWN,UNKNOWN,,Unknown,Unknown
546,N12552,UNKNOWN,UNKNOWN,,Unknown,Unknown
547,N27200,UNKNOWN,UNKNOWN,,Unknown,Unknown
548,N11191,UNKNOWN,UNKNOWN,,Unknown,Unknown
549,N18557,UNKNOWN,UNKNOWN,,Unknown,Unknown
550,N16546,UNKNOWN,UNKNOWN,,Unknown,Unknown
551,N11187,UNKNOWN,UNKNOWN,,Unknown,Unknown
552,N14162,UNKNOWN,UNKNOWN,,Unknown,Unknown
553,N14203,UNKNOWN,UNKNOWN,,Unknown,Unknown
554,N16561,UNKNOWN,UNKNOWN,,Unknown,Unknown
555,N13550,UNKNOWN,UNKNOWN,,Unknown,Unknown
556,N11551,UNKNOWN,UNKNOWN,,Unknown,Unknown
557,N12195,UNKNOWN,UNKNOWN,,Unknown,Unknown
558,N12175,UNKNOWN,UNKNOWN,,Unknown,Unknown
559,N17196,UNKNOWN,UNKNOWN,,Unknown,Unknown
560,N11547,UNKNOWN,UNKNOWN,,Unknown,Unknown
561,N17560,UNKNOWN,UNKNOWN,,Unknown,Unknown
562,N12201,UNKNOWN,UNKNOWN,,Unknown,Unknown
563,N13161,UNKNOWN,UNKNOWN,,Unknown,Unknown
564,N16559,UNKNOWN,UNKNOWN,,Unknown,Unknown
565,N14907,UNKNOWN,UNKNOWN,,Unknown,Unknown
566,N11544,UNKNOWN,UNKNOWN,,Unknown,Unknown
567,N15555,UNKNOWN,UNKNOWN,,Unknown,Unknown
568,N14186,UNKNOWN,UNKNOWN,,Unknown,Unknown
569,N11164,UNKNOWN,UNKNOWN,,Unknown,Unknown
570,N11192,UNKNOWN,UNKNOWN,,Unknown,Unknown
571,N11199,UNKNOWN,UNKNOWN,,Unknown,Unknown
572,N21197,UNKNOWN,UNKNOWN,,Unknown,Unknown
573,N14568,UNKNOWN,UNKNOWN,,Unknown,Unknown
574,N19554,UNKNOWN,UNKNOWN,,Unknown,Unknown
575,N13553,UNKNOWN,UNKNOWN,,Unknown,Unknown
576,N26549,UNKNOWN,UNKNOWN,,Unknown,Unknown
577,N18556,UNKNOWN,UNKNOWN,,Unknown,Unknown
578,N11189,UNKNOWN,UNKNOWN,,Unknown,Unknown
579,N12563,UNKNOWN,UNKNOWN,,Unknown,Unknown
580,N33182,UNKNOWN,UNKNOWN,,Unknown,Unknown
581,N11176,UNKNOWN,UNKNOWN,,Unknown,Unknown
582,N12167,UNKNOWN,UNKNOWN,,Unknown,Unknown
583,N16170,UNKNOWN,UNKNOWN,,Unknown,Unknown
584,N14177,UNKNOWN,UNKNOWN,,Unknown,Unknown
585,N14180,UNKNOWN,UNKNOWN,,Unknown,Unknown
586,N14171,UNKNOWN,UNKNOWN,,Unknown,Unknown
587,N12172,UNKNOWN,UNKNOWN,,Unknown,Unknown
588,N11181,UNKNOWN,UNKNOWN,,Unknown,Unknown
589,N11184,UNKNOWN,UNKNOWN,,Unknown,Unknown
590,N12569,UNKNOWN,UNKNOWN,,Unknown,Unknown
591,N14173,UNKNOWN,UNKNOWN,,Unknown,Unknown
592,N17169,UNKNOWN,UNKNOWN,,Unknown,Unknown
593,N16183,UNKNOWN,UNKNOWN,,Unknown,Unknown
594,N14179,UNKNOWN,UNKNOWN,,Unknown,Unknown
595,N13908,UNKNOWN,UNKNOWN,,Unknown,Unknown
596,N10575,UNKNOWN,UNKNOWN,,Unknown,Unknown
597,N22909,UNKNOWN,UNKNOWN,,Unknown,Unknown
598,N14570,UNKNOWN,UNKNOWN,,Unknown,Unknown
599,N11165,UNKNOWN,UNKNOWN,,Unknown,Unknown
600,N14168,UNKNOWN,UNKNOWN,,Unknown,Unknown
601,N34111,UNKNOWN,UNKNOWN,,Unknown,Unknown
602,N21154,UNKNOWN,UNKNOWN,,Unknown,Unknown
603,N13958,UNKNOWN,UNKNOWN,,Unknown,Unknown
604,N12924,UNKNOWN,UNKNOWN,,Unknown,Unknown
605,N15910,UNKNOWN,UNKNOWN,,Unknown,Unknown
606,N14943,UNKNOWN,UNKNOWN,,Unknown,Unknown
607,N18982,UNKNOWN,UNKNOWN,,Unknown,Unknown
608,N15509,UNKNOWN,UNKNOWN,,Unknown,Unknown
609,N13989,UNKNOWN,UNKNOWN,,Unknown,Unknown
610,N12530,UNKNOWN,UNKNOWN,,Unknown,Unknown
611,N13903,UNKNOWN,UNKNOWN,,Unknown,Unknown
612,N14902,UNKNOWN,UNKNOWN,,Unknown,Unknown
613,N31131,UNKNOWN,UNKNOWN,,Unknown,Unknown
614,N14923,UNKNOWN,UNKNOWN,,Unknown,Unknown
615,N27152,UNKNOWN,UNKNOWN,,Unknown,Unknown
616,N15985,UNKNOWN,UNKNOWN,,Unknown,Unknown
617,N13935,UNKNOWN,UNKNOWN,,Unknown,Unknown
618,N14573,UNKNOWN,UNKNOWN,,Unknown,Unknown
619,N13975,UNKNOWN,UNKNOWN,,Unknown,Unknown
620,N13969,UNKNOWN,UNKNOWN,,Unknown,Unknown
621,N14977,UNKNOWN,UNKNOWN,,Unknown,Unknown
622,N11119,UNKNOWN,UNKNOWN,,Unknown,Unknown
623,N14148,UNKNOWN,UNKNOWN,,Unknown,Unknown
624,N11565,UNKNOWN,UNKNOWN,,Unknown,Unknown
625,N14543,UNKNOWN,UNKNOWN,,Unknown,Unknown
626,N15941,UNKNOWN,UNKNOWN,,Unknown,Unknown
627,N16999,UNKNOWN,UNKNOWN,,Unknown,Unknown
628,N14939,UNKNOWN,UNKNOWN,,Unknown,Unknown
629,N13936,UNKNOWN,UNKNOWN,,Unknown,Unknown
630,N16919,UNKNOWN,UNKNOWN,,Unknown,Unknown
631,N14916,UNKNOWN,UNKNOWN,,Unknown,Unknown
632,N16918,UNKNOWN,UNKNOWN,,Unknown,Unknown
633,N13913,UNKNOWN,UNKNOWN,,Unknown,Unknown
634,N14959,UNKNOWN,UNKNOWN,,Unknown,Unknown
635,N29917,UNKNOWN,UNKNOWN,,Unknown,Unknown
636,N14952,UNKNOWN,UNKNOWN,,Unknown,Unknown
637,N15980,UNKNOWN,UNKNOWN,,Unknown,Unknown
638,N15926,UNKNOWN,UNKNOWN,,Unknown,Unknown
639,N14974,UNKNOWN,UNKNOWN,,Unknown,Unknown
640,N36915,UNKNOWN,UNKNOWN,,Unknown,Unknown
641,N14925,UNKNOWN,UNKNOWN,,Unknown,Unknown
642,N11526,UNKNOWN,UNKNOWN,,Unknown,Unknown
643,N48901,UNKNOWN,UNKNOWN,,Unknown,Unknown
644,N17138,UNKNOWN,UNKNOWN,,Unknown,Unknown
645,N17928,UNKNOWN,UNKNOWN,,Unknown,Unknown
646,N14143,UNKNOWN,UNKNOWN,,Unknown,Unknown
647,N11127,UNKNOWN,UNKNOWN,,Unknown,Unknown
648,N25134,UNKNOWN,UNKNOWN,,Unknown,Unknown
649,N14940,UNKNOWN,UNKNOWN,,Unknown,Unknown
650,N14998,UNKNOWN,UNKNOWN,,Unknown,Unknown
651,N16511,UNKNOWN,UNKNOWN,,Unknown,Unknown
652,N12142,UNKNOWN,UNKNOWN,,Unknown,Unknown
653,N14174,UNKNOWN,UNKNOWN,,Unknown,Unknown
654,N14116,UNKNOWN,UNKNOWN,,Unknown,Unknown
655,N26141,UNKNOWN,UNKNOWN,,Unknown,Unknown
656,N28529,UNKNOWN,UNKNOWN,,Unknown,Unknown
657,N14904,UNKNOWN,UNKNOWN,,Unknown,Unknown
658,N11536,UNKNOWN,UNKNOWN,,Unknown,Unknown
659,N13956,UNKNOWN,UNKNOWN,,Unknown,Unknown
660,N12122,UNKNOWN,UNKNOWN,,Unknown,Unknown
661,N16961,UNKNOWN,UNKNOWN,,Unknown,Unknown
662,N10156,UNKNOWN,UNKNOWN,,Unknown,Unknown
663,N11548,UNKNOWN,UNKNOWN,,Unknown,Unknown
664,N15986,UNKNOWN,UNKNOWN,,Unknown,Unknown
665,N13929,UNKNOWN,UNKNOWN,,Unknown,Unknown
666,N13994,UNKNOWN,UNKNOWN,,Unknown,Unknown
667,N13566,UNKNOWN,UNKNOWN,,Unknown,Unknown
668,N13968,UNKNOWN,UNKNOWN,,Unknown,Unknown
669,N28518,UNKNOWN,UNKNOWN,,Unknown,Unknown
670,N16987,UNKNOWN,UNKNOWN,,Unknown,Unknown
671,N14933,UNKNOWN,UNKNOWN,,Unknown,Unknown
672,N11137,UNKNOWN,UNKNOWN,,Unknown,Unknown
673,N14542,UNKNOWN,UNKNOWN,,Unknown,Unknown
674,N16963,UNKNOWN,UNKNOWN,,Unknown,Unknown
675,N15948,UNKNOWN,UNKNOWN,,Unknown,Unknown
676,N15572,UNKNOWN,UNKNOWN,,Unknown,Unknown
677,N12946,UNKNOWN,UNKNOWN,,Unknown,Unknown
678,N12145,UNKNOWN,UNKNOWN,,Unknown,Unknown
679,N21537,UNKNOWN,UNKNOWN,,Unknown,Unknown
680,N11150,UNKNOWN,UNKNOWN,,Unknown,Unknown
681,N17524,UNKNOWN,UNKNOWN,,Unknown,Unknown
682,N14942,UNKNOWN,UNKNOWN,,Unknown,Unknown
683,N23139,UNKNOWN,UNKNOWN,,Unknown,Unknown
684,N13123,UNKNOWN,UNKNOWN,,Unknown,Unknown
685,N14938,UNKNOWN,UNKNOWN,,Unknown,Unknown
686,N15527,UNKNOWN,UNKNOWN,,Unknown,Unknown
687,N13979,UNKNOWN,UNKNOWN,,Unknown,Unknown
688,N14522,UNKNOWN,UNKNOWN,,Unknown,Unknown
689,N17521,UNKNOWN,UNKNOWN,,Unknown,Unknown
690,N12135,UNKNOWN,UNKNOWN,,Unknown,Unknown
691,N27506,UNKNOWN,UNKNOWN,,Unknown,Unknown
692,N13124,UNKNOWN,UNKNOWN,,Unknown,Unknown
693,N12922,UNKNOWN,UNKNOWN,,Unknown,Unknown
694,N25504,UNKNOWN,UNKNOWN,,Unknown,Unknown
695,N14508,UNKNOWN,UNKNOWN,,Unknown,Unknown
696,N13992,UNKNOWN,UNKNOWN,,Unknown,Unknown
697,N19966,UNKNOWN,UNKNOWN,,Unknown,Unknown
698,N13997,UNKNOWN,UNKNOWN,,Unknown,Unknown
699,N16927,UNKNOWN,UNKNOWN,,Unknown,Unknown
700,N17159,UNKNOWN,UNKNOWN,,Unknown,Unknown
701,N16944,UNKNOWN,UNKNOWN,,Unknown,Unknown
702,N14158,UNKNOWN,UNKNOWN,,Unknown,Unknown
703,N13970,UNKNOWN,UNKNOWN,,Unknown,Unknown
704,N12540,UNKNOWN,UNKNOWN,,Unknown,Unknown
705,N12934,UNKNOWN,UNKNOWN,,Unknown,Unknown
706,N14937,UNKNOWN,UNKNOWN,,Unknown,Unknown
707,N14505,UNKNOWN,UNKNOWN,,Unknown,Unknown
708,N16501,UNKNOWN,UNKNOWN,,Unknown,Unknown
709,N24128,UNKNOWN,UNKNOWN,,Unknown,Unknown
710,N41104,UNKNOWN,UNKNOWN,,Unknown,Unknown
711,N14947,UNKNOWN,UNKNOWN,,Unknown,Unknown
712,N15932,UNKNOWN,UNKNOWN,,Unknown,Unknown
713,N16147,UNKNOWN,UNKNOWN,,Unknown,Unknown
714,N14972,UNKNOWN,UNKNOWN,,Unknown,Unknown
715,N16112,UNKNOWN,UNKNOWN,,Unknown,Unknown
716,N16510,UNKNOWN,UNKNOWN,,Unknown,Unknown
717,N14117,UNKNOWN,UNKNOWN,,Unknown,Unknown
718,N17984,UNKNOWN,UNKNOWN,,Unknown,Unknown
719,N13133,UNKNOWN,UNKNOWN,,Unknown,Unknown
720,N16976,UNKNOWN,UNKNOWN,,Unknown,Unknown
721,N16911,UNKNOWN,UNKNOWN,,Unknown,Unknown
722,N16981,UNKNOWN,UNKNOWN,,Unknown,Unknown
723,N14991,UNKNOWN,UNKNOWN,,Unknown,Unknown
724,N18120,UNKNOWN,UNKNOWN,,Unknown,Unknown
725,N17115,UNKNOWN,UNKNOWN,,Unknown,Unknown
726,N14920,UNKNOWN,UNKNOWN,,Unknown,Unknown
727,N18102,UNKNOWN,UNKNOWN,,Unknown,Unknown
728,N17513,UNKNOWN,UNKNOWN,,Unknown,Unknown
729,N17507,UNKNOWN,UNKNOWN,,Unknown,Unknown
730,N13990,UNKNOWN,UNKNOWN,,Unknown,Unknown
731,N16149,UNKNOWN,UNKNOWN,,Unknown,Unknown
732,N18101,UNKNOWN,UNKNOWN,,Unknown,Unknown
733,N11121,UNKNOWN,UNKNOWN,,Unknown,Unknown
734,N15983,UNKNOWN,UNKNOWN,,Unknown,Unknown
735,N16502,UNKNOWN,UNKNOWN,,Unknown,Unknown
736,N27512,UNKNOWN,UNKNOWN,,Unknown,Unknown
737,N13132,UNKNOWN,UNKNOWN,,Unknown,Unknown
738,N12519,UNKNOWN,UNKNOWN,,Unknown,Unknown
739,N14516,UNKNOWN,UNKNOWN,,Unknown,Unknown
740,N21130,UNKNOWN,UNKNOWN,,Unknown,Unknown
741,N17108,UNKNOWN,UNKNOWN,,Unknown,Unknown
742,N13964,UNKNOWN,UNKNOWN,,Unknown,Unknown
743,N14930,UNKNOWN,UNKNOWN,,Unknown,Unknown
744,N11539,UNKNOWN,UNKNOWN,,Unknown,Unknown
745,N14960,UNKNOWN,UNKNOWN,,Unknown,Unknown
746,N34110,UNKNOWN,UNKNOWN,,Unknown,Unknown
747,N16954,UNKNOWN,UNKNOWN,,Unknown,Unknown
748,N16151,UNKNOWN,UNKNOWN,,Unknown,Unknown
749,N11140,UNKNOWN,UNKNOWN,,Unknown,Unknown
750,N11106,UNKNOWN,UNKNOWN,,Unknown,Unknown
751,N12567,UNKNOWN,UNKNOWN,,Unknown,Unknown
752,N13978,UNKNOWN,UNKNOWN,,Unknown,Unknown
753,N26545,UNKNOWN,UNKNOWN,,Unknown,Unknown
754,N29515,UNKNOWN,UNKNOWN,,Unknown,Unknown
755,N29906,UNKNOWN,UNKNOWN,,Unknown,Unknown
756,N14905,UNKNOWN,UNKNOWN,,Unknown,Unknown
757,N12528,UNKNOWN,UNKNOWN,,Unknown,Unknown
758,N11107,UNKNOWN,UNKNOWN,,Unknown,Unknown
759,N13965,UNKNOWN,UNKNOWN,,Unknown,Unknown
760,N14105,UNKNOWN,UNKNOWN,,Unknown,Unknown
761,N15574,UNKNOWN,UNKNOWN,,Unknown,Unknown
762,N19503,UNKNOWN,UNKNOWN,,Unknown,Unknown
763,N15973,UNKNOWN,UNKNOWN,,Unknown,Unknown
764,N13988,UNKNOWN,UNKNOWN,,Unknown,Unknown
765,N16951,UNKNOWN,UNKNOWN,,Unknown,Unknown
766,N24517,UNKNOWN,UNKNOWN,,Unknown,Unknown
767,N14153,UNKNOWN,UNKNOWN,,Unknown,Unknown
768,N15912,UNKNOWN,UNKNOWN,,Unknown,Unknown
769,N12160,UNKNOWN,UNKNOWN,,Unknown,Unknown
770,N13949,UNKNOWN,UNKNOWN,,Unknown,Unknown
771,N13118,UNKNOWN,UNKNOWN,,Unknown,Unknown
772,N12136,UNKNOWN,UNKNOWN,,Unknown,Unknown
773,N14993,UNKNOWN,UNKNOWN,,Unknown,Unknown
774,N11535,UNKNOWN,UNKNOWN,,Unknown,Unknown
775,N27962,UNKNOWN,UNKNOWN,,Unknown,Unknown
776,N12126,UNKNOWN,UNKNOWN,,Unknown,Unknown
777,N12957,UNKNOWN,UNKNOWN,,Unknown,Unknown
778,N11155,UNKNOWN,UNKNOWN,,Unknown,Unknown
779,N16520,UNKNOWN,UNKNOWN,,Unknown,Unknown
780,N27523,UNKNOWN,UNKNOWN,,Unknown,Unknown
781,N16571,UNKNOWN,UNKNOWN,,Unknown,Unknown
782,N16525,UNKNOWN,UNKNOWN,,Unknown,Unknown
783,N13995,UNKNOWN,UNKNOWN,,Unknown,Unknown
784,N14945,UNKNOWN,UNKNOWN,,Unknown,Unknown
785,N21144,UNKNOWN,UNKNOWN,,Unknown,Unknown
786,N11113,UNKNOWN,UNKNOWN,,Unknown,Unknown
787,N22971,UNKNOWN,UNKNOWN,,Unknown,Unknown
788,N14125,UNKNOWN,UNKNOWN,,Unknown,Unknown
789,N508MJ,UNKNOWN,UNKNOWN,,Unknown,Unknown
790,N650ML,UNKNOWN,UNKNOWN,,Unknown,Unknown
791,N455YV,BOMBARDIER,CRJ-200,1998.0,Regional,Modern (6–15 yrs)
792,N434YV,BOMBARDIER,CRJ-200,1998.0,Regional,Modern (6–15 yrs)
793,N988HA,BOEING,B717-200,2005.0,Narrow-Body,New (0–5 yrs)
794,N75998,UNKNOWN,UNKNOWN,,Unknown,Unknown
795,N511MJ,UNKNOWN,UNKNOWN,,Unknown,Unknown
796,N509MJ,UNKNOWN,UNKNOWN,,Unknown,Unknown
797,N512MJ,UNKNOWN,UNKNOWN,,Unknown,Unknown
798,N27173,UNKNOWN,UNKNOWN,,Unknown,Unknown
799,N37342,UNKNOWN,UNKNOWN,,Unknown,Unknown
800,N75991,UNKNOWN,UNKNOWN,,Unknown,Unknown
801,N914FJ,EMBRAER,ERJ-145,1998.0,Regional,Modern (6–15 yrs)
802,N570ML,UNKNOWN,UNKNOWN,,Unknown,Unknown
803,N17175,UNKNOWN,UNKNOWN,,Unknown,Unknown
804,N507MJ,UNKNOWN,UNKNOWN,,Unknown,Unknown
805,N516LR,BOEING,B737-700,2003.0,Narrow-Body,New (0–5 yrs)
806,N521LR,BOEING,B737-700,2004.0,Narrow-Body,New (0–5 yrs)
807,N37208,UNKNOWN,UNKNOWN,,Unknown,Unknown
808,N77181,UNKNOWN,UNKNOWN,,Unknown,Unknown
809,N77278,UNKNOWN,UNKNOWN,,Unknown,Unknown
810,N27318,UNKNOWN,UNKNOWN,,Unknown,Unknown
811,N513MJ,UNKNOWN,UNKNOWN,,Unknown,Unknown
812,N518LR,BOEING,B737-800,2009.0,Narrow-Body,New (0–5 yrs)
813,N934FJ,BOMBARDIER,CRJ-200,1995.0,Regional,Modern (6–15 yrs)
814,N77331,UNKNOWN,UNKNOWN,,Unknown,Unknown
815,N930LR,BOEING,B737-700,2001.0,Narrow-Body,Modern (6–15 yrs)
816,N939LR,BOEING,B737-700,2009.0,Narrow-Body,New (0–5 yrs)
817,N910FJ,BOMBARDIER,CRJ-200,2002.0,Regional,Modern (6–15 yrs)
818,N938LR,BOEING,B737-700,2000.0,Narrow-Body,Modern (6–15 yrs)
819,N906FJ,BOMBARDIER,CRJ-200,2005.0,Regional,New (0–5 yrs)
820,N921FJ,BOMBARDIER,CRJ-200,2004.0,Regional,New (0–5 yrs)
821,N942LR,BOEING,B737-700,2006.0,Narrow-Body,New (0–5 yrs)
822,N503MJ,UNKNOWN,UNKNOWN,,Unknown,Unknown
823,N447YV,BOMBARDIER,CRJ-200,1996.0,Regional,Modern (6–15 yrs)
824,N506MJ,UNKNOWN,UNKNOWN,,Unknown,Unknown
825,N515MJ,UNKNOWN,UNKNOWN,,Unknown,Unknown
826,N446YV,EMBRAER,ERJ-145,1996.0,Regional,Modern (6–15 yrs)
827,N437YV,BOMBARDIER,CRJ-200,2005.0,Regional,New (0–5 yrs)
828,N27314,UNKNOWN,UNKNOWN,,Unknown,Unknown
829,N75993,UNKNOWN,UNKNOWN,,Unknown,Unknown
830,N593ML,UNKNOWN,UNKNOWN,,Unknown,Unknown
831,N905FJ,BOMBARDIER,CRJ-200,1994.0,Regional,Modern (6–15 yrs)
832,N522LR,BOEING,B737-700,2006.0,Narrow-Body,New (0–5 yrs)
833,N646BR,EMBRAER,ERJ-170,2001.0,Regional,Modern (6–15 yrs)
834,N592ML,UNKNOWN,UNKNOWN,,Unknown,Unknown
835,N502MJ,UNKNOWN,UNKNOWN,,Unknown,Unknown
836,N17156,UNKNOWN,UNKNOWN,,Unknown,Unknown
837,N75987,UNKNOWN,UNKNOWN,,Unknown,Unknown
838,N87353,UNKNOWN,UNKNOWN,,Unknown,Unknown
839,N501MJ,UNKNOWN,UNKNOWN,,Unknown,Unknown
840,N77195,UNKNOWN,UNKNOWN,,Unknown,Unknown
841,N591ML,UNKNOWN,UNKNOWN,,Unknown,Unknown
842,N651BR,EMBRAER,ERJ-175,1997.0,Regional,Modern (6–15 yrs)
843,N77302,UNKNOWN,UNKNOWN,,Unknown,Unknown
844,N920FJ,EMBRAER,ERJ-145,2002.0,Regional,Modern (6–15 yrs)
845,N77260,UNKNOWN,UNKNOWN,,Unknown,Unknown
846,N935LR,BOEING,B737-700,2000.0,Narrow-Body,Modern (6–15 yrs)
847,N655BR,EMBRAER,ERJ-175,2004.0,Regional,New (0–5 yrs)
848,N75992,UNKNOWN,UNKNOWN,,Unknown,Unknown
849,N908FJ,BOMBARDIER,CRJ-200,2005.0,Regional,New (0–5 yrs)
850,N504MJ,UNKNOWN,UNKNOWN,,Unknown,Unknown
851,N909FJ,EMBRAER,ERJ-145,2004.0,Regional,New (0–5 yrs)
852,N27172,UNKNOWN,UNKNOWN,,Unknown,Unknown
853,N7305V,UNKNOWN,UNKNOWN,,Unknown,Unknown
854,N911FJ,BOMBARDIER,CRJ-200,1995.0,Regional,Modern (6–15 yrs)
855,N923FJ,BOMBARDIER,CRJ-200,2005.0,Regional,New (0–5 yrs)
856,N903FJ,EMBRAER,ERJ-145,2005.0,Regional,New (0–5 yrs)
857,N931LR,BOEING,B737-700,2010.0,Narrow-Body,New (0–5 yrs)
858,N912FJ,EMBRAER,ERJ-145,1996.0,Regional,Modern (6–15 yrs)
859,N449YV,EMBRAER,ERJ-145,1998.0,Regional,Modern (6–15 yrs)
860,N37178,UNKNOWN,UNKNOWN,,Unknown,Unknown
861,N17231,UNKNOWN,UNKNOWN,,Unknown,Unknown
862,N902FJ,EMBRAER,ERJ-145,1998.0,Regional,Modern (6–15 yrs)
863,N17358,UNKNOWN,UNKNOWN,,Unknown,Unknown
864,N987HA,BOEING,B717-200,2000.0,Narrow-Body,Modern (6–15 yrs)
865,N917FJ,BOMBARDIER,CRJ-200,2004.0,Regional,New (0–5 yrs)
866,N929LR,BOEING,B737-700,1998.0,Narrow-Body,Modern (6–15 yrs)
867,N75995,UNKNOWN,UNKNOWN,,Unknown,Unknown
868,N925FJ,BOMBARDIER,CRJ-200,1997.0,Regional,Modern (6–15 yrs)
869,N927LR,BOEING,B737-700,1997.0,Narrow-Body,Modern (6–15 yrs)
870,N75994,UNKNOWN,UNKNOWN,,Unknown,Unknown
871,N519LR,BOEING,B737-800,2010.0,Narrow-Body,New (0–5 yrs)
872,N514MJ,UNKNOWN,UNKNOWN,,Unknown,Unknown
873,N571ML,UNKNOWN,UNKNOWN,,Unknown,Unknown
874,N928LR,BOEING,B737-800,2008.0,Narrow-Body,New (0–5 yrs)
875,N933LR,BOEING,B737-700,1998.0,Narrow-Body,Modern (6–15 yrs)
876,N444YV,EMBRAER,ERJ-145,2005.0,Regional,New (0–5 yrs)
877,N17275,UNKNOWN,UNKNOWN,,Unknown,Unknown
878,N445YV,BOMBARDIER,CRJ-200,2003.0,Regional,New (0–5 yrs)
879,N649BR,EMBRAER,ERJ-175,1996.0,Regional,Modern (6–15 yrs)
880,N510MJ,UNKNOWN,UNKNOWN,,Unknown,Unknown
881,N505MJ,UNKNOWN,UNKNOWN,,Unknown,Unknown
882,N922FJ,BOMBARDIER,CRJ-200,2003.0,Regional,New (0–5 yrs)
883,N7264V,UNKNOWN,UNKNOWN,,Unknown,Unknown
884,N27191,UNKNOWN,UNKNOWN,,Unknown,Unknown
885,N77286,UNKNOWN,UNKNOWN,,Unknown,Unknown
886,N448YV,EMBRAER,ERJ-145,2001.0,Regional,Modern (6–15 yrs)
887,N932LR,BOEING,B737-700,2009.0,Narrow-Body,New (0–5 yrs)
888,N651ML,UNKNOWN,UNKNOWN,,Unknown,Unknown
889,N904FJ,EMBRAER,ERJ-145,1995.0,Regional,Modern (6–15 yrs)
890,N919FJ,EMBRAER,ERJ-145,1999.0,Regional,Modern (6–15 yrs)
891,N989HA,AIRBUS,A330-200,1999.0,Wide-Body,Modern (6–15 yrs)
892,N693BR,EMBRAER,ERJ-175,1999.0,Regional,Modern (6–15 yrs)
893,N916FJ,EMBRAER,ERJ-145,2001.0,Regional,Modern (6–15 yrs)
894,N17337,UNKNOWN,UNKNOWN,,Unknown,Unknown
895,N915FJ,BOMBARDIER,CRJ-200,2002.0,Regional,Modern (6–15 yrs)
896,N924FJ,EMBRAER,ERJ-145,1995.0,Regional,Modern (6–15 yrs)
897,N97325,UNKNOWN,UNKNOWN,,Unknown,Unknown
898,N7291Z,UNKNOWN,UNKNOWN,,Unknown,Unknown
899,N956LR,BOEING,B737-700,2001.0,Narrow-Body,Modern (6–15 yrs)
900,N454YV,EMBRAER,ERJ-145,2002.0,Regional,Modern (6–15 yrs)
901,N654BR,EMBRAER,ERJ-170,1995.0,Regional,Modern (6–15 yrs)
902,N47202,UNKNOWN,UNKNOWN,,Unknown,Unknown
903,N907FJ,BOMBARDIER,CRJ-200,2000.0,Regional,Modern (6–15 yrs)
904,N991HA,AIRBUS,A330-200,2010.0,Wide-Body,New (0–5 yrs)
905,N715SF,UNKNOWN,UNKNOWN,,Unknown,Unknown
906,N926LR,BOEING,B737-800,2001.0,Narrow-Body,Modern (6–15 yrs)
907,N456YV,EMBRAER,ERJ-145,2001.0,Regional,Modern (6–15 yrs)
908,N918FJ,EMBRAER,ERJ-145,1999.0,Regional,Modern (6–15 yrs)
909,N913FJ,EMBRAER,ERJ-145,2004.0,Regional,New (0–5 yrs)
910,N154SF,UNKNOWN,UNKNOWN,,Unknown,Unknown
911,N436YV,EMBRAER,ERJ-145,2001.0,Regional,Modern (6–15 yrs)
912,N27185,UNKNOWN,UNKNOWN,,Unknown,Unknown
913,N805LR,BOEING,B737-800,2000.0,Narrow-Body,Modern (6–15 yrs)
914,N941CA,BOEING,B737-800,2004.0,Narrow-Body,New (0–5 yrs)
915,N989CA,BOEING,B737-300,1984.0,Narrow-Body,Mature (16–25 yrs)
916,N999CA,BOEING,B737-800,2009.0,Narrow-Body,New (0–5 yrs)
917,N518CA,BOEING,B737-700,2010.0,Narrow-Body,New (0–5 yrs)
918,N729CA,BOEING,B767-200,1982.0,Wide-Body,Aging (26–35 yrs)
919,N679CA,BOEING,B737-700,1999.0,Narrow-Body,Modern (6–15 yrs)
920,N689CA,BOEING,B737-500,1997.0,Narrow-Body,Modern (6–15 yrs)
921,N786CA,BOEING,B777-200,1999.0,Wide-Body,Modern (6–15 yrs)
922,N940CA,BOEING,B737-500,1991.0,Narrow-Body,Mature (16–25 yrs)
923,N34CA,BOEING,B767-200,1993.0,Wide-Body,Modern (6–15 yrs)
924,N991CA,BOEING,B737-500,1999.0,Narrow-Body,Modern (6–15 yrs)
925,N956CA,BOEING,B737-800,2011.0,Narrow-Body,New (0–5 yrs)
926,N972CA,BOEING,B767-200,1990.0,Wide-Body,Mature (16–25 yrs)
927,N809CA,BOEING,B737-700,2002.0,Narrow-Body,Modern (6–15 yrs)
928,N591SW,BOEING,B737-700,2004.0,Narrow-Body,New (0–5 yrs)
929,N819CA,BOEING,B757-200,1994.0,Narrow-Body,Modern (6–15 yrs)
930,N641CA,BOEING,B737-800,2009.0,Narrow-Body,New (0–5 yrs)
931,N818CA,BOEING,B737-300,1996.0,Narrow-Body,Modern (6–15 yrs)
932,N821CA,BOEING,B767-200,1992.0,Wide-Body,Mature (16–25 yrs)
933,N798CA,BOEING,B757-200,1993.0,Narrow-Body,Modern (6–15 yrs)
934,N804CA,BOEING,B737-500,1990.0,Narrow-Body,Mature (16–25 yrs)
935,N436CA,BOEING,B757-200,1992.0,Narrow-Body,Mature (16–25 yrs)
936,N807CA,BOEING,B777-200,1994.0,Wide-Body,Modern (6–15 yrs)
937,N708CA,BOEING,B737-700,2008.0,Narrow-Body,New (0–5 yrs)
938,N526CA,BOEING,B767-200,1990.0,Wide-Body,Mature (16–25 yrs)
939,N692CA,BOEING,B737-700,2005.0,Narrow-Body,New (0–5 yrs)
940,N709CA,BOEING,B737-800,2002.0,Narrow-Body,Modern (6–15 yrs)
941,N371CA,BOEING,B737-800,2003.0,Narrow-Body,New (0–5 yrs)
942,N917CA,BOEING,B737-800,2004.0,Narrow-Body,New (0–5 yrs)
943,N958CA,BOEING,B777-200,2003.0,Wide-Body,New (0–5 yrs)
944,N658CA,BOEING,B737-500,1994.0,Narrow-Body,Modern (6–15 yrs)
945,N957CA,BOEING,B737-700,2002.0,Narrow-Body,Modern (6–15 yrs)
946,N915CA,BOEING,B737-500,1993.0,Narrow-Body,Modern (6–15 yrs)
947,N435CA,BOEING,B737-500,1992.0,Narrow-Body,Mature (16–25 yrs)
948,N590SW,BOEING,B737-500,1997.0,Narrow-Body,Modern (6–15 yrs)
949,N932CA,BOEING,B777-200,2007.0,Wide-Body,New (0–5 yrs)
950,N676CA,BOEING,B737-300,1987.0,Narrow-Body,Mature (16–25 yrs)
951,N523CA,BOEING,B757-200,1995.0,Narrow-Body,Modern (6–15 yrs)
952,N713CA,BOEING,B737-700,2009.0,Narrow-Body,New (0–5 yrs)
953,N589SW,BOEING,B737-300,1999.0,Narrow-Body,Modern (6–15 yrs)
954,N528CA,BOEING,B737-800,2000.0,Narrow-Body,Modern (6–15 yrs)
955,N595SW,BOEING,B737-700,2003.0,Narrow-Body,New (0–5 yrs)
956,N781CA,BOEING,B737-300,1988.0,Narrow-Body,Mature (16–25 yrs)
957,N927CA,BOEING,B737-800,1999.0,Narrow-Body,Modern (6–15 yrs)
958,N625CA,BOEING,B757-200,2004.0,Narrow-Body,New (0–5 yrs)
959,N797CA,BOEING,B737-800,2011.0,Narrow-Body,New (0–5 yrs)
960,N695CA,BOEING,B737-700,1998.0,Narrow-Body,Modern (6–15 yrs)
961,N587SW,BOEING,B737-500,1992.0,Narrow-Body,Mature (16–25 yrs)
962,N629BR,EMBRAER,ERJ-175,2003.0,Regional,New (0–5 yrs)
963,N398CA,BOEING,B777-200,1995.0,Wide-Body,Modern (6–15 yrs)
964,N973CA,BOEING,B777-200,2012.0,Wide-Body,New (0–5 yrs)
965,N964CA,BOEING,B777-200,2005.0,Wide-Body,New (0–5 yrs)
966,N430CA,BOEING,B737-500,1989.0,Narrow-Body,Mature (16–25 yrs)
967,N815CA,BOEING,B737-700,2000.0,Narrow-Body,Modern (6–15 yrs)
968,N811CA,BOEING,B737-300,1992.0,Narrow-Body,Mature (16–25 yrs)
969,N720SW,BOEING,B737-700,2007.0,Narrow-Body,New (0–5 yrs)
970,N403CA,BOEING,B737-800,2007.0,Narrow-Body,New (0–5 yrs)
971,N369CA,BOEING,B737-500,1989.0,Narrow-Body,Mature (16–25 yrs)
972,N868CA,BOEING,B737-500,1992.0,Narrow-Body,Mature (16–25 yrs)
973,N446CA,BOEING,B767-200,1985.0,Wide-Body,Mature (16–25 yrs)
974,N920CA,BOEING,B757-200,1995.0,Narrow-Body,Modern (6–15 yrs)
975,N784CA,BOEING,B737-700,2008.0,Narrow-Body,New (0–5 yrs)
976,N814CA,BOEING,B737-700,2002.0,Narrow-Body,Modern (6–15 yrs)
977,N960CA,BOEING,B757-200,1982.0,Narrow-Body,Aging (26–35 yrs)
978,N966CA,BOEING,B737-500,1998.0,Narrow-Body,Modern (6–15 yrs)
979,N931CA,BOEING,B777-200,2001.0,Wide-Body,Modern (6–15 yrs)
980,N812CA,BOEING,B767-200,1982.0,Wide-Body,Aging (26–35 yrs)
981,N918CA,BOEING,B737-300,1990.0,Narrow-Body,Mature (16–25 yrs)
982,N374CA,BOEING,B767-200,1984.0,Wide-Body,Mature (16–25 yrs)
983,N427CA,BOEING,B737-500,1996.0,Narrow-Body,Modern (6–15 yrs)
984,N963CA,BOEING,B737-800,2004.0,Narrow-Body,New (0–5 yrs)
985,N690CA,BOEING,B737-700,2009.0,Narrow-Body,New (0–5 yrs)
986,N783CA,BOEING,B767-200,1990.0,Wide-Body,Mature (16–25 yrs)
987,N710CA,BOEING,B767-200,1990.0,Wide-Body,Mature (16–25 yrs)
988,N735CA,BOEING,B737-800,2003.0,Narrow-Body,New (0–5 yrs)
989,N455CA,BOEING,B737-700,2001.0,Narrow-Body,Modern (6–15 yrs)
990,N810CA,BOEING,B737-500,1991.0,Narrow-Body,Mature (16–25 yrs)
991,N739CA,BOEING,B777-200,1995.0,Wide-Body,Modern (6–15 yrs)
992,N719CA,BOEING,B757-200,2002.0,Narrow-Body,Modern (6–15 yrs)
993,N967CA,BOEING,B737-800,2002.0,Narrow-Body,Modern (6–15 yrs)
994,N510CA,BOEING,B737-800,2005.0,Narrow-Body,New (0–5 yrs)
995,N653CA,BOEING,B737-800,2010.0,Narrow-Body,New (0–5 yrs)
996,N691CA,BOEING,B737-500,1994.0,Narrow-Body,Modern (6–15 yrs)
997,N588SW,BOEING,B737-300,1986.0,Narrow-Body,Mature (16–25 yrs)
998,N954CA,BOEING,B737-800,2012.0,Narrow-Body,New (0–5 yrs)
999,N597SW,BOEING,B737-800,2000.0,Narrow-Body,Modern (6–15 yrs)
1000,N916CA,BOEING,B737-800,2000.0,Narrow-Body,Modern (6–15 yrs)
1001,N693CA,BOEING,B737-500,1990.0,Narrow-Body,Mature (16–25 yrs)
1002,N929CA,BOEING,B737-300,1988.0,Narrow-Body,Mature (16–25 yrs)
1003,N514CA,BOEING,B737-300,1986.0,Narrow-Body,Mature (16–25 yrs)
1004,N378CA,BOEING,B737-700,2009.0,Narrow-Body,New (0–5 yrs)
1005,N924CA,BOEING,B737-800,1999.0,Narrow-Body,Modern (6–15 yrs)
1006,N443CA,BOEING,B737-700,2003.0,Narrow-Body,New (0–5 yrs)
1007,N659BR,EMBRAER,ERJ-175,2002.0,Regional,Modern (6–15 yrs)
1008,N678CA,BOEING,B777-200,1997.0,Wide-Body,Modern (6–15 yrs)
1009,N408CA,BOEING,B767-200,1991.0,Wide-Body,Mature (16–25 yrs)
1010,N442CA,BOEING,B737-800,2009.0,Narrow-Body,New (0–5 yrs)
1011,N656CA,BOEING,B737-500,1998.0,Narrow-Body,Modern (6–15 yrs)
1012,N933CA,BOEING,B737-700,2009.0,Narrow-Body,New (0–5 yrs)
1013,N779CA,BOEING,B737-300,1998.0,Narrow-Body,Modern (6–15 yrs)
1014,N962CA,BOEING,B757-200,1989.0,Narrow-Body,Mature (16–25 yrs)
1015,N806CA,BOEING,B757-200,1983.0,Narrow-Body,Mature (16–25 yrs)
1016,N965CA,BOEING,B757-200,1999.0,Narrow-Body,Modern (6–15 yrs)
1017,N379CA,BOEING,B737-500,1991.0,Narrow-Body,Mature (16–25 yrs)
1018,N936CA,BOEING,B737-800,2011.0,Narrow-Body,New (0–5 yrs)
1019,N451CA,BOEING,B757-200,1999.0,Narrow-Body,Modern (6–15 yrs)
1020,N937CA,BOEING,B777-200,1994.0,Wide-Body,Modern (6–15 yrs)
1021,N685BR,EMBRAER,ERJ-170,2004.0,Regional,New (0–5 yrs)
1022,N712CA,BOEING,B737-800,1998.0,Narrow-Body,Modern (6–15 yrs)
1023,N487CA,BOEING,B737-500,1994.0,Narrow-Body,Modern (6–15 yrs)
1024,N409CA,BOEING,B757-200,1985.0,Narrow-Body,Mature (16–25 yrs)
1025,N391CA,BOEING,B737-700,1999.0,Narrow-Body,Modern (6–15 yrs)
1026,N785CA,BOEING,B737-700,2009.0,Narrow-Body,New (0–5 yrs)
1027,N594SW,BOEING,B737-700,2007.0,Narrow-Body,New (0–5 yrs)
1028,N376CA,BOEING,B757-200,1992.0,Narrow-Body,Mature (16–25 yrs)
1029,N420CA,BOEING,B737-800,1999.0,Narrow-Body,Modern (6–15 yrs)
1030,N796CA,BOEING,B777-200,2002.0,Wide-Body,Modern (6–15 yrs)
1031,N669CA,BOEING,B737-700,2004.0,Narrow-Body,New (0–5 yrs)
1032,N914CA,BOEING,B757-200,1986.0,Narrow-Body,Mature (16–25 yrs)
1033,N805CA,BOEING,B767-200,1988.0,Wide-Body,Mature (16–25 yrs)
1034,N912CA,BOEING,B737-800,1998.0,Narrow-Body,Modern (6–15 yrs)
1035,N675BR,EMBRAER,ERJ-175,2003.0,Regional,New (0–5 yrs)
1036,N642CA,BOEING,B777-200,2008.0,Wide-Body,New (0–5 yrs)
1037,N969CA,BOEING,B737-800,2009.0,Narrow-Body,New (0–5 yrs)
1038,N477CA,BOEING,B737-700,2006.0,Narrow-Body,New (0–5 yrs)
1039,N926CA,BOEING,B777-200,2007.0,Wide-Body,New (0–5 yrs)
1040,N721CA,BOEING,B757-200,1990.0,Narrow-Body,Mature (16–25 yrs)
1041,N938CA,BOEING,B737-700,2009.0,Narrow-Body,New (0–5 yrs)
1042,N447CA,BOEING,B757-200,1994.0,Narrow-Body,Modern (6–15 yrs)
1043,N655CA,BOEING,B737-800,2008.0,Narrow-Body,New (0–5 yrs)
1044,N716CA,BOEING,B737-700,2009.0,Narrow-Body,New (0–5 yrs)
1045,N538CA,BOEING,B757-200,1991.0,Narrow-Body,Mature (16–25 yrs)
1046,N959CA,BOEING,B737-700,2001.0,Narrow-Body,Modern (6–15 yrs)
1047,N548CA,BOEING,B737-800,2001.0,Narrow-Body,Modern (6–15 yrs)
1048,N802SK,BOMBARDIER,CRJ-200,1993.0,Regional,Modern (6–15 yrs)
1049,N814SK,EMBRAER,ERJ-175,1996.0,Regional,Modern (6–15 yrs)
1050,N816SK,EMBRAER,ERJ-175,2002.0,Regional,Modern (6–15 yrs)
1051,N809SK,BOMBARDIER,CRJ-200,2005.0,Regional,New (0–5 yrs)
1052,N812SK,BOMBARDIER,CRJ-200,1996.0,Regional,Modern (6–15 yrs)
1053,N820SK,EMBRAER,ERJ-175,2005.0,Regional,New (0–5 yrs)
1054,N800SK,BOMBARDIER,CRJ-200,2004.0,Regional,New (0–5 yrs)
1055,N815SK,EMBRAER,ERJ-175,1996.0,Regional,Modern (6–15 yrs)
1056,N468CA,BOEING,B737-700,1998.0,Narrow-Body,Modern (6–15 yrs)
1057,N698BR,EMBRAER,ERJ-170,1998.0,Regional,Modern (6–15 yrs)
1058,N709BR,EMBRAER,ERJ-175,1998.0,Regional,Modern (6–15 yrs)
1059,N710BR,EMBRAER,ERJ-175,2003.0,Regional,New (0–5 yrs)
1060,N494CA,BOEING,B737-800,2001.0,Narrow-Body,Modern (6–15 yrs)
1061,N699BR,EMBRAER,ERJ-175,2003.0,Regional,New (0–5 yrs)
1062,N417SW,BOEING,B737-700,2010.0,Narrow-Body,New (0–5 yrs)
1063,N506CA,BOEING,B737-700,2001.0,Narrow-Body,Modern (6–15 yrs)
1064,N507CA,BOEING,B737-700,2005.0,Narrow-Body,New (0–5 yrs)
1065,N472CA,BOEING,B777-200,2003.0,Wide-Body,New (0–5 yrs)
1066,N471CA,BOEING,B757-200,1991.0,Narrow-Body,Mature (16–25 yrs)
1067,N498CA,BOEING,B737-300,1992.0,Narrow-Body,Mature (16–25 yrs)
1068,N579SW,BOEING,B737-800,2004.0,Narrow-Body,New (0–5 yrs)
1069,N580SW,BOEING,B737-700,2002.0,Narrow-Body,Modern (6–15 yrs)
1070,N237SW,BOEING,B737-800,2004.0,Narrow-Body,New (0–5 yrs)
1071,N576SW,BOEING,B737-800,2002.0,Narrow-Body,Modern (6–15 yrs)
1072,N297SW,BOEING,B737-700,2001.0,Narrow-Body,Modern (6–15 yrs)
1073,N236SW,BOEING,B737-700,2003.0,Narrow-Body,New (0–5 yrs)
1074,N271YV,BOMBARDIER,CRJ-200,2001.0,Regional,Modern (6–15 yrs)
1075,N910EV,EMBRAER,ERJ-145,1999.0,Regional,Modern (6–15 yrs)
1076,N408SW,BOEING,B737-800,2011.0,Narrow-Body,New (0–5 yrs)
1077,N443SW,BOEING,B737-700,2010.0,Narrow-Body,New (0–5 yrs)
1078,N864AS,BOEING,B737-800,2012.0,Narrow-Body,New (0–5 yrs)
1079,N448SW,BOEING,B737-700,2000.0,Narrow-Body,Modern (6–15 yrs)
1080,N453SW,BOEING,B737-700,2007.0,Narrow-Body,New (0–5 yrs)
1081,N432SW,BOEING,B737-700,2006.0,Narrow-Body,New (0–5 yrs)
1082,N418SW,BOEING,B737-700,2000.0,Narrow-Body,Modern (6–15 yrs)
1083,N411SW,BOEING,B737-500,1992.0,Narrow-Body,Mature (16–25 yrs)
1084,N455SW,BOEING,B737-700,2000.0,Narrow-Body,Modern (6–15 yrs)
1085,N912EV,EMBRAER,ERJ-145,1998.0,Regional,Modern (6–15 yrs)
1086,N609SK,BOMBARDIER,CRJ-700,1997.0,Regional,Modern (6–15 yrs)
1087,N427SW,BOEING,B737-800,2006.0,Narrow-Body,New (0–5 yrs)
1088,N460SW,BOEING,B737-300,1986.0,Narrow-Body,Mature (16–25 yrs)
1089,N862AS,BOEING,B737-700,2003.0,Narrow-Body,New (0–5 yrs)
1090,N466SW,BOEING,B737-700,2008.0,Narrow-Body,New (0–5 yrs)
1091,N492SW,BOEING,B737-300,1995.0,Narrow-Body,Modern (6–15 yrs)
1092,N426SW,BOEING,B737-300,1996.0,Narrow-Body,Modern (6–15 yrs)
1093,N447SW,BOEING,B737-500,1994.0,Narrow-Body,Modern (6–15 yrs)
1094,N446SW,BOEING,B737-300,1999.0,Narrow-Body,Modern (6–15 yrs)
1095,N416SW,BOEING,B737-300,1984.0,Narrow-Body,Mature (16–25 yrs)
1096,N869AS,BOEING,B737-800,2004.0,Narrow-Body,New (0–5 yrs)
1097,N442SW,BOEING,B737-800,2002.0,Narrow-Body,Modern (6–15 yrs)
1098,N865AS,BOEING,B737-400,2000.0,Narrow-Body,Modern (6–15 yrs)
1099,N866AS,BOEING,B737-400,1995.0,Narrow-Body,Modern (6–15 yrs)
1100,N403SW,BOEING,B737-500,1998.0,Narrow-Body,Modern (6–15 yrs)
1101,N429SW,BOEING,B737-800,2001.0,Narrow-Body,Modern (6–15 yrs)
1102,N367CA,BOEING,B737-300,1994.0,Narrow-Body,Modern (6–15 yrs)
1103,N410SW,BOEING,B737-700,2005.0,Narrow-Body,New (0–5 yrs)
1104,N459SW,BOEING,B737-500,1991.0,Narrow-Body,Mature (16–25 yrs)
1105,N461SW,BOEING,B737-700,2000.0,Narrow-Body,Modern (6–15 yrs)
1106,N457SW,BOEING,B737-700,2004.0,Narrow-Body,New (0–5 yrs)
1107,N452SW,BOEING,B737-700,1997.0,Narrow-Body,Modern (6–15 yrs)
1108,N863AS,MCDONNELL DOUGLAS,MD-80,1999.0,Narrow-Body,Modern (6–15 yrs)
1109,N433SW,BOEING,B737-700,1998.0,Narrow-Body,Modern (6–15 yrs)
1110,N915EV,BOMBARDIER,CRJ-200,1993.0,Regional,Modern (6–15 yrs)
1111,N437SW,BOEING,B737-800,2002.0,Narrow-Body,Modern (6–15 yrs)
1112,N606SK,BOMBARDIER,CRJ-200,1996.0,Regional,Modern (6–15 yrs)
1113,N607SK,BOMBARDIER,CRJ-200,1995.0,Regional,Modern (6–15 yrs)
1114,N340CA,BOEING,B757-200,1983.0,Narrow-Body,Mature (16–25 yrs)
1115,N803SK,BOMBARDIER,CRJ-200,1996.0,Regional,Modern (6–15 yrs)
1116,N614SK,BOMBARDIER,CRJ-700,2003.0,Regional,New (0–5 yrs)
1117,N807SK,BOMBARDIER,CRJ-700,2005.0,Regional,New (0–5 yrs)
1118,N821SK,BOMBARDIER,CRJ-200,1998.0,Regional,Modern (6–15 yrs)
1119,N603SK,EMBRAER,ERJ-175,2002.0,Regional,Modern (6–15 yrs)
1120,N817SK,BOMBARDIER,CRJ-200,2004.0,Regional,New (0–5 yrs)
1121,N608SK,BOMBARDIER,CRJ-700,1997.0,Regional,Modern (6–15 yrs)
1122,N668CA,BOEING,B767-200,1982.0,Wide-Body,Aging (26–35 yrs)
1123,N611SK,BOMBARDIER,CRJ-200,1996.0,Regional,Modern (6–15 yrs)
1124,N604SK,EMBRAER,ERJ-175,1996.0,Regional,Modern (6–15 yrs)
1125,N368CA,BOEING,B737-300,1992.0,Narrow-Body,Mature (16–25 yrs)
1126,N613SK,BOMBARDIER,CRJ-200,1992.0,Regional,Mature (16–25 yrs)
1127,N810SK,BOMBARDIER,CRJ-200,2004.0,Regional,New (0–5 yrs)
1128,N804SK,BOMBARDIER,CRJ-200,2003.0,Regional,New (0–5 yrs)
1129,N393SW,BOEING,B737-700,2007.0,Narrow-Body,New (0–5 yrs)
1130,N234SW,BOEING,B737-300,1997.0,Narrow-Body,Modern (6–15 yrs)
1131,N566SW,BOEING,B737-300,1985.0,Narrow-Body,Mature (16–25 yrs)
1132,N584SW,BOEING,B737-700,2009.0,Narrow-Body,New (0–5 yrs)
1133,N229SW,BOEING,B737-700,2003.0,Narrow-Body,New (0–5 yrs)
1134,N582SW,BOEING,B737-300,1997.0,Narrow-Body,Modern (6–15 yrs)
1135,N295UX,UNKNOWN,UNKNOWN,,Unknown,Unknown
1136,N270YV,BOMBARDIER,CRJ-200,2000.0,Regional,Modern (6–15 yrs)
1137,N564SW,BOEING,B737-500,1997.0,Narrow-Body,Modern (6–15 yrs)
1138,N218SW,BOEING,B737-700,1999.0,Narrow-Body,Modern (6–15 yrs)
1139,N251YV,EMBRAER,ERJ-145,2001.0,Regional,Modern (6–15 yrs)
1140,N250YV,BOMBARDIER,CRJ-200,1996.0,Regional,Modern (6–15 yrs)
1141,N235SW,BOEING,B737-300,1989.0,Narrow-Body,Mature (16–25 yrs)
1142,N288SW,BOEING,B737-300,1994.0,Narrow-Body,Modern (6–15 yrs)
1143,N295SW,BOEING,B737-300,1996.0,Narrow-Body,Modern (6–15 yrs)
1144,N227SW,BOEING,B737-300,1989.0,Narrow-Body,Mature (16–25 yrs)
1145,N292SW,BOEING,B737-300,1986.0,Narrow-Body,Mature (16–25 yrs)
1146,N308SW,BOEING,B737-700,1997.0,Narrow-Body,Modern (6–15 yrs)
1147,N233SW,BOEING,B737-800,2003.0,Narrow-Body,New (0–5 yrs)
1148,N568SW,BOEING,B737-300,1999.0,Narrow-Body,Modern (6–15 yrs)
1149,N962SW,BOEING,B737-500,1996.0,Narrow-Body,Modern (6–15 yrs)
1150,N971SW,BOEING,B737-500,1991.0,Narrow-Body,Mature (16–25 yrs)
1151,N738SK,BOMBARDIER,CRJ-700,2004.0,Regional,New (0–5 yrs)
1152,N719SK,BOMBARDIER,CRJ-700,1999.0,Regional,Modern (6–15 yrs)
1153,N702SK,BOMBARDIER,CRJ-200,1994.0,Regional,Modern (6–15 yrs)
1154,N944SW,BOEING,B737-700,2010.0,Narrow-Body,New (0–5 yrs)
1155,N929SW,BOEING,B737-700,2001.0,Narrow-Body,Modern (6–15 yrs)
1156,N955SW,BOEING,B737-700,2007.0,Narrow-Body,New (0–5 yrs)
1157,N765SK,BOMBARDIER,CRJ-700,2001.0,Regional,Modern (6–15 yrs)
1158,N751SK,EMBRAER,ERJ-175,2000.0,Regional,Modern (6–15 yrs)
1159,N703SK,BOMBARDIER,CRJ-200,1992.0,Regional,Mature (16–25 yrs)
1160,N740SK,EMBRAER,ERJ-175,1999.0,Regional,Modern (6–15 yrs)
1161,N709SK,BOMBARDIER,CRJ-200,1999.0,Regional,Modern (6–15 yrs)
1162,N964SW,BOEING,B737-500,1992.0,Narrow-Body,Mature (16–25 yrs)
1163,N752SK,BOMBARDIER,CRJ-700,2003.0,Regional,New (0–5 yrs)
1164,N750SK,EMBRAER,ERJ-175,1996.0,Regional,Modern (6–15 yrs)
1165,N954SW,BOEING,B737-500,1993.0,Narrow-Body,Modern (6–15 yrs)
1166,N715SK,EMBRAER,ERJ-175,1996.0,Regional,Modern (6–15 yrs)
1167,N946SW,BOEING,B737-700,2001.0,Narrow-Body,Modern (6–15 yrs)
1168,N959SW,BOEING,B737-700,2008.0,Narrow-Body,New (0–5 yrs)
1169,N742SK,BOMBARDIER,CRJ-200,1992.0,Regional,Mature (16–25 yrs)
1170,N718SK,BOMBARDIER,CRJ-200,2000.0,Regional,Modern (6–15 yrs)
1171,N767SK,EMBRAER,ERJ-175,2004.0,Regional,New (0–5 yrs)
1172,N945SW,BOEING,B737-300,1997.0,Narrow-Body,Modern (6–15 yrs)
1173,N770SK,BOMBARDIER,CRJ-200,2005.0,Regional,New (0–5 yrs)
1174,N712SK,BOMBARDIER,CRJ-200,2004.0,Regional,New (0–5 yrs)
1175,N766SK,BOMBARDIER,CRJ-200,2006.0,Regional,New (0–5 yrs)
1176,N713SK,BOMBARDIER,CRJ-200,1999.0,Regional,Modern (6–15 yrs)
1177,N413SW,BOEING,B737-300,1993.0,Narrow-Body,Modern (6–15 yrs)
1178,N973SW,BOEING,B737-700,1997.0,Narrow-Body,Modern (6–15 yrs)
1179,N730SK,BOMBARDIER,CRJ-200,1995.0,Regional,Modern (6–15 yrs)
1180,N762SK,BOMBARDIER,CRJ-200,1993.0,Regional,Modern (6–15 yrs)
1181,N732SK,BOMBARDIER,CRJ-200,1998.0,Regional,Modern (6–15 yrs)
1182,N919SW,BOEING,B737-300,1994.0,Narrow-Body,Modern (6–15 yrs)
1183,N928SW,BOEING,B737-500,1999.0,Narrow-Body,Modern (6–15 yrs)
1184,N953SW,BOEING,B737-500,1991.0,Narrow-Body,Mature (16–25 yrs)
1185,N975SW,BOEING,B737-500,1989.0,Narrow-Body,Mature (16–25 yrs)
1186,N768SK,BOMBARDIER,CRJ-200,2005.0,Regional,New (0–5 yrs)
1187,N705SK,BOMBARDIER,CRJ-200,2001.0,Regional,Modern (6–15 yrs)
1188,N755SK,BOMBARDIER,CRJ-700,1995.0,Regional,Modern (6–15 yrs)
1189,N773SK,BOMBARDIER,CRJ-200,2005.0,Regional,New (0–5 yrs)
1190,N963SW,BOEING,B737-300,1984.0,Narrow-Body,Mature (16–25 yrs)
1191,N948SW,BOEING,B737-700,1998.0,Narrow-Body,Modern (6–15 yrs)
1192,N915SW,BOEING,B737-300,1987.0,Narrow-Body,Mature (16–25 yrs)
1193,N983SW,BOEING,B737-700,2008.0,Narrow-Body,New (0–5 yrs)
1194,N760SK,BOMBARDIER,CRJ-700,2002.0,Regional,Modern (6–15 yrs)
1195,N960SW,BOEING,B737-800,2005.0,Narrow-Body,New (0–5 yrs)
1196,N756SK,BOMBARDIER,CRJ-200,1995.0,Regional,Modern (6–15 yrs)
1197,N947SW,BOEING,B737-500,1993.0,Narrow-Body,Modern (6–15 yrs)
1198,N708SK,BOMBARDIER,CRJ-700,1995.0,Regional,Modern (6–15 yrs)
1199,N909SW,BOEING,B737-700,2005.0,Narrow-Body,New (0–5 yrs)
1200,N758SK,BOMBARDIER,CRJ-200,2004.0,Regional,New (0–5 yrs)
1201,N746SK,BOMBARDIER,CRJ-200,2006.0,Regional,New (0–5 yrs)
1202,N982SW,BOEING,B737-700,2001.0,Narrow-Body,Modern (6–15 yrs)
1203,N907SW,BOEING,B737-500,2000.0,Narrow-Body,Modern (6–15 yrs)
1204,N952SW,BOEING,B737-500,1998.0,Narrow-Body,Modern (6–15 yrs)
1205,N706SK,BOMBARDIER,CRJ-200,2000.0,Regional,Modern (6–15 yrs)
1206,N976SW,BOEING,B737-500,1991.0,Narrow-Body,Mature (16–25 yrs)
1207,N910SW,BOEING,B737-300,1987.0,Narrow-Body,Mature (16–25 yrs)
1208,N978SW,BOEING,B737-800,1998.0,Narrow-Body,Modern (6–15 yrs)
1209,N956SW,BOEING,B737-500,1996.0,Narrow-Body,Modern (6–15 yrs)
1210,N934SW,BOEING,B737-500,1994.0,Narrow-Body,Modern (6–15 yrs)
1211,N906SW,BOEING,B737-700,2003.0,Narrow-Body,New (0–5 yrs)
1212,N776SK,BOMBARDIER,CRJ-700,2003.0,Regional,New (0–5 yrs)
1213,N979SW,BOEING,B737-500,2000.0,Narrow-Body,Modern (6–15 yrs)
1214,N936SW,BOEING,B737-500,1992.0,Narrow-Body,Mature (16–25 yrs)
1215,N724SK,EMBRAER,ERJ-175,1999.0,Regional,Modern (6–15 yrs)
1216,N961SW,BOEING,B737-700,2001.0,Narrow-Body,Modern (6–15 yrs)
1217,N772SK,EMBRAER,ERJ-175,2002.0,Regional,Modern (6–15 yrs)
1218,N727SK,BOMBARDIER,CRJ-200,2006.0,Regional,New (0–5 yrs)
1219,N707SK,BOMBARDIER,CRJ-200,1997.0,Regional,Modern (6–15 yrs)
1220,N923SW,BOEING,B737-300,1988.0,Narrow-Body,Mature (16–25 yrs)
1221,N774SK,EMBRAER,ERJ-175,1996.0,Regional,Modern (6–15 yrs)
1222,N925SW,BOEING,B737-500,1999.0,Narrow-Body,Modern (6–15 yrs)
1223,N916SW,BOEING,B737-700,2000.0,Narrow-Body,Modern (6–15 yrs)
1224,N920SW,BOEING,B737-700,2004.0,Narrow-Body,New (0–5 yrs)
1225,N937SW,BOEING,B737-700,2000.0,Narrow-Body,Modern (6–15 yrs)
1226,N943SW,BOEING,B737-800,2000.0,Narrow-Body,Modern (6–15 yrs)
1227,N957SW,BOEING,B737-700,2005.0,Narrow-Body,New (0–5 yrs)
1228,N938SW,BOEING,B737-300,1994.0,Narrow-Body,Modern (6–15 yrs)
1229,N939SW,BOEING,B737-500,2000.0,Narrow-Body,Modern (6–15 yrs)
1230,N912SW,BOEING,B737-800,2011.0,Narrow-Body,New (0–5 yrs)
1231,N745SK,BOMBARDIER,CRJ-200,2000.0,Regional,Modern (6–15 yrs)
1232,N728SK,BOMBARDIER,CRJ-200,2006.0,Regional,New (0–5 yrs)
1233,N965SW,BOEING,B737-700,2006.0,Narrow-Body,New (0–5 yrs)
1234,N905SW,BOEING,B737-300,1989.0,Narrow-Body,Mature (16–25 yrs)
1235,N930SW,BOEING,B737-800,2009.0,Narrow-Body,New (0–5 yrs)
1236,N935SW,BOEING,B737-700,1999.0,Narrow-Body,Modern (6–15 yrs)
1237,N903SW,BOEING,B737-300,1991.0,Narrow-Body,Mature (16–25 yrs)
1238,N926SW,BOEING,B737-700,2010.0,Narrow-Body,New (0–5 yrs)
1239,N980SW,BOEING,B737-800,2002.0,Narrow-Body,Modern (6–15 yrs)
1240,N970SW,BOEING,B737-500,1999.0,Narrow-Body,Modern (6–15 yrs)
1241,N701SK,BOMBARDIER,CRJ-200,2000.0,Regional,Modern (6–15 yrs)
1242,N744SK,BOMBARDIER,CRJ-200,1998.0,Regional,Modern (6–15 yrs)
1243,N726SK,BOMBARDIER,CRJ-200,2003.0,Regional,New (0–5 yrs)
1244,N913SW,BOEING,B737-700,2000.0,Narrow-Body,Modern (6–15 yrs)
1245,N969SW,BOEING,B737-800,2012.0,Narrow-Body,New (0–5 yrs)
1246,N771SK,BOMBARDIER,CRJ-700,2004.0,Regional,New (0–5 yrs)
1247,N716SK,EMBRAER,ERJ-175,1997.0,Regional,Modern (6–15 yrs)
1248,N958SW,BOEING,B737-800,2006.0,Narrow-Body,New (0–5 yrs)
1249,N778SK,BOMBARDIER,CRJ-200,1997.0,Regional,Modern (6–15 yrs)
1250,N496CA,BOEING,B767-200,1987.0,Wide-Body,Mature (16–25 yrs)
1251,N298SW,BOEING,B737-700,2003.0,Narrow-Body,New (0–5 yrs)
1252,N561SW,BOEING,B737-800,2008.0,Narrow-Body,New (0–5 yrs)
1253,N567SW,BOEING,B737-500,1996.0,Narrow-Body,Modern (6–15 yrs)
1254,N232SW,BOEING,B737-500,1990.0,Narrow-Body,Mature (16–25 yrs)
1255,N449SW,BOEING,B737-300,1990.0,Narrow-Body,Mature (16–25 yrs)
1256,N430SW,BOEING,B737-700,2000.0,Narrow-Body,Modern (6–15 yrs)
1257,N464SW,BOEING,B737-500,1999.0,Narrow-Body,Modern (6–15 yrs)
1258,N463SW,BOEING,B737-500,1997.0,Narrow-Body,Modern (6–15 yrs)
1259,N813SK,BOMBARDIER,CRJ-200,2005.0,Regional,New (0–5 yrs)
1260,N440SW,BOEING,B737-700,2004.0,Narrow-Body,New (0–5 yrs)
1261,N439SW,BOEING,B737-700,2003.0,Narrow-Body,New (0–5 yrs)
1262,N438SW,BOEING,B737-300,1994.0,Narrow-Body,Modern (6–15 yrs)
1263,N913EV,EMBRAER,ERJ-145,2003.0,Regional,New (0–5 yrs)
1264,N423SW,BOEING,B737-700,1998.0,Narrow-Body,Modern (6–15 yrs)
1265,N412SW,BOEING,B737-700,1997.0,Narrow-Body,Modern (6–15 yrs)
1266,N441SW,BOEING,B737-700,2010.0,Narrow-Body,New (0–5 yrs)
1267,N407SW,BOEING,B737-300,1987.0,Narrow-Body,Mature (16–25 yrs)
1268,N806SK,BOMBARDIER,CRJ-200,1999.0,Regional,Modern (6–15 yrs)
1269,N805SK,BOMBARDIER,CRJ-200,1997.0,Regional,Modern (6–15 yrs)
1270,N224SW,BOEING,B737-800,2000.0,Narrow-Body,Modern (6–15 yrs)
1271,N586SW,BOEING,B737-700,2002.0,Narrow-Body,Modern (6–15 yrs)
1272,N220SW,BOEING,B737-800,2001.0,Narrow-Body,Modern (6–15 yrs)
1273,N562SW,BOEING,B737-700,1998.0,Narrow-Body,Modern (6–15 yrs)
1274,N569SW,BOEING,B737-800,2011.0,Narrow-Body,New (0–5 yrs)
1275,N291SW,BOEING,B737-500,1996.0,Narrow-Body,Modern (6–15 yrs)
1276,N216SW,BOEING,B737-500,1993.0,Narrow-Body,Modern (6–15 yrs)
1277,N290SW,BOEING,B737-700,1997.0,Narrow-Body,Modern (6–15 yrs)
1278,N221SW,BOEING,B737-800,2005.0,Narrow-Body,New (0–5 yrs)
1279,N294SW,BOEING,B737-300,1999.0,Narrow-Body,Modern (6–15 yrs)
1280,N296SW,BOEING,B737-700,2004.0,Narrow-Body,New (0–5 yrs)
1281,N941SW,BOEING,B737-800,2002.0,Narrow-Body,Modern (6–15 yrs)
1282,N743SK,BOMBARDIER,CRJ-200,1996.0,Regional,Modern (6–15 yrs)
1283,N967SW,BOEING,B737-700,2010.0,Narrow-Body,New (0–5 yrs)
1284,N406SW,BOEING,B737-300,1988.0,Narrow-Body,Mature (16–25 yrs)
1285,N924SW,BOEING,B737-700,1997.0,Narrow-Body,Modern (6–15 yrs)
1286,N763SK,BOMBARDIER,CRJ-200,2002.0,Regional,Modern (6–15 yrs)
1287,N764SK,BOMBARDIER,CRJ-700,2000.0,Regional,Modern (6–15 yrs)
1288,N710SK,EMBRAER,ERJ-175,2002.0,Regional,Modern (6–15 yrs)
1289,N927SW,BOEING,B737-500,1993.0,Narrow-Body,Modern (6–15 yrs)
1290,N986SW,BOEING,B737-300,1986.0,Narrow-Body,Mature (16–25 yrs)
1291,N748SK,BOMBARDIER,CRJ-200,2006.0,Regional,New (0–5 yrs)
1292,N917SW,BOEING,B737-300,1992.0,Narrow-Body,Mature (16–25 yrs)
1293,N918SW,BOEING,B737-800,2002.0,Narrow-Body,Modern (6–15 yrs)
1294,N495CA,BOEING,B737-300,1994.0,Narrow-Body,Modern (6–15 yrs)
1295,N581SW,BOEING,B737-700,2009.0,Narrow-Body,New (0–5 yrs)
1296,N465SW,BOEING,B737-700,1998.0,Narrow-Body,Modern (6–15 yrs)
1297,N435SW,BOEING,B737-700,2010.0,Narrow-Body,New (0–5 yrs)
1298,N585SW,BOEING,B737-800,2007.0,Narrow-Body,New (0–5 yrs)
1299,N289YV,EMBRAER,ERJ-145,1996.0,Regional,Modern (6–15 yrs)
1300,N293SW,BOEING,B737-700,2002.0,Narrow-Body,Modern (6–15 yrs)
1301,N217SW,BOEING,B737-800,2006.0,Narrow-Body,New (0–5 yrs)
1302,N301YV,EMBRAER,ERJ-145,2000.0,Regional,Modern (6–15 yrs)
1303,N578SW,BOEING,B737-700,2006.0,Narrow-Body,New (0–5 yrs)
1304,N223SW,BOEING,B737-700,2009.0,Narrow-Body,New (0–5 yrs)
1305,N563SW,BOEING,B737-500,1993.0,Narrow-Body,Modern (6–15 yrs)
1306,N284YV,BOMBARDIER,CRJ-200,1993.0,Regional,Modern (6–15 yrs)
1307,N299SW,BOEING,B737-300,1985.0,Narrow-Body,Mature (16–25 yrs)
1308,N560SW,BOEING,B737-700,2007.0,Narrow-Body,New (0–5 yrs)
1309,N409SW,BOEING,B737-800,2004.0,Narrow-Body,New (0–5 yrs)
1310,N445SW,BOEING,B737-700,1998.0,Narrow-Body,Modern (6–15 yrs)
1311,N565SW,BOEING,B737-300,1984.0,Narrow-Body,Mature (16–25 yrs)
1312,N431SW,BOEING,B737-300,1988.0,Narrow-Body,Mature (16–25 yrs)
1313,N405SW,BOEING,B737-300,1999.0,Narrow-Body,Modern (6–15 yrs)
1314,N292UX,UNKNOWN,UNKNOWN,,Unknown,Unknown
1315,N215SW,BOEING,B737-700,2006.0,Narrow-Body,New (0–5 yrs)
1316,N932SW,BOEING,B737-800,2012.0,Narrow-Body,New (0–5 yrs)
1317,N753SK,BOMBARDIER,CRJ-200,2000.0,Regional,Modern (6–15 yrs)
1318,N479CA,BOEING,B737-500,1989.0,Narrow-Body,Mature (16–25 yrs)
1319,N226SW,BOEING,B737-300,1986.0,Narrow-Body,Mature (16–25 yrs)
1320,N754SK,EMBRAER,ERJ-175,1997.0,Regional,Modern (6–15 yrs)
1321,N908SW,BOEING,B737-800,2001.0,Narrow-Body,Modern (6–15 yrs)
1322,N583SW,BOEING,B737-700,2004.0,Narrow-Body,New (0–5 yrs)
1323,N951SW,BOEING,B737-300,1992.0,Narrow-Body,Mature (16–25 yrs)
1324,N454SW,BOEING,B737-700,2008.0,Narrow-Body,New (0–5 yrs)
1325,N213UA,AIRBUS,A319-100,2006.0,Narrow-Body,New (0–5 yrs)
1326,N211UA,BOEING,B737-700,2010.0,Narrow-Body,New (0–5 yrs)
1327,N212UA,BOEING,B737-300,1991.0,Narrow-Body,Mature (16–25 yrs)
1328,N215UA,BOEING,B757-200,1987.0,Narrow-Body,Mature (16–25 yrs)
1329,N214UA,AIRBUS,A320-200,2009.0,Narrow-Body,New (0–5 yrs)
1330,N210UA,BOEING,B777-200,2001.0,Wide-Body,Modern (6–15 yrs)
1331,N820UA,BOEING,B757-200,1991.0,Narrow-Body,Mature (16–25 yrs)
1332,N840UA,BOEING,B737-700,1999.0,Narrow-Body,Modern (6–15 yrs)
1333,N455UA,BOEING,B767-300,1988.0,Wide-Body,Mature (16–25 yrs)
1334,N834UA,BOEING,B757-200,1997.0,Narrow-Body,Modern (6–15 yrs)
1335,N429UA,BOEING,B737-700,2007.0,Narrow-Body,New (0–5 yrs)
1336,N818UA,BOEING,B737-500,1997.0,Narrow-Body,Modern (6–15 yrs)
1337,N416UA,AIRBUS,A320-200,2007.0,Narrow-Body,New (0–5 yrs)
1338,N428UA,BOEING,B737-500,1991.0,Narrow-Body,Mature (16–25 yrs)
1339,N554UA,BOEING,B757-200,1994.0,Narrow-Body,Modern (6–15 yrs)
1340,N641UA,BOEING,B757-200,1993.0,Narrow-Body,Modern (6–15 yrs)
1341,N555UA,BOEING,B757-200,1988.0,Narrow-Body,Mature (16–25 yrs)
1342,N648UA,BOEING,B757-200,2004.0,Narrow-Body,New (0–5 yrs)
1343,N558UA,BOEING,B757-200,2003.0,Narrow-Body,New (0–5 yrs)
1344,N502UA,BOEING,B737-300,1990.0,Narrow-Body,Mature (16–25 yrs)
1345,N525UA,BOEING,B767-300,1989.0,Wide-Body,Mature (16–25 yrs)
1346,N560UA,BOEING,B767-300,1989.0,Wide-Body,Mature (16–25 yrs)
1347,N508UA,BOEING,B737-300,1993.0,Narrow-Body,Modern (6–15 yrs)
1348,N504UA,BOEING,B757-200,2004.0,Narrow-Body,New (0–5 yrs)
1349,N510UA,AIRBUS,A319-100,2000.0,Narrow-Body,Modern (6–15 yrs)
1350,N557UA,BOEING,B737-300,1991.0,Narrow-Body,Mature (16–25 yrs)
1351,N518UA,BOEING,B777-200,2007.0,Wide-Body,New (0–5 yrs)
1352,N512UA,BOEING,B777-200,2006.0,Wide-Body,New (0–5 yrs)
1353,N517UA,BOEING,B757-200,1992.0,Narrow-Body,Mature (16–25 yrs)
1354,N505UA,AIRBUS,A319-100,2006.0,Narrow-Body,New (0–5 yrs)
1355,N511UA,BOEING,B767-300,1990.0,Wide-Body,Mature (16–25 yrs)
1356,N532UA,BOEING,B767-300,1991.0,Wide-Body,Mature (16–25 yrs)
1357,N305UA,BOEING,B767-300,1999.0,Wide-Body,Modern (6–15 yrs)
1358,N381UA,BOEING,B757-200,2004.0,Narrow-Body,New (0–5 yrs)
1359,N935UA,BOEING,B757-200,1996.0,Narrow-Body,Modern (6–15 yrs)
1360,N378UA,BOEING,B757-200,2000.0,Narrow-Body,Modern (6–15 yrs)
1361,N654UA,BOEING,B777-200,2003.0,Wide-Body,New (0–5 yrs)
1362,N542UA,BOEING,B737-700,2003.0,Narrow-Body,New (0–5 yrs)
1363,N662UA,BOEING,B777-200,2000.0,Wide-Body,Modern (6–15 yrs)
1364,N526UA,BOEING,B737-500,1990.0,Narrow-Body,Mature (16–25 yrs)
1365,N553UA,BOEING,B767-300,1987.0,Wide-Body,Mature (16–25 yrs)
1366,N523UA,AIRBUS,A319-100,2008.0,Narrow-Body,New (0–5 yrs)
1367,N556UA,BOEING,B737-700,2004.0,Narrow-Body,New (0–5 yrs)
1368,N537UA,AIRBUS,A320-200,1990.0,Narrow-Body,Mature (16–25 yrs)
1369,N565UA,BOEING,B737-500,1992.0,Narrow-Body,Mature (16–25 yrs)
1370,N595UA,BOEING,B737-700,1999.0,Narrow-Body,Modern (6–15 yrs)
1371,N656UA,BOEING,B757-200,1986.0,Narrow-Body,Mature (16–25 yrs)
1372,N830UA,BOEING,B777-200,2010.0,Wide-Body,New (0–5 yrs)
1373,N817UA,BOEING,B777-200,2009.0,Wide-Body,New (0–5 yrs)
1374,N848UA,BOEING,B757-200,1986.0,Narrow-Body,Mature (16–25 yrs)
1375,N466UA,BOEING,B757-200,2000.0,Narrow-Body,Modern (6–15 yrs)
1376,N835UA,BOEING,B737-700,1999.0,Narrow-Body,Modern (6–15 yrs)
1377,N340UA,BOEING,B737-700,2002.0,Narrow-Body,Modern (6–15 yrs)
1378,N852UA,BOEING,B767-300,1987.0,Wide-Body,Mature (16–25 yrs)
1379,N364UA,BOEING,B777-200,1996.0,Wide-Body,Modern (6–15 yrs)
1380,N562UA,BOEING,B757-200,1983.0,Narrow-Body,Mature (16–25 yrs)
1381,N841UA,BOEING,B777-200,2005.0,Wide-Body,New (0–5 yrs)
1382,N404UA,BOEING,B777-200,2008.0,Wide-Body,New (0–5 yrs)
1383,N807UA,BOEING,B757-200,1992.0,Narrow-Body,Mature (16–25 yrs)
1384,N582UA,BOEING,B737-700,2008.0,Narrow-Body,New (0–5 yrs)
1385,N674UA,BOEING,B757-200,1986.0,Narrow-Body,Mature (16–25 yrs)
1386,N670UA,BOEING,B757-200,1986.0,Narrow-Body,Mature (16–25 yrs)
1387,N664UA,BOEING,B757-200,1998.0,Narrow-Body,Modern (6–15 yrs)
1388,N665UA,BOEING,B777-200,1998.0,Wide-Body,Modern (6–15 yrs)
1389,N672UA,BOEING,B737-700,1999.0,Narrow-Body,Modern (6–15 yrs)
1390,N548UA,BOEING,B737-500,1992.0,Narrow-Body,Mature (16–25 yrs)
1391,N547UA,BOEING,B757-200,1998.0,Narrow-Body,Modern (6–15 yrs)
1392,N677UA,BOEING,B757-200,1988.0,Narrow-Body,Mature (16–25 yrs)
1393,N549UA,BOEING,B737-700,2004.0,Narrow-Body,New (0–5 yrs)
1394,N546UA,AIRBUS,A320-200,2007.0,Narrow-Body,New (0–5 yrs)
1395,N337UA,BOEING,B757-200,1996.0,Narrow-Body,Modern (6–15 yrs)
1396,N334UA,AIRBUS,A319-100,2006.0,Narrow-Body,New (0–5 yrs)
1397,N383UA,AIRBUS,A320-200,1999.0,Narrow-Body,Modern (6–15 yrs)
1398,N585UA,AIRBUS,A319-100,2006.0,Narrow-Body,New (0–5 yrs)
1399,N587UA,AIRBUS,A319-100,2004.0,Narrow-Body,New (0–5 yrs)
1400,N531UA,BOEING,B757-200,2000.0,Narrow-Body,Modern (6–15 yrs)
1401,N563UA,BOEING,B737-300,1995.0,Narrow-Body,Modern (6–15 yrs)
1402,N516UA,BOEING,B757-200,1982.0,Narrow-Body,Aging (26–35 yrs)
1403,N538UA,BOEING,B757-200,1993.0,Narrow-Body,Modern (6–15 yrs)
1404,N513UA,BOEING,B767-300,1992.0,Wide-Body,Mature (16–25 yrs)
1405,N536UA,BOEING,B767-300,1995.0,Wide-Body,Modern (6–15 yrs)
1406,N575UA,BOEING,B737-500,1999.0,Narrow-Body,Modern (6–15 yrs)
1407,N515UA,BOEING,B737-700,1999.0,Narrow-Body,Modern (6–15 yrs)
1408,N667UA,BOEING,B777-200,2009.0,Wide-Body,New (0–5 yrs)
1409,N666UA,AIRBUS,A320-200,2004.0,Narrow-Body,New (0–5 yrs)
1410,N673UA,AIRBUS,A319-100,2010.0,Narrow-Body,New (0–5 yrs)
1411,N544UA,BOEING,B737-700,1998.0,Narrow-Body,Modern (6–15 yrs)
1412,N552UA,BOEING,B737-700,2002.0,Narrow-Body,Modern (6–15 yrs)
1413,N589UA,BOEING,B767-300,1995.0,Wide-Body,Modern (6–15 yrs)
1414,N551UA,BOEING,B737-700,2010.0,Narrow-Body,New (0–5 yrs)
1415,N590UA,BOEING,B767-300,1995.0,Wide-Body,Modern (6–15 yrs)
1416,N349UA,BOEING,B737-500,1992.0,Narrow-Body,Mature (16–25 yrs)
1417,N313UA,BOEING,B737-500,1997.0,Narrow-Body,Modern (6–15 yrs)
1418,N341UA,AIRBUS,A320-200,1989.0,Narrow-Body,Mature (16–25 yrs)
1419,N668UA,BOEING,B757-200,1983.0,Narrow-Body,Mature (16–25 yrs)
1420,N586UA,BOEING,B767-300,1998.0,Wide-Body,Modern (6–15 yrs)
1421,N598UA,BOEING,B737-500,1997.0,Narrow-Body,Modern (6–15 yrs)
1422,N596UA,BOEING,B777-200,1997.0,Wide-Body,Modern (6–15 yrs)
1423,N377UA,BOEING,B737-700,2009.0,Narrow-Body,New (0–5 yrs)
1424,N399UA,BOEING,B737-500,1999.0,Narrow-Body,Modern (6–15 yrs)
1425,N304UA,BOEING,B767-300,2000.0,Wide-Body,Modern (6–15 yrs)
1426,N371UA,BOEING,B737-700,2008.0,Narrow-Body,New (0–5 yrs)
1427,N347UA,BOEING,B737-700,2001.0,Narrow-Body,Modern (6–15 yrs)
1428,N923UA,BOEING,B737-700,2010.0,Narrow-Body,New (0–5 yrs)
1429,N369UA,BOEING,B757-200,2004.0,Narrow-Body,New (0–5 yrs)
1430,N671UA,BOEING,B737-700,2003.0,Narrow-Body,New (0–5 yrs)
1431,N918UA,BOEING,B777-200,2005.0,Wide-Body,New (0–5 yrs)
1432,N374UA,BOEING,B757-200,1999.0,Narrow-Body,Modern (6–15 yrs)
1433,N937UA,BOEING,B777-200,2009.0,Wide-Body,New (0–5 yrs)
1434,N910UA,BOEING,B737-300,1987.0,Narrow-Body,Mature (16–25 yrs)
1435,N675UA,BOEING,B767-300,1991.0,Wide-Body,Mature (16–25 yrs)
1436,N461UA,BOEING,B737-300,1999.0,Narrow-Body,Modern (6–15 yrs)
1437,N411UA,BOEING,B737-700,2009.0,Narrow-Body,New (0–5 yrs)
1438,N310UA,BOEING,B777-200,2003.0,Wide-Body,New (0–5 yrs)
1439,N366UA,BOEING,B737-300,1986.0,Narrow-Body,Mature (16–25 yrs)
1440,N597UA,BOEING,B777-200,2001.0,Wide-Body,Modern (6–15 yrs)
1441,N545UA,BOEING,B757-200,1987.0,Narrow-Body,Mature (16–25 yrs)
1442,N676UA,BOEING,B737-500,1991.0,Narrow-Body,Mature (16–25 yrs)
1443,N413UA,BOEING,B757-200,1992.0,Narrow-Body,Mature (16–25 yrs)
1444,N424UA,AIRBUS,A319-100,2003.0,Narrow-Body,New (0–5 yrs)
1445,N572UA,BOEING,B767-300,1997.0,Wide-Body,Modern (6–15 yrs)
1446,N431UA,AIRBUS,A320-200,2005.0,Narrow-Body,New (0–5 yrs)
1447,N434UA,BOEING,B757-200,1997.0,Narrow-Body,Modern (6–15 yrs)
1448,N421UA,AIRBUS,A319-100,2002.0,Narrow-Body,Modern (6–15 yrs)
1449,N375UA,BOEING,B737-700,2010.0,Narrow-Body,New (0–5 yrs)
1450,N329UA,BOEING,B777-200,2007.0,Wide-Body,New (0–5 yrs)
1451,N370UA,BOEING,B737-300,1990.0,Narrow-Body,Mature (16–25 yrs)
1452,N932UA,BOEING,B737-700,2003.0,Narrow-Body,New (0–5 yrs)
1453,N435UA,BOEING,B737-500,1993.0,Narrow-Body,Modern (6–15 yrs)
1454,N463UA,BOEING,B737-700,2003.0,Narrow-Body,New (0–5 yrs)
1455,N927UA,BOEING,B777-200,1998.0,Wide-Body,Modern (6–15 yrs)
1456,N669UA,BOEING,B777-200,2011.0,Wide-Body,New (0–5 yrs)
1457,N427UA,BOEING,B737-700,2005.0,Narrow-Body,New (0–5 yrs)
1458,N837UA,BOEING,B737-700,2000.0,Narrow-Body,Modern (6–15 yrs)
1459,N831UA,BOEING,B737-500,1989.0,Narrow-Body,Mature (16–25 yrs)
1460,N815UA,BOEING,B757-200,2003.0,Narrow-Body,New (0–5 yrs)
1461,N814UA,BOEING,B737-700,2002.0,Narrow-Body,Modern (6–15 yrs)
1462,N420UA,BOEING,B757-200,2001.0,Narrow-Body,Modern (6–15 yrs)
1463,N825UA,BOEING,B737-300,1985.0,Narrow-Body,Mature (16–25 yrs)
1464,N851UA,BOEING,B767-300,1988.0,Wide-Body,Mature (16–25 yrs)
1465,N543UA,BOEING,B777-200,1997.0,Wide-Body,Modern (6–15 yrs)
1466,N914UA,AIRBUS,A319-100,1998.0,Narrow-Body,Modern (6–15 yrs)
1467,N912UA,AIRBUS,A319-100,1999.0,Narrow-Body,Modern (6–15 yrs)
1468,N924UA,BOEING,B737-700,2008.0,Narrow-Body,New (0–5 yrs)
1469,N930UA,BOEING,B737-300,1997.0,Narrow-Body,Modern (6–15 yrs)
1470,N907UA,BOEING,B737-700,2009.0,Narrow-Body,New (0–5 yrs)
1471,N330UA,BOEING,B767-300,1994.0,Wide-Body,Modern (6–15 yrs)
1472,N922UA,BOEING,B737-500,1998.0,Narrow-Body,Modern (6–15 yrs)
1473,N933UA,BOEING,B777-200,1997.0,Wide-Body,Modern (6–15 yrs)
1474,N936UA,BOEING,B777-200,2011.0,Wide-Body,New (0–5 yrs)
1475,N913UA,BOEING,B757-200,1983.0,Narrow-Body,Mature (16–25 yrs)
1476,N550UA,BOEING,B757-200,2002.0,Narrow-Body,Modern (6–15 yrs)
1477,N403UA,BOEING,B777-200,1994.0,Wide-Body,Modern (6–15 yrs)
1478,N367UA,BOEING,B777-200,2009.0,Wide-Body,New (0–5 yrs)
1479,N919UA,BOEING,B737-700,2002.0,Narrow-Body,Modern (6–15 yrs)
1480,N941UA,BOEING,B737-700,1998.0,Narrow-Body,Modern (6–15 yrs)
1481,N376UA,BOEING,B757-200,1997.0,Narrow-Body,Modern (6–15 yrs)
1482,N202UA,BOEING,B767-300,1993.0,Wide-Body,Modern (6–15 yrs)
1483,N903UA,BOEING,B757-200,2001.0,Narrow-Body,Modern (6–15 yrs)
1484,N521UA,AIRBUS,A319-100,2009.0,Narrow-Body,New (0–5 yrs)
1485,N520UA,BOEING,B737-700,2007.0,Narrow-Body,New (0–5 yrs)
1486,N845UA,BOEING,B767-300,1997.0,Wide-Body,Modern (6–15 yrs)
1487,N567UA,BOEING,B757-200,2000.0,Narrow-Body,Modern (6–15 yrs)
1488,N568UA,BOEING,B777-200,1997.0,Wide-Body,Modern (6–15 yrs)
1489,N571UA,AIRBUS,A320-200,1988.0,Narrow-Body,Mature (16–25 yrs)
1490,N559UA,AIRBUS,A319-100,2007.0,Narrow-Body,New (0–5 yrs)
1491,N579UA,AIRBUS,A320-200,1997.0,Narrow-Body,Modern (6–15 yrs)
1492,N539UA,BOEING,B767-300,1991.0,Wide-Body,Mature (16–25 yrs)
1493,N811UA,BOEING,B757-200,1983.0,Narrow-Body,Mature (16–25 yrs)
1494,N468UA,BOEING,B737-300,1999.0,Narrow-Body,Modern (6–15 yrs)
1495,N415UA,BOEING,B757-200,1996.0,Narrow-Body,Modern (6–15 yrs)
1496,N430UA,BOEING,B737-700,2009.0,Narrow-Body,New (0–5 yrs)
1497,N843UA,BOEING,B777-200,2005.0,Wide-Body,New (0–5 yrs)
1498,N829UA,AIRBUS,A320-200,1997.0,Narrow-Body,Modern (6–15 yrs)
1499,N422UA,AIRBUS,A319-100,2009.0,Narrow-Body,New (0–5 yrs)
1500,N573UA,BOEING,B777-200,1999.0,Wide-Body,Modern (6–15 yrs)
1501,N806UA,BOEING,B737-700,2000.0,Narrow-Body,Modern (6–15 yrs)
1502,N855UA,BOEING,B767-300,1995.0,Wide-Body,Modern (6–15 yrs)
1503,N828UA,BOEING,B777-200,2012.0,Wide-Body,New (0–5 yrs)
1504,N827UA,BOEING,B737-700,1997.0,Narrow-Body,Modern (6–15 yrs)
1505,N826UA,BOEING,B777-200,2000.0,Wide-Body,Modern (6–15 yrs)
1506,N836UA,BOEING,B757-200,1994.0,Narrow-Body,Modern (6–15 yrs)
1507,N802UA,BOEING,B737-300,1991.0,Narrow-Body,Mature (16–25 yrs)
1508,N409UA,AIRBUS,A319-100,2001.0,Narrow-Body,Modern (6–15 yrs)
1509,N813UA,BOEING,B737-300,1997.0,Narrow-Body,Modern (6–15 yrs)
1510,N405UA,AIRBUS,A320-200,1997.0,Narrow-Body,Modern (6–15 yrs)
1511,N833UA,BOEING,B737-300,1989.0,Narrow-Body,Mature (16–25 yrs)
1512,N454UA,BOEING,B737-700,2007.0,Narrow-Body,New (0–5 yrs)
1513,N470UA,AIRBUS,A319-100,1999.0,Narrow-Body,Modern (6–15 yrs)
1514,N844UA,AIRBUS,A319-100,2008.0,Narrow-Body,New (0–5 yrs)
1515,N379UA,BOEING,B737-700,2004.0,Narrow-Body,New (0–5 yrs)
1516,N303UA,BOEING,B777-200,2004.0,Wide-Body,New (0–5 yrs)
1517,N350UA,BOEING,B737-700,2008.0,Narrow-Body,New (0–5 yrs)
1518,N315UA,BOEING,B737-300,1987.0,Narrow-Body,Mature (16–25 yrs)
1519,N348UA,AIRBUS,A320-200,1999.0,Narrow-Body,Modern (6–15 yrs)
1520,N336UA,BOEING,B767-300,1996.0,Wide-Body,Modern (6–15 yrs)
1521,N527UA,BOEING,B777-200,2011.0,Wide-Body,New (0–5 yrs)
1522,N351UA,BOEING,B757-200,1994.0,Narrow-Body,Modern (6–15 yrs)
1523,N921UA,BOEING,B757-200,1983.0,Narrow-Body,Mature (16–25 yrs)
1524,N342UA,BOEING,B737-700,2005.0,Narrow-Body,New (0–5 yrs)
1525,N938UA,AIRBUS,A319-100,2010.0,Narrow-Body,New (0–5 yrs)
1526,N904UA,BOEING,B737-700,2008.0,Narrow-Body,New (0–5 yrs)
1527,N925UA,BOEING,B767-300,1987.0,Wide-Body,Mature (16–25 yrs)
1528,N934UA,AIRBUS,A320-200,1991.0,Narrow-Body,Mature (16–25 yrs)
1529,N801UA,AIRBUS,A319-100,2007.0,Narrow-Body,New (0–5 yrs)
1530,N373UA,BOEING,B737-700,2009.0,Narrow-Body,New (0–5 yrs)
1531,N821UA,BOEING,B737-500,1992.0,Narrow-Body,Mature (16–25 yrs)
1532,N819UA,BOEING,B737-300,1987.0,Narrow-Body,Mature (16–25 yrs)
1533,N325UA,BOEING,B737-500,1993.0,Narrow-Body,Modern (6–15 yrs)
1534,N386UA,AIRBUS,A320-200,1989.0,Narrow-Body,Mature (16–25 yrs)
1535,N810UA,BOEING,B737-300,1984.0,Narrow-Body,Mature (16–25 yrs)
1536,N846UA,BOEING,B777-200,1996.0,Wide-Body,Modern (6–15 yrs)
1537,N203UA,BOEING,B767-300,1987.0,Wide-Body,Mature (16–25 yrs)
1538,N577UA,BOEING,B767-300,1997.0,Wide-Body,Modern (6–15 yrs)
1539,N519UA,AIRBUS,A319-100,2000.0,Narrow-Body,Modern (6–15 yrs)
1540,N593UA,BOEING,B757-200,1996.0,Narrow-Body,Modern (6–15 yrs)
1541,N561UA,BOEING,B777-200,2001.0,Wide-Body,Modern (6–15 yrs)
1542,N566UA,BOEING,B737-700,2003.0,Narrow-Body,New (0–5 yrs)
1543,N535UA,BOEING,B757-200,1983.0,Narrow-Body,Mature (16–25 yrs)
1544,N569UA,BOEING,B777-200,1997.0,Wide-Body,Modern (6–15 yrs)
1545,N534UA,BOEING,B737-700,2002.0,Narrow-Body,Modern (6–15 yrs)
1546,N842UA,BOEING,B737-700,1999.0,Narrow-Body,Modern (6–15 yrs)
1547,N808UA,BOEING,B777-200,2007.0,Wide-Body,New (0–5 yrs)
1548,N426UA,BOEING,B767-300,1990.0,Wide-Body,Mature (16–25 yrs)
1549,N849UA,AIRBUS,A319-100,2010.0,Narrow-Body,New (0–5 yrs)
1550,N853UA,BOEING,B777-200,1995.0,Wide-Body,Modern (6–15 yrs)
1551,N417UA,BOEING,B737-700,2007.0,Narrow-Body,New (0–5 yrs)
1552,N464UA,BOEING,B767-300,1989.0,Wide-Body,Mature (16–25 yrs)
1553,N822UA,AIRBUS,A319-100,1997.0,Narrow-Body,Modern (6–15 yrs)
1554,N412UA,BOEING,B767-300,1990.0,Wide-Body,Mature (16–25 yrs)
1555,N530UA,BOEING,B737-700,2001.0,Narrow-Body,Modern (6–15 yrs)
1556,N832UA,BOEING,B767-300,1994.0,Wide-Body,Modern (6–15 yrs)
1557,N425UA,BOEING,B767-300,1988.0,Wide-Body,Mature (16–25 yrs)
1558,N436UA,BOEING,B737-500,1996.0,Narrow-Body,Modern (6–15 yrs)
1559,N433UA,BOEING,B767-300,1995.0,Wide-Body,Modern (6–15 yrs)
1560,N312UA,BOEING,B767-300,1996.0,Wide-Body,Modern (6–15 yrs)
1561,N503UA,BOEING,B737-300,1996.0,Narrow-Body,Modern (6–15 yrs)
1562,N326UA,BOEING,B757-200,1992.0,Narrow-Body,Mature (16–25 yrs)
1563,N581UA,BOEING,B737-300,1999.0,Narrow-Body,Modern (6–15 yrs)
1564,N580UA,BOEING,B757-200,1987.0,Narrow-Body,Mature (16–25 yrs)
1565,N583UA,BOEING,B777-200,2008.0,Wide-Body,New (0–5 yrs)
1566,N335UA,BOEING,B777-200,1998.0,Wide-Body,Modern (6–15 yrs)
1567,N365UA,BOEING,B757-200,1982.0,Narrow-Body,Aging (26–35 yrs)
1568,N928UA,BOEING,B757-200,1999.0,Narrow-Body,Modern (6–15 yrs)
1569,N308UA,BOEING,B757-200,1983.0,Narrow-Body,Mature (16–25 yrs)
1570,N902UA,AIRBUS,A319-100,2006.0,Narrow-Body,New (0–5 yrs)
1571,N929UA,BOEING,B757-200,2004.0,Narrow-Body,New (0–5 yrs)
1572,N906UA,BOEING,B767-300,1993.0,Wide-Body,Modern (6–15 yrs)
1573,N456UA,BOEING,B777-200,1996.0,Wide-Body,Modern (6–15 yrs)
1574,N423UA,BOEING,B757-200,1983.0,Narrow-Body,Mature (16–25 yrs)
1575,N850UA,BOEING,B757-200,1993.0,Narrow-Body,Modern (6–15 yrs)
1576,N642UA,BOEING,B757-200,2003.0,Narrow-Body,New (0–5 yrs)
1577,N121UA,BOEING,B757-200,2004.0,Narrow-Body,New (0–5 yrs)
1578,N786UA,BOEING,B757-200,2004.0,Narrow-Body,New (0–5 yrs)
1579,N646UA,BOEING,B737-500,1994.0,Narrow-Body,Modern (6–15 yrs)
1580,N661UA,BOEING,B737-300,1987.0,Narrow-Body,Mature (16–25 yrs)
1581,N524UA,BOEING,B737-300,1994.0,Narrow-Body,Modern (6–15 yrs)
1582,N594UA,BOEING,B777-200,2002.0,Wide-Body,Modern (6–15 yrs)
1583,N522UA,BOEING,B777-200,2007.0,Wide-Body,New (0–5 yrs)
1584,N578UA,BOEING,B767-300,1986.0,Wide-Body,Mature (16–25 yrs)
1585,N501UA,BOEING,B737-500,1990.0,Narrow-Body,Mature (16–25 yrs)
1586,N506UA,BOEING,B737-500,2000.0,Narrow-Body,Modern (6–15 yrs)
1587,N540UA,BOEING,B767-300,1988.0,Wide-Body,Mature (16–25 yrs)
1588,N437UA,BOEING,B767-300,1990.0,Wide-Body,Mature (16–25 yrs)
1589,N803UA,BOEING,B757-200,1988.0,Narrow-Body,Mature (16–25 yrs)
1590,N816UA,BOEING,B737-700,2007.0,Narrow-Body,New (0–5 yrs)
1591,N509UA,AIRBUS,A319-100,2012.0,Narrow-Body,New (0–5 yrs)
1592,N839UA,BOEING,B777-200,2003.0,Wide-Body,New (0–5 yrs)
1593,N655UA,BOEING,B777-200,2000.0,Wide-Body,Modern (6–15 yrs)
1594,N660UA,BOEING,B737-700,2010.0,Narrow-Body,New (0–5 yrs)
1595,N332UA,BOEING,B737-700,2001.0,Narrow-Body,Modern (6–15 yrs)
1596,N474UA,BOEING,B737-700,2000.0,Narrow-Body,Modern (6–15 yrs)
1597,N564UA,BOEING,B767-300,1997.0,Wide-Body,Modern (6–15 yrs)
1598,N541UA,AIRBUS,A320-200,2012.0,Narrow-Body,New (0–5 yrs)
1599,N301UA,BOEING,B757-200,1989.0,Narrow-Body,Mature (16–25 yrs)
1600,N398UA,AIRBUS,A319-100,2006.0,Narrow-Body,New (0–5 yrs)
1601,N812UA,AIRBUS,A320-200,1996.0,Narrow-Body,Modern (6–15 yrs)
1602,N847UA,BOEING,B757-200,1986.0,Narrow-Body,Mature (16–25 yrs)
1603,N309UA,BOEING,B777-200,1998.0,Wide-Body,Modern (6–15 yrs)
1604,N574UA,BOEING,B757-200,1988.0,Narrow-Body,Mature (16–25 yrs)
1605,N419UA,AIRBUS,A320-200,1999.0,Narrow-Body,Modern (6–15 yrs)
1606,N314UA,AIRBUS,A319-100,2012.0,Narrow-Body,New (0–5 yrs)
1607,N443UA,BOEING,B777-200,2012.0,Wide-Body,New (0–5 yrs)
1608,N432UA,BOEING,B737-700,2000.0,Narrow-Body,Modern (6–15 yrs)
1609,N584UA,BOEING,B757-200,1983.0,Narrow-Body,Mature (16–25 yrs)
1610,N588UA,BOEING,B757-200,1994.0,Narrow-Body,Modern (6–15 yrs)
1611,N809UA,BOEING,B767-300,1992.0,Wide-Body,Mature (16–25 yrs)
1612,N804UA,BOEING,B777-200,2001.0,Wide-Body,Modern (6–15 yrs)
1613,N410UA,BOEING,B737-700,2002.0,Narrow-Body,Modern (6–15 yrs)
1614,N489UA,BOEING,B737-500,1992.0,Narrow-Body,Mature (16–25 yrs)
1615,N372UA,BOEING,B737-500,1995.0,Narrow-Body,Modern (6–15 yrs)
1616,N327UA,BOEING,B757-200,2001.0,Narrow-Body,Modern (6–15 yrs)
1617,N338UA,BOEING,B737-700,1998.0,Narrow-Body,Modern (6–15 yrs)
1618,N302UA,BOEING,B767-300,1997.0,Wide-Body,Modern (6–15 yrs)
1619,N105UA,BOEING,B737-300,1999.0,Narrow-Body,Modern (6–15 yrs)
1620,N854UA,BOEING,B737-500,1992.0,Narrow-Body,Mature (16–25 yrs)
1621,N318UA,BOEING,B767-300,1999.0,Wide-Body,Modern (6–15 yrs)
1622,N311UA,BOEING,B737-300,1988.0,Narrow-Body,Mature (16–25 yrs)
1623,N824UA,BOEING,B737-300,1998.0,Narrow-Body,Modern (6–15 yrs)
1624,N942UA,BOEING,B737-300,1993.0,Narrow-Body,Modern (6–15 yrs)
1625,N771UA,BOEING,B777-200,1995.0,Wide-Body,Modern (6–15 yrs)
1626,N457UA,BOEING,B767-300,1988.0,Wide-Body,Mature (16–25 yrs)
1627,N218UA,BOEING,B757-200,1997.0,Narrow-Body,Modern (6–15 yrs)
1628,N507UA,BOEING,B737-300,1991.0,Narrow-Body,Mature (16–25 yrs)
1629,N346UA,BOEING,B777-200,2005.0,Wide-Body,New (0–5 yrs)
1630,N385UA,BOEING,B737-300,1998.0,Narrow-Body,Modern (6–15 yrs)
1631,N514UA,BOEING,B737-500,1996.0,Narrow-Body,Modern (6–15 yrs)
1632,N592UA,BOEING,B757-200,2002.0,Narrow-Body,Modern (6–15 yrs)
1633,N418UA,BOEING,B737-500,1999.0,Narrow-Body,Modern (6–15 yrs)
1634,N333UA,BOEING,B767-300,1989.0,Wide-Body,Mature (16–25 yrs)
1635,N382UA,BOEING,B777-200,1997.0,Wide-Body,Modern (6–15 yrs)
1636,N791UA,AIRBUS,A320-200,2002.0,Narrow-Body,Modern (6–15 yrs)
1637,N458UA,BOEING,B757-200,1994.0,Narrow-Body,Modern (6–15 yrs)
1638,N838UA,BOEING,B757-200,1988.0,Narrow-Body,Mature (16–25 yrs)
1639,N823UA,BOEING,B757-200,1999.0,Narrow-Body,Modern (6–15 yrs)
1640,N570UA,BOEING,B737-300,1987.0,Narrow-Body,Mature (16–25 yrs)
1641,N528UA,BOEING,B757-200,1993.0,Narrow-Body,Modern (6–15 yrs)
1642,N306UA,BOEING,B737-300,1995.0,Narrow-Body,Modern (6–15 yrs)
1643,N331UA,BOEING,B757-200,1994.0,Narrow-Body,Modern (6–15 yrs)
1644,N576UA,BOEING,B767-300,1995.0,Wide-Body,Modern (6–15 yrs)
1645,N529UA,BOEING,B777-200,2003.0,Wide-Body,New (0–5 yrs)
1646,N533UA,BOEING,B777-200,2009.0,Wide-Body,New (0–5 yrs)
1647,N228UA,BOEING,B737-500,1999.0,Narrow-Body,Modern (6–15 yrs)
1648,N197UA,BOEING,B767-300,1993.0,Wide-Body,Modern (6–15 yrs)
1649,N643UA,BOEING,B737-700,1999.0,Narrow-Body,Modern (6–15 yrs)
1650,N652UA,BOEING,B737-700,1997.0,Narrow-Body,Modern (6–15 yrs)
1651,N651UA,BOEING,B757-200,1985.0,Narrow-Body,Mature (16–25 yrs)
1652,N444UA,BOEING,B737-500,1993.0,Narrow-Body,Modern (6–15 yrs)
1653,N805UA,BOEING,B777-200,2004.0,Wide-Body,New (0–5 yrs)
1654,N462UA,BOEING,B737-700,2009.0,Narrow-Body,New (0–5 yrs)
1655,N328UA,AIRBUS,A319-100,2004.0,Narrow-Body,New (0–5 yrs)
1656,N307UA,AIRBUS,A319-100,1995.0,Narrow-Body,Modern (6–15 yrs)
1657,N406UA,AIRBUS,A320-200,2000.0,Narrow-Body,Modern (6–15 yrs)
1658,N905UA,BOEING,B777-200,1994.0,Wide-Body,Modern (6–15 yrs)
1659,N483UA,AIRBUS,A320-200,1992.0,Narrow-Body,Mature (16–25 yrs)
1660,N769UA,AIRBUS,A320-200,2010.0,Narrow-Body,New (0–5 yrs)
1661,N663UA,BOEING,B767-300,1997.0,Wide-Body,Modern (6–15 yrs)
1662,N402UA,BOEING,B777-200,1995.0,Wide-Body,Modern (6–15 yrs)
1663,N440UA,BOEING,B767-300,2000.0,Wide-Body,Modern (6–15 yrs)
1664,N782UA,BOEING,B757-200,1996.0,Narrow-Body,Modern (6–15 yrs)
1665,N206UA,BOEING,B767-300,1993.0,Wide-Body,Modern (6–15 yrs)
1666,N798UA,BOEING,B777-200,1996.0,Wide-Body,Modern (6–15 yrs)
1667,N793UA,BOEING,B737-300,1995.0,Narrow-Body,Modern (6–15 yrs)
1668,N780UA,BOEING,B777-200,2007.0,Wide-Body,New (0–5 yrs)
1669,N173UA,BOEING,B757-200,1998.0,Narrow-Body,Modern (6–15 yrs)
1670,N797UA,BOEING,B737-700,2004.0,Narrow-Body,New (0–5 yrs)
1671,N788UA,AIRBUS,A320-200,1991.0,Narrow-Body,Mature (16–25 yrs)
1672,N221UA,BOEING,B757-200,1998.0,Narrow-Body,Modern (6–15 yrs)
1673,N785UA,BOEING,B737-500,1993.0,Narrow-Body,Modern (6–15 yrs)
1674,N781UA,BOEING,B757-200,1987.0,Narrow-Body,Mature (16–25 yrs)
1675,N772UA,AIRBUS,A320-200,2001.0,Narrow-Body,Modern (6–15 yrs)
1676,N778UA,BOEING,B737-700,2007.0,Narrow-Body,New (0–5 yrs)
1677,N773UA,AIRBUS,A319-100,2006.0,Narrow-Body,New (0–5 yrs)
1678,N768UA,AIRBUS,A319-100,2001.0,Narrow-Body,Modern (6–15 yrs)
1679,N794UA,BOEING,B737-700,2005.0,Narrow-Body,New (0–5 yrs)
1680,N777UA,AIRBUS,A319-100,2006.0,Narrow-Body,New (0–5 yrs)
1681,N775UA,BOEING,B737-700,1998.0,Narrow-Body,Modern (6–15 yrs)
1682,N339UA,AIRBUS,A320-200,2005.0,Narrow-Body,New (0–5 yrs)
1683,N479UA,BOEING,B737-500,1994.0,Narrow-Body,Modern (6–15 yrs)
1684,N498UA,BOEING,B767-300,1987.0,Wide-Body,Mature (16–25 yrs)
1685,N447UA,BOEING,B737-700,2001.0,Narrow-Body,Modern (6–15 yrs)
1686,N644UA,BOEING,B757-200,1983.0,Narrow-Body,Mature (16–25 yrs)
1687,N485UA,BOEING,B777-200,1996.0,Wide-Body,Modern (6–15 yrs)
1688,N653UA,BOEING,B737-700,2000.0,Narrow-Body,Modern (6–15 yrs)
1689,N657UA,BOEING,B777-200,2007.0,Wide-Body,New (0–5 yrs)
1690,N658UA,BOEING,B777-200,2003.0,Wide-Body,New (0–5 yrs)
1691,N414UA,BOEING,B757-200,2000.0,Narrow-Body,Modern (6–15 yrs)
1692,N471UA,BOEING,B767-300,2000.0,Wide-Body,Modern (6–15 yrs)
1693,N496UA,BOEING,B737-500,1993.0,Narrow-Body,Modern (6–15 yrs)
1694,N490UA,BOEING,B757-200,2002.0,Narrow-Body,Modern (6–15 yrs)
1695,N445UA,BOEING,B737-500,1992.0,Narrow-Body,Mature (16–25 yrs)
1696,N484UA,BOEING,B767-300,1988.0,Wide-Body,Mature (16–25 yrs)
1697,N488UA,BOEING,B737-300,1992.0,Narrow-Body,Mature (16–25 yrs)
1698,N487UA,BOEING,B737-500,1992.0,Narrow-Body,Mature (16–25 yrs)
1699,N120UA,BOEING,B757-200,1997.0,Narrow-Body,Modern (6–15 yrs)
1700,N401UA,BOEING,B757-200,1991.0,Narrow-Body,Mature (16–25 yrs)
1701,N446UA,BOEING,B737-700,2002.0,Narrow-Body,Modern (6–15 yrs)
1702,N441UA,BOEING,B767-300,1986.0,Wide-Body,Mature (16–25 yrs)
1703,N448UA,BOEING,B757-200,1989.0,Narrow-Body,Mature (16–25 yrs)
1704,N491UA,BOEING,B737-500,1996.0,Narrow-Body,Modern (6–15 yrs)
1705,N649UA,BOEING,B737-300,1991.0,Narrow-Body,Mature (16–25 yrs)
1706,N460UA,BOEING,B757-200,1987.0,Narrow-Body,Mature (16–25 yrs)
1707,N439UA,BOEING,B757-200,1999.0,Narrow-Body,Modern (6–15 yrs)
1708,N476UA,BOEING,B757-200,2000.0,Narrow-Body,Modern (6–15 yrs)
1709,N225UA,BOEING,B757-200,1986.0,Narrow-Body,Mature (16–25 yrs)
1710,N659UA,BOEING,B737-300,1993.0,Narrow-Body,Modern (6–15 yrs)
1711,N774UA,BOEING,B757-200,1999.0,Narrow-Body,Modern (6–15 yrs)
1712,N776UA,BOEING,B757-200,1989.0,Narrow-Body,Mature (16–25 yrs)
1713,N795UA,BOEING,B737-500,1990.0,Narrow-Body,Mature (16–25 yrs)
1714,N779UA,AIRBUS,A320-200,2007.0,Narrow-Body,New (0–5 yrs)
1715,N209UA,BOEING,B737-300,1999.0,Narrow-Body,Modern (6–15 yrs)
1716,N647UA,BOEING,B777-200,2005.0,Wide-Body,New (0–5 yrs)
1717,N223UA,BOEING,B737-700,2007.0,Narrow-Body,New (0–5 yrs)
1718,N222UA,BOEING,B767-300,1997.0,Wide-Body,Modern (6–15 yrs)
1719,N449UA,AIRBUS,A319-100,2012.0,Narrow-Body,New (0–5 yrs)
1720,N480UA,BOEING,B737-300,1999.0,Narrow-Body,Modern (6–15 yrs)
1721,N465UA,BOEING,B757-200,2004.0,Narrow-Body,New (0–5 yrs)
1722,N475UA,BOEING,B737-500,1995.0,Narrow-Body,Modern (6–15 yrs)
1723,N493UA,BOEING,B737-700,1998.0,Narrow-Body,Modern (6–15 yrs)
1724,N492UA,BOEING,B737-300,1999.0,Narrow-Body,Modern (6–15 yrs)
1725,N486UA,BOEING,B757-200,1984.0,Narrow-Body,Mature (16–25 yrs)
1726,N478UA,BOEING,B737-700,2008.0,Narrow-Body,New (0–5 yrs)
1727,N459UA,BOEING,B757-200,1985.0,Narrow-Body,Mature (16–25 yrs)
1728,N467UA,BOEING,B757-200,2004.0,Narrow-Body,New (0–5 yrs)
1729,N495UA,BOEING,B737-500,1991.0,Narrow-Body,Mature (16–25 yrs)
1730,N477UA,AIRBUS,A320-200,1989.0,Narrow-Body,Mature (16–25 yrs)
1731,N473UA,BOEING,B737-700,2008.0,Narrow-Body,New (0–5 yrs)
1732,N451UA,BOEING,B737-300,1992.0,Narrow-Body,Mature (16–25 yrs)
1733,N482UA,BOEING,B757-200,1982.0,Narrow-Body,Aging (26–35 yrs)
1734,N452UA,BOEING,B757-200,2003.0,Narrow-Body,New (0–5 yrs)
1735,N481UA,AIRBUS,A320-200,2012.0,Narrow-Body,New (0–5 yrs)
1736,N497UA,BOEING,B757-200,1987.0,Narrow-Body,Mature (16–25 yrs)
1737,N438UA,AIRBUS,A319-100,1997.0,Narrow-Body,Modern (6–15 yrs)
1738,N442UA,BOEING,B737-700,2003.0,Narrow-Body,New (0–5 yrs)
1739,N494UA,AIRBUS,A319-100,2010.0,Narrow-Body,New (0–5 yrs)
1740,N408UA,BOEING,B757-200,1990.0,Narrow-Body,Mature (16–25 yrs)
1741,N453UA,AIRBUS,A320-200,1993.0,Narrow-Body,Modern (6–15 yrs)
1742,N407UA,BOEING,B737-700,1999.0,Narrow-Body,Modern (6–15 yrs)
1743,N472UA,BOEING,B737-300,1990.0,Narrow-Body,Mature (16–25 yrs)
1744,N469UA,BOEING,B737-700,2002.0,Narrow-Body,Modern (6–15 yrs)
1745,N512AU,AIRBUS,A320-200,1999.0,Narrow-Body,Modern (6–15 yrs)
1746,N815AW,BOEING,B737-300,1986.0,Narrow-Body,Mature (16–25 yrs)
1747,N724UW,AIRBUS,A319-100,2004.0,Narrow-Body,New (0–5 yrs)
1748,N105UW,AIRBUS,A319-100,2001.0,Narrow-Body,Modern (6–15 yrs)
1749,N950UW,BOEING,B737-400,1993.0,Narrow-Body,Modern (6–15 yrs)
1750,N838AW,AIRBUS,A320-200,1999.0,Narrow-Body,Modern (6–15 yrs)
1751,N637AW,BOEING,B757-200,1983.0,Narrow-Body,Mature (16–25 yrs)
1752,N114UW,AIRBUS,A319-100,2005.0,Narrow-Body,New (0–5 yrs)
1753,N927UW,BOMBARDIER,CRJ-200,1998.0,Regional,Modern (6–15 yrs)
1754,N730US,AIRBUS,A319-100,2001.0,Narrow-Body,Modern (6–15 yrs)
1755,N650AW,AIRBUS,A320-200,2001.0,Narrow-Body,Modern (6–15 yrs)
1756,N944UW,AIRBUS,A319-100,1997.0,Narrow-Body,Modern (6–15 yrs)
1757,N173US,BOEING,B737-300,1989.0,Narrow-Body,Mature (16–25 yrs)
1758,N704US,BOEING,B757-200,1985.0,Narrow-Body,Mature (16–25 yrs)
1759,N438US,BOMBARDIER,CRJ-200,1995.0,Regional,Modern (6–15 yrs)
1760,N530AU,AIRBUS,A320-200,2003.0,Narrow-Body,New (0–5 yrs)
1761,N824AW,BOEING,B737-300,1994.0,Narrow-Body,Modern (6–15 yrs)
1762,N711UW,AIRBUS,A319-100,2012.0,Narrow-Body,New (0–5 yrs)
1763,N458UW,AIRBUS,A319-100,1997.0,Narrow-Body,Modern (6–15 yrs)
1764,N946UW,AIRBUS,A320-200,2000.0,Narrow-Body,Modern (6–15 yrs)
1765,N187US,AIRBUS,A319-100,2003.0,Narrow-Body,New (0–5 yrs)
1766,N752US,AIRBUS,A319-100,2006.0,Narrow-Body,New (0–5 yrs)
1767,N932UW,BOMBARDIER,CRJ-200,2001.0,Regional,Modern (6–15 yrs)
1768,N922UW,AIRBUS,A319-100,1999.0,Narrow-Body,Modern (6–15 yrs)
1769,N182UW,AIRBUS,A319-100,2008.0,Narrow-Body,New (0–5 yrs)
1770,N924UW,AIRBUS,A319-100,1999.0,Narrow-Body,Modern (6–15 yrs)
1771,N531AU,AIRBUS,A319-100,2001.0,Narrow-Body,Modern (6–15 yrs)
1772,N921UW,AIRBUS,A319-100,2000.0,Narrow-Body,Modern (6–15 yrs)
1773,N445US,AIRBUS,A320-200,1998.0,Narrow-Body,Modern (6–15 yrs)
1774,N457UW,AIRBUS,A319-100,2001.0,Narrow-Body,Modern (6–15 yrs)
1775,N725UW,AIRBUS,A319-100,2000.0,Narrow-Body,Modern (6–15 yrs)
1776,N169UW,AIRBUS,A319-100,1996.0,Narrow-Body,Modern (6–15 yrs)
1777,N405US,AIRBUS,A319-100,2000.0,Narrow-Body,Modern (6–15 yrs)
1778,N422US,BOMBARDIER,CRJ-200,2003.0,Regional,New (0–5 yrs)
1779,N427US,BOMBARDIER,CRJ-200,1992.0,Regional,Mature (16–25 yrs)
1780,N757UW,AIRBUS,A320-200,2000.0,Narrow-Body,Modern (6–15 yrs)
1781,N444US,AIRBUS,A320-200,1988.0,Narrow-Body,Mature (16–25 yrs)
1782,N451UW,BOEING,B737-400,1998.0,Narrow-Body,Modern (6–15 yrs)
1783,N590US,BOEING,B757-200,1993.0,Narrow-Body,Modern (6–15 yrs)
1784,N203UW,AIRBUS,A320-200,2010.0,Narrow-Body,New (0–5 yrs)
1785,N181UW,BOEING,B737-400,1997.0,Narrow-Body,Modern (6–15 yrs)
1786,N941UW,AIRBUS,A319-100,2009.0,Narrow-Body,New (0–5 yrs)
1787,N764US,BOMBARDIER,CRJ-200,1999.0,Regional,Modern (6–15 yrs)
1788,N702UW,BOMBARDIER,CRJ-200,1993.0,Regional,Modern (6–15 yrs)
1789,N533AU,AIRBUS,A320-200,1988.0,Narrow-Body,Mature (16–25 yrs)
1790,N505AU,AIRBUS,A320-200,1990.0,Narrow-Body,Mature (16–25 yrs)
1791,N532AU,AIRBUS,A319-100,2007.0,Narrow-Body,New (0–5 yrs)
1792,N754UW,BOEING,B737-400,1998.0,Narrow-Body,Modern (6–15 yrs)
1793,N937UW,AIRBUS,A320-200,2000.0,Narrow-Body,Modern (6–15 yrs)
1794,N185UW,AIRBUS,A319-100,2010.0,Narrow-Body,New (0–5 yrs)
1795,N102UW,AIRBUS,A319-100,2012.0,Narrow-Body,New (0–5 yrs)
1796,N763US,AIRBUS,A319-100,2002.0,Narrow-Body,Modern (6–15 yrs)
1797,N172US,AIRBUS,A320-200,1999.0,Narrow-Body,Modern (6–15 yrs)
1798,N709UW,AIRBUS,A320-200,1994.0,Narrow-Body,Modern (6–15 yrs)
1799,N769US,AIRBUS,A320-200,1989.0,Narrow-Body,Mature (16–25 yrs)
1800,N404US,AIRBUS,A319-100,2010.0,Narrow-Body,New (0–5 yrs)
1801,N934UW,BOMBARDIER,CRJ-200,2005.0,Regional,New (0–5 yrs)
1802,N935UW,AIRBUS,A319-100,2002.0,Narrow-Body,Modern (6–15 yrs)
1803,N179UW,AIRBUS,A320-200,1989.0,Narrow-Body,Mature (16–25 yrs)
1804,N574US,AIRBUS,A319-100,2002.0,Narrow-Body,Modern (6–15 yrs)
1805,N433US,AIRBUS,A320-200,1989.0,Narrow-Body,Mature (16–25 yrs)
1806,N106US,AIRBUS,A320-200,1991.0,Narrow-Body,Mature (16–25 yrs)
1807,N733UW,AIRBUS,A320-200,2001.0,Narrow-Body,Modern (6–15 yrs)
1808,N708UW,BOEING,B737-400,1993.0,Narrow-Body,Modern (6–15 yrs)
1809,N577US,AIRBUS,A319-100,2007.0,Narrow-Body,New (0–5 yrs)
1810,N504AU,AIRBUS,A320-200,2012.0,Narrow-Body,New (0–5 yrs)
1811,N434US,BOMBARDIER,CRJ-200,2000.0,Regional,Modern (6–15 yrs)
1812,N589US,AIRBUS,A319-100,2010.0,Narrow-Body,New (0–5 yrs)
1813,N112US,AIRBUS,A320-200,2001.0,Narrow-Body,Modern (6–15 yrs)
1814,N119US,BOEING,B757-200,1985.0,Narrow-Body,Mature (16–25 yrs)
1815,N722US,AIRBUS,A321-200,2000.0,Narrow-Body,Modern (6–15 yrs)
1816,N939UW,BOMBARDIER,CRJ-200,1995.0,Regional,Modern (6–15 yrs)
1817,N245AY,AIRBUS,A319-100,2001.0,Narrow-Body,Modern (6–15 yrs)
1818,N649AW,BOEING,B737-300,1993.0,Narrow-Body,Modern (6–15 yrs)
1819,N167US,AIRBUS,A319-100,2001.0,Narrow-Body,Modern (6–15 yrs)
1820,N665AW,BOEING,B757-200,1995.0,Narrow-Body,Modern (6–15 yrs)
1821,N188US,AIRBUS,A319-100,2004.0,Narrow-Body,New (0–5 yrs)
1822,N424US,AIRBUS,A319-100,2004.0,Narrow-Body,New (0–5 yrs)
1823,N723UW,BOEING,B737-400,1992.0,Narrow-Body,Mature (16–25 yrs)
1824,N162UW,BOMBARDIER,CRJ-200,1993.0,Regional,Modern (6–15 yrs)
1825,N701UW,BOMBARDIER,CRJ-200,1995.0,Regional,Modern (6–15 yrs)
1826,N430US,AIRBUS,A320-200,1992.0,Narrow-Body,Mature (16–25 yrs)
1827,N104UW,AIRBUS,A320-200,1996.0,Narrow-Body,Modern (6–15 yrs)
1828,N183UW,AIRBUS,A320-200,2005.0,Narrow-Body,New (0–5 yrs)
1829,N177US,AIRBUS,A319-100,2007.0,Narrow-Body,New (0–5 yrs)
1830,N118US,BOMBARDIER,CRJ-200,1993.0,Regional,Modern (6–15 yrs)
1831,N930UW,AIRBUS,A320-200,1995.0,Narrow-Body,Modern (6–15 yrs)
1832,N917UW,AIRBUS,A320-200,2009.0,Narrow-Body,New (0–5 yrs)
1833,N753US,BOMBARDIER,CRJ-200,2005.0,Regional,New (0–5 yrs)
1834,N176UW,AIRBUS,A319-100,1996.0,Narrow-Body,Modern (6–15 yrs)
1835,N823AW,BOEING,B757-200,1997.0,Narrow-Body,Modern (6–15 yrs)
1836,N516AU,AIRBUS,A319-100,2012.0,Narrow-Body,New (0–5 yrs)
1837,N737US,AIRBUS,A320-200,2005.0,Narrow-Body,New (0–5 yrs)
1838,N721UW,AIRBUS,A320-200,1999.0,Narrow-Body,Modern (6–15 yrs)
1839,N123UW,AIRBUS,A319-100,2004.0,Narrow-Body,New (0–5 yrs)
1840,N117UW,AIRBUS,A319-100,2011.0,Narrow-Body,New (0–5 yrs)
1841,N454UW,BOEING,B737-400,1995.0,Narrow-Body,Modern (6–15 yrs)
1842,N450UW,AIRBUS,A319-100,1996.0,Narrow-Body,Modern (6–15 yrs)
1843,N441US,BOEING,B737-300,1985.0,Narrow-Body,Mature (16–25 yrs)
1844,N913AW,BOEING,B737-300,1989.0,Narrow-Body,Mature (16–25 yrs)
1845,N703UW,AIRBUS,A319-100,2009.0,Narrow-Body,New (0–5 yrs)
1846,N766US,BOEING,B737-300,1999.0,Narrow-Body,Modern (6–15 yrs)
1847,N745VJ,UNKNOWN,UNKNOWN,,Unknown,Unknown
1848,N174US,BOEING,B757-200,1993.0,Narrow-Body,Modern (6–15 yrs)
1849,N315AW,AIRBUS,A320-200,1991.0,Narrow-Body,Mature (16–25 yrs)
1850,N166AW,AIRBUS,A320-200,2009.0,Narrow-Body,New (0–5 yrs)
1851,N334AW,AIRBUS,A319-100,2004.0,Narrow-Body,New (0–5 yrs)
1852,N805AW,AIRBUS,A319-100,2003.0,Narrow-Body,New (0–5 yrs)
1853,N664AW,AIRBUS,A319-100,2001.0,Narrow-Body,Modern (6–15 yrs)
1854,N620AW,AIRBUS,A320-200,1992.0,Narrow-Body,Mature (16–25 yrs)
1855,N740UW,AIRBUS,A319-100,1998.0,Narrow-Body,Modern (6–15 yrs)
1856,N435US,AIRBUS,A321-200,2000.0,Narrow-Body,Modern (6–15 yrs)
1857,N905AW,AIRBUS,A320-200,1997.0,Narrow-Body,Modern (6–15 yrs)
1858,N902AW,AIRBUS,A320-200,2012.0,Narrow-Body,New (0–5 yrs)
1859,N627AW,AIRBUS,A320-200,2007.0,Narrow-Body,New (0–5 yrs)
1860,N814AW,AIRBUS,A320-200,1994.0,Narrow-Body,Modern (6–15 yrs)
1861,N642AW,AIRBUS,A320-200,2012.0,Narrow-Body,New (0–5 yrs)
1862,N904AW,BOEING,B757-200,2002.0,Narrow-Body,Modern (6–15 yrs)
1863,N109UW,AIRBUS,A319-100,2009.0,Narrow-Body,New (0–5 yrs)
1864,N918UW,AIRBUS,A320-200,2012.0,Narrow-Body,New (0–5 yrs)
1865,N644AW,BOEING,B757-200,1998.0,Narrow-Body,Modern (6–15 yrs)
1866,N659AW,AIRBUS,A320-200,1988.0,Narrow-Body,Mature (16–25 yrs)
1867,N653AW,AIRBUS,A320-200,1990.0,Narrow-Body,Mature (16–25 yrs)
1868,N803AW,AIRBUS,A319-100,2007.0,Narrow-Body,New (0–5 yrs)
1869,N648AW,AIRBUS,A320-200,2006.0,Narrow-Body,New (0–5 yrs)
1870,N822AW,BOEING,B737-300,1997.0,Narrow-Body,Modern (6–15 yrs)
1871,N651AW,BOEING,B737-300,1997.0,Narrow-Body,Modern (6–15 yrs)
1872,N625AW,BOEING,B737-300,1991.0,Narrow-Body,Mature (16–25 yrs)
1873,N801AW,BOEING,B757-200,1999.0,Narrow-Body,Modern (6–15 yrs)
1874,N657AW,BOEING,B757-200,1983.0,Narrow-Body,Mature (16–25 yrs)
1875,N662AW,AIRBUS,A320-200,1988.0,Narrow-Body,Mature (16–25 yrs)
1876,N601AW,AIRBUS,A319-100,1997.0,Narrow-Body,Modern (6–15 yrs)
1877,N925UW,AIRBUS,A320-200,2009.0,Narrow-Body,New (0–5 yrs)
1878,N121UW,AIRBUS,A320-200,1988.0,Narrow-Body,Mature (16–25 yrs)
1879,N923UW,AIRBUS,A319-100,1998.0,Narrow-Body,Modern (6–15 yrs)
1880,N929UW,BOEING,B737-400,1992.0,Narrow-Body,Mature (16–25 yrs)
1881,N603AW,AIRBUS,A319-100,1998.0,Narrow-Body,Modern (6–15 yrs)
1882,N668AW,BOEING,B757-200,1998.0,Narrow-Body,Modern (6–15 yrs)
1883,N636AW,AIRBUS,A319-100,2008.0,Narrow-Body,New (0–5 yrs)
1884,N604AW,AIRBUS,A319-100,1998.0,Narrow-Body,Modern (6–15 yrs)
1885,N113UW,BOEING,B737-400,2000.0,Narrow-Body,Modern (6–15 yrs)
1886,N672AW,BOEING,B737-300,1987.0,Narrow-Body,Mature (16–25 yrs)
1887,N168AW,AIRBUS,A319-100,2000.0,Narrow-Body,Modern (6–15 yrs)
1888,N303AW,AIRBUS,A319-100,1996.0,Narrow-Body,Modern (6–15 yrs)
1889,N108UW,AIRBUS,A319-100,2008.0,Narrow-Body,New (0–5 yrs)
1890,N806AW,AIRBUS,A319-100,2012.0,Narrow-Body,New (0–5 yrs)
1891,N826AW,BOEING,B757-200,1998.0,Narrow-Body,Modern (6–15 yrs)
1892,N812AW,BOEING,B737-300,1987.0,Narrow-Body,Mature (16–25 yrs)
1893,N660AW,AIRBUS,A320-200,1999.0,Narrow-Body,Modern (6–15 yrs)
1894,N634AW,AIRBUS,A320-200,1990.0,Narrow-Body,Mature (16–25 yrs)
1895,N755US,AIRBUS,A320-200,1996.0,Narrow-Body,Modern (6–15 yrs)
1896,N306AW,AIRBUS,A320-200,1995.0,Narrow-Body,Modern (6–15 yrs)
1897,N440US,BOEING,B757-200,1995.0,Narrow-Body,Modern (6–15 yrs)
1898,N206UW,BOMBARDIER,CRJ-200,2004.0,Regional,New (0–5 yrs)
1899,N712US,AIRBUS,A320-200,1989.0,Narrow-Body,Mature (16–25 yrs)
1900,N302AW,AIRBUS,A319-100,2008.0,Narrow-Body,New (0–5 yrs)
1901,N420US,AIRBUS,A319-100,2001.0,Narrow-Body,Modern (6–15 yrs)
1902,N948UW,AIRBUS,A319-100,1996.0,Narrow-Body,Modern (6–15 yrs)
1903,N949UW,AIRBUS,A320-200,2007.0,Narrow-Body,New (0–5 yrs)
1904,N908AW,BOEING,B757-200,2001.0,Narrow-Body,Modern (6–15 yrs)
1905,N807AW,AIRBUS,A319-100,1995.0,Narrow-Body,Modern (6–15 yrs)
1906,N717UW,AIRBUS,A320-200,2006.0,Narrow-Body,New (0–5 yrs)
1907,N517AU,AIRBUS,A319-100,1996.0,Narrow-Body,Modern (6–15 yrs)
1908,N628AW,BOEING,B757-200,1989.0,Narrow-Body,Mature (16–25 yrs)
1909,N667AW,AIRBUS,A319-100,1998.0,Narrow-Body,Modern (6–15 yrs)
1910,N663AW,AIRBUS,A320-200,1998.0,Narrow-Body,Modern (6–15 yrs)
1911,N679AW,AIRBUS,A320-200,2000.0,Narrow-Body,Modern (6–15 yrs)
1912,N742PS,UNKNOWN,UNKNOWN,,Unknown,Unknown
1913,N439US,AIRBUS,A320-200,1995.0,Narrow-Body,Modern (6–15 yrs)
1914,N762US,AIRBUS,A319-100,2009.0,Narrow-Body,New (0–5 yrs)
1915,N746UW,AIRBUS,A320-200,1990.0,Narrow-Body,Mature (16–25 yrs)
1916,N654AW,BOEING,B757-200,1997.0,Narrow-Body,Modern (6–15 yrs)
1917,N308AW,AIRBUS,A320-200,2001.0,Narrow-Body,Modern (6–15 yrs)
1918,N951UW,AIRBUS,A319-100,2005.0,Narrow-Body,New (0–5 yrs)
1919,N443US,AIRBUS,A319-100,2007.0,Narrow-Body,New (0–5 yrs)
1920,N705UW,BOEING,B737-400,1988.0,Narrow-Body,Mature (16–25 yrs)
1921,N748UW,AIRBUS,A319-100,1995.0,Narrow-Body,Modern (6–15 yrs)
1922,N940UW,AIRBUS,A319-100,2008.0,Narrow-Body,New (0–5 yrs)
1923,N186US,BOEING,B757-200,1998.0,Narrow-Body,Modern (6–15 yrs)
1924,N933UW,AIRBUS,A319-100,2010.0,Narrow-Body,New (0–5 yrs)
1925,N191UW,AIRBUS,A319-100,2010.0,Narrow-Body,New (0–5 yrs)
1926,N205UW,BOMBARDIER,CRJ-200,1992.0,Regional,Mature (16–25 yrs)
1927,N750UW,AIRBUS,A319-100,2003.0,Narrow-Body,New (0–5 yrs)
1928,N821AW,AIRBUS,A320-200,2001.0,Narrow-Body,Modern (6–15 yrs)
1929,N184US,BOEING,B737-300,1998.0,Narrow-Body,Modern (6–15 yrs)
1930,N165US,AIRBUS,A320-200,2000.0,Narrow-Body,Modern (6–15 yrs)
1931,N945UW,BOMBARDIER,CRJ-200,1998.0,Regional,Modern (6–15 yrs)
1932,N954UW,BOEING,B737-400,1989.0,Narrow-Body,Mature (16–25 yrs)
1933,N178US,AIRBUS,A319-100,2000.0,Narrow-Body,Modern (6–15 yrs)
1934,N171US,BOEING,B757-200,1992.0,Narrow-Body,Mature (16–25 yrs)
1935,N271AY,AIRBUS,A321-200,2011.0,Narrow-Body,New (0–5 yrs)
1936,N936UW,AIRBUS,A319-100,2007.0,Narrow-Body,New (0–5 yrs)
1937,N825AW,AIRBUS,A320-200,1989.0,Narrow-Body,Mature (16–25 yrs)
1938,N830AW,AIRBUS,A320-200,1997.0,Narrow-Body,Modern (6–15 yrs)
1939,N633AW,AIRBUS,A320-200,1998.0,Narrow-Body,Modern (6–15 yrs)
1940,N828AW,AIRBUS,A320-200,1996.0,Narrow-Body,Modern (6–15 yrs)
1941,N103US,AIRBUS,A319-100,2010.0,Narrow-Body,New (0–5 yrs)
1942,N813AW,AIRBUS,A319-100,2001.0,Narrow-Body,Modern (6–15 yrs)
1943,N901AW,BOEING,B757-200,1986.0,Narrow-Body,Mature (16–25 yrs)
1944,N809AW,AIRBUS,A319-100,2005.0,Narrow-Body,New (0–5 yrs)
1945,N602AW,BOEING,B737-300,1999.0,Narrow-Body,Modern (6–15 yrs)
1946,N675AW,AIRBUS,A319-100,2010.0,Narrow-Body,New (0–5 yrs)
1947,N655AW,AIRBUS,A319-100,2005.0,Narrow-Body,New (0–5 yrs)
1948,N626AW,AIRBUS,A319-100,1995.0,Narrow-Body,Modern (6–15 yrs)
1949,N629AW,BOEING,B737-300,1986.0,Narrow-Body,Mature (16–25 yrs)
1950,N906AW,AIRBUS,A319-100,2012.0,Narrow-Body,New (0–5 yrs)
1951,N818AW,BOEING,B737-300,1985.0,Narrow-Body,Mature (16–25 yrs)
1952,N316AW,AIRBUS,A320-200,1989.0,Narrow-Body,Mature (16–25 yrs)
1953,N631AW,BOEING,B737-300,1997.0,Narrow-Body,Modern (6–15 yrs)
1954,N305AW,AIRBUS,A319-100,2001.0,Narrow-Body,Modern (6–15 yrs)
1955,N314AW,AIRBUS,A320-200,1992.0,Narrow-Body,Mature (16–25 yrs)
1956,N170US,AIRBUS,A319-100,2012.0,Narrow-Body,New (0–5 yrs)
1957,N111US,AIRBUS,A319-100,2004.0,Narrow-Body,New (0–5 yrs)
1958,N751UW,AIRBUS,A320-200,1991.0,Narrow-Body,Mature (16–25 yrs)
1959,N307AW,AIRBUS,A320-200,1993.0,Narrow-Body,Modern (6–15 yrs)
1960,N332AW,BOEING,B737-300,1996.0,Narrow-Body,Modern (6–15 yrs)
1961,N632AW,BOEING,B757-200,1990.0,Narrow-Body,Mature (16–25 yrs)
1962,N835AW,AIRBUS,A319-100,2009.0,Narrow-Body,New (0–5 yrs)
1963,N164AW,AIRBUS,A320-200,2006.0,Narrow-Body,New (0–5 yrs)
1964,N829AW,AIRBUS,A320-200,1995.0,Narrow-Body,Modern (6–15 yrs)
1965,N624AW,BOEING,B757-200,1994.0,Narrow-Body,Modern (6–15 yrs)
1966,N640AW,BOEING,B757-200,1997.0,Narrow-Body,Modern (6–15 yrs)
1967,N180US,AIRBUS,A320-200,1992.0,Narrow-Body,Mature (16–25 yrs)
1968,N678AW,AIRBUS,A320-200,2001.0,Narrow-Body,Modern (6–15 yrs)
1969,N831AW,AIRBUS,A319-100,2002.0,Narrow-Body,Modern (6–15 yrs)
1970,N591US,AIRBUS,A320-200,1993.0,Narrow-Body,Modern (6–15 yrs)
1971,N820AW,AIRBUS,A319-100,2010.0,Narrow-Body,New (0–5 yrs)
1972,N511AU,AIRBUS,A319-100,2011.0,Narrow-Body,New (0–5 yrs)
1973,N514AU,AIRBUS,A319-100,2008.0,Narrow-Body,New (0–5 yrs)
1974,N767UW,AIRBUS,A319-100,2008.0,Narrow-Body,New (0–5 yrs)
1975,N756US,BOMBARDIER,CRJ-200,2005.0,Regional,New (0–5 yrs)
1976,N804AW,AIRBUS,A319-100,2008.0,Narrow-Body,New (0–5 yrs)
1977,N770UW,BOEING,B737-400,1998.0,Narrow-Body,Modern (6–15 yrs)
1978,N953UW,BOEING,B737-400,1996.0,Narrow-Body,Modern (6–15 yrs)
1979,N714US,BOEING,B757-200,2002.0,Narrow-Body,Modern (6–15 yrs)
1980,N588US,AIRBUS,A321-200,2007.0,Narrow-Body,New (0–5 yrs)
1981,N747UW,AIRBUS,A319-100,2011.0,Narrow-Body,New (0–5 yrs)
1982,N506AU,AIRBUS,A320-200,2005.0,Narrow-Body,New (0–5 yrs)
1983,N518AU,AIRBUS,A320-200,1992.0,Narrow-Body,Mature (16–25 yrs)
1984,N163US,AIRBUS,A320-200,2004.0,Narrow-Body,New (0–5 yrs)
1985,N107US,BOEING,B737-300,1990.0,Narrow-Body,Mature (16–25 yrs)
1986,N442US,AIRBUS,A319-100,2012.0,Narrow-Body,New (0–5 yrs)
1987,N417US,AIRBUS,A319-100,2007.0,Narrow-Body,New (0–5 yrs)
1988,N768US,AIRBUS,A320-200,2001.0,Narrow-Body,Modern (6–15 yrs)
1989,N406US,AIRBUS,A321-200,1995.0,Narrow-Body,Modern (6–15 yrs)
1990,N418US,AIRBUS,A320-200,1989.0,Narrow-Body,Mature (16–25 yrs)
1991,N527AU,AIRBUS,A320-200,2006.0,Narrow-Body,New (0–5 yrs)
1992,N920UW,BOEING,B737-400,1995.0,Narrow-Body,Modern (6–15 yrs)
1993,N942UW,BOEING,B737-400,1990.0,Narrow-Body,Mature (16–25 yrs)
1994,N938UW,BOEING,B737-400,1996.0,Narrow-Body,Modern (6–15 yrs)
1995,N749US,AIRBUS,A321-200,2011.0,Narrow-Body,New (0–5 yrs)
1996,N526AU,AIRBUS,A320-200,2001.0,Narrow-Body,Modern (6–15 yrs)
1997,N426US,AIRBUS,A319-100,1996.0,Narrow-Body,Modern (6–15 yrs)
1998,N452UW,AIRBUS,A320-200,1994.0,Narrow-Body,Modern (6–15 yrs)
1999,N449US,BOEING,B757-200,1994.0,Narrow-Body,Modern (6–15 yrs)
2000,N713UW,AIRBUS,A319-100,2007.0,Narrow-Body,New (0–5 yrs)
2001,N253AY,AIRBUS,A321-200,1997.0,Narrow-Body,Modern (6–15 yrs)
2002,N456UW,BOEING,B737-400,1990.0,Narrow-Body,Mature (16–25 yrs)
2003,N758US,BOEING,B757-200,1990.0,Narrow-Body,Mature (16–25 yrs)
2004,N738US,AIRBUS,A321-200,2005.0,Narrow-Body,New (0–5 yrs)
2005,N715UW,AIRBUS,A319-100,2008.0,Narrow-Body,New (0–5 yrs)
2006,N432US,BOEING,B757-200,1992.0,Narrow-Body,Mature (16–25 yrs)
2007,N175AW,BOEING,B737-300,1989.0,Narrow-Body,Mature (16–25 yrs)
2008,N158AW,AIRBUS,A320-200,2000.0,Narrow-Body,Modern (6–15 yrs)
2009,N810AW,AIRBUS,A319-100,2009.0,Narrow-Body,New (0–5 yrs)
2010,N817AW,AIRBUS,A319-100,1997.0,Narrow-Body,Modern (6–15 yrs)
2011,N680AW,AIRBUS,A320-200,2010.0,Narrow-Body,New (0–5 yrs)
2012,N529AU,AIRBUS,A320-200,2011.0,Narrow-Body,New (0–5 yrs)
2013,N122US,AIRBUS,A319-100,2012.0,Narrow-Body,New (0–5 yrs)
2014,N309AW,AIRBUS,A320-200,1990.0,Narrow-Body,Mature (16–25 yrs)
2015,N652AW,BOEING,B757-200,2001.0,Narrow-Body,Modern (6–15 yrs)
2016,N677AW,BOEING,B737-300,1990.0,Narrow-Body,Mature (16–25 yrs)
2017,N605AW,BOEING,B757-200,1995.0,Narrow-Body,Modern (6–15 yrs)
2018,N834AW,BOEING,B737-300,1985.0,Narrow-Body,Mature (16–25 yrs)
2019,N157AW,BOEING,B757-200,1986.0,Narrow-Body,Mature (16–25 yrs)
2020,N155AW,AIRBUS,A319-100,2002.0,Narrow-Body,Modern (6–15 yrs)
2021,N459UW,BOMBARDIER,CRJ-200,2005.0,Regional,New (0–5 yrs)
2022,N840AW,AIRBUS,A320-200,2010.0,Narrow-Body,New (0–5 yrs)
2023,N656AW,AIRBUS,A320-200,2004.0,Narrow-Body,New (0–5 yrs)
2024,N910AW,BOEING,B757-200,1986.0,Narrow-Body,Mature (16–25 yrs)
2025,N673AW,AIRBUS,A320-200,1992.0,Narrow-Body,Mature (16–25 yrs)
2026,N837AW,BOEING,B737-300,1984.0,Narrow-Body,Mature (16–25 yrs)
2027,N710UW,BOMBARDIER,CRJ-200,1999.0,Regional,Modern (6–15 yrs)
2028,N192UW,AIRBUS,A319-100,2009.0,Narrow-Body,New (0–5 yrs)
2029,N202UW,AIRBUS,A319-100,2005.0,Narrow-Body,New (0–5 yrs)
2030,N421US,BOMBARDIER,CRJ-200,2006.0,Regional,New (0–5 yrs)
2031,N741UW,AIRBUS,A320-200,2007.0,Narrow-Body,New (0–5 yrs)
2032,N760US,AIRBUS,A320-200,2004.0,Narrow-Body,New (0–5 yrs)
2033,N246AY,AIRBUS,A321-200,2010.0,Narrow-Body,New (0–5 yrs)
2034,N200UU,UNKNOWN,UNKNOWN,,Unknown,Unknown
2035,N716UW,AIRBUS,A319-100,1997.0,Narrow-Body,Modern (6–15 yrs)
2036,N189UW,AIRBUS,A319-100,2000.0,Narrow-Body,Modern (6–15 yrs)
2037,N833AW,AIRBUS,A319-100,2010.0,Narrow-Body,New (0–5 yrs)
2038,N156AW,AIRBUS,A319-100,2011.0,Narrow-Body,New (0–5 yrs)
2039,N903AW,AIRBUS,A319-100,2004.0,Narrow-Body,New (0–5 yrs)
2040,N832AW,AIRBUS,A319-100,2002.0,Narrow-Body,Modern (6–15 yrs)
2041,N647AW,AIRBUS,A320-200,2002.0,Narrow-Body,Modern (6–15 yrs)
2042,N827AW,BOEING,B737-300,1988.0,Narrow-Body,Mature (16–25 yrs)
2043,N676AW,AIRBUS,A319-100,2011.0,Narrow-Body,New (0–5 yrs)
2044,N914AW,BOEING,B757-200,1983.0,Narrow-Body,Mature (16–25 yrs)
2045,N732US,BOEING,B757-200,2002.0,Narrow-Body,Modern (6–15 yrs)
2046,N765US,AIRBUS,A321-200,2004.0,Narrow-Body,New (0–5 yrs)
2047,N661AW,BOEING,B737-300,1993.0,Narrow-Body,Modern (6–15 yrs)
2048,N124US,BOEING,B737-300,1992.0,Narrow-Body,Mature (16–25 yrs)
2049,N110UW,BOMBARDIER,CRJ-200,1992.0,Regional,Mature (16–25 yrs)
2050,N455UW,AIRBUS,A320-200,1992.0,Narrow-Body,Mature (16–25 yrs)
2051,N161UW,AIRBUS,A320-200,2007.0,Narrow-Body,New (0–5 yrs)
2052,N256AY,AIRBUS,A319-100,2009.0,Narrow-Body,New (0–5 yrs)
2053,N425US,AIRBUS,A320-200,2000.0,Narrow-Body,Modern (6–15 yrs)
2054,N839AW,AIRBUS,A320-200,2000.0,Narrow-Body,Modern (6–15 yrs)
2055,N311AW,AIRBUS,A319-100,2001.0,Narrow-Body,Modern (6–15 yrs)
2056,N619AW,AIRBUS,A320-200,2010.0,Narrow-Body,New (0–5 yrs)
2057,N916UW,BOMBARDIER,CRJ-200,1997.0,Regional,Modern (6–15 yrs)
2058,N251AY,AIRBUS,A319-100,2006.0,Narrow-Body,New (0–5 yrs)
2059,N204UW,AIRBUS,A319-100,2000.0,Narrow-Body,Modern (6–15 yrs)
2060,N621AW,AIRBUS,A320-200,1994.0,Narrow-Body,Modern (6–15 yrs)
2061,N248AY,AIRBUS,A321-200,2003.0,Narrow-Body,New (0–5 yrs)
2062,N423US,BOMBARDIER,CRJ-200,1996.0,Regional,Modern (6–15 yrs)
2063,N909AW,BOEING,B737-300,1988.0,Narrow-Body,Mature (16–25 yrs)
2064,N808AW,AIRBUS,A319-100,1999.0,Narrow-Body,Modern (6–15 yrs)
2065,N816AW,AIRBUS,A320-200,1994.0,Narrow-Body,Modern (6–15 yrs)
2066,N658AW,AIRBUS,A319-100,2009.0,Narrow-Body,New (0–5 yrs)
2067,N409US,BOEING,B737-300,1993.0,Narrow-Body,Modern (6–15 yrs)
2068,N460UW,BOEING,B737-400,1991.0,Narrow-Body,Mature (16–25 yrs)
2069,N947UW,AIRBUS,A320-200,2000.0,Narrow-Body,Modern (6–15 yrs)
2070,N836AW,AIRBUS,A320-200,1999.0,Narrow-Body,Modern (6–15 yrs)
2071,N313AW,AIRBUS,A319-100,1995.0,Narrow-Body,Modern (6–15 yrs)
2072,N419US,BOEING,B737-300,1985.0,Narrow-Body,Mature (16–25 yrs)
2073,N802AW,AIRBUS,A319-100,2012.0,Narrow-Body,New (0–5 yrs)
2074,N322AW,AIRBUS,A320-200,2004.0,Narrow-Body,New (0–5 yrs)
2075,N272AY,AIRBUS,A321-200,2008.0,Narrow-Body,New (0–5 yrs)
2076,N255AY,AIRBUS,A321-200,1997.0,Narrow-Body,Modern (6–15 yrs)
2077,N249AU,AIRBUS,A320-200,2003.0,Narrow-Body,New (0–5 yrs)
2078,N819AW,BOEING,B757-200,2003.0,Narrow-Body,New (0–5 yrs)
2079,N744P,UNKNOWN,UNKNOWN,,Unknown,Unknown
2080,N250AY,AIRBUS,A321-200,1996.0,Narrow-Body,Modern (6–15 yrs)
2081,N160AW,AIRBUS,A319-100,2000.0,Narrow-Body,Modern (6–15 yrs)
2082,N190UW,AIRBUS,A319-100,2010.0,Narrow-Body,New (0–5 yrs)
2083,N453UW,AIRBUS,A319-100,2001.0,Narrow-Body,Modern (6–15 yrs)
2084,N952UW,AIRBUS,A320-200,1988.0,Narrow-Body,Mature (16–25 yrs)
2085,N276AY,AIRBUS,A319-100,1998.0,Narrow-Body,Modern (6–15 yrs)
2086,N275AY,AIRBUS,A321-200,1997.0,Narrow-Body,Modern (6–15 yrs)
2087,N674AW,AIRBUS,A320-200,2009.0,Narrow-Body,New (0–5 yrs)
2088,N700UW,BOMBARDIER,CRJ-200,2003.0,Regional,New (0–5 yrs)
2089,N201UU,UNKNOWN,UNKNOWN,,Unknown,Unknown
2090,N669AW,BOEING,B737-300,1997.0,Narrow-Body,Modern (6–15 yrs)
2091,N919UW,AIRBUS,A319-100,1997.0,Narrow-Body,Modern (6–15 yrs)
2092,N273AY,AIRBUS,A321-200,2003.0,Narrow-Body,New (0–5 yrs)
2093,N622AW,AIRBUS,A320-200,1990.0,Narrow-Body,Mature (16–25 yrs)
2094,N277AY,AIRBUS,A321-200,2004.0,Narrow-Body,New (0–5 yrs)
2095,N274AY,AIRBUS,A321-200,2012.0,Narrow-Body,New (0–5 yrs)
2096,N322SW,BOEING,B737-700,2004.0,Narrow-Body,New (0–5 yrs)
2097,N397DA,BOMBARDIER,CRJ-700,2000.0,Regional,Modern (6–15 yrs)
2098,N678DL,BOEING,B737-800,1999.0,Narrow-Body,Modern (6–15 yrs)
2099,N945DL,MCDONNELL DOUGLAS,MD-88,1988.0,Narrow-Body,Mature (16–25 yrs)
2100,N6706Q,UNKNOWN,UNKNOWN,,Unknown,Unknown
2101,N610DL,BOEING,B757-200,2000.0,Narrow-Body,Modern (6–15 yrs)
2102,N129DL,BOEING,B767-300,1995.0,Wide-Body,Modern (6–15 yrs)
2103,N924DL,BOMBARDIER,CRJ-200,2005.0,Regional,New (0–5 yrs)
2104,N918DL,BOEING,B777-200,2009.0,Wide-Body,New (0–5 yrs)
2105,N917DE,BOEING,B737-800,1999.0,Narrow-Body,Modern (6–15 yrs)
2106,N6714Q,UNKNOWN,UNKNOWN,,Unknown,Unknown
2107,N994DL,BOEING,B777-200,1999.0,Wide-Body,Modern (6–15 yrs)
2108,N606DL,BOEING,B757-200,1990.0,Narrow-Body,Mature (16–25 yrs)
2109,N901DE,BOEING,B737-800,2010.0,Narrow-Body,New (0–5 yrs)
2110,N712TW,MCDONNELL DOUGLAS,MD-80,1986.0,Narrow-Body,Mature (16–25 yrs)
2111,N616DL,BOMBARDIER,CRJ-200,2005.0,Regional,New (0–5 yrs)
2112,N944DL,BOEING,B757-200,1995.0,Narrow-Body,Modern (6–15 yrs)
2113,N3743H,UNKNOWN,UNKNOWN,,Unknown,Unknown
2114,N991DL,MCDONNELL DOUGLAS,MD-88,1997.0,Narrow-Body,Modern (6–15 yrs)
2115,N906DA,BOMBARDIER,CRJ-200,2002.0,Regional,Modern (6–15 yrs)
2116,N974DL,BOEING,B757-200,1994.0,Narrow-Body,Modern (6–15 yrs)
2117,N943DL,BOEING,B757-200,1997.0,Narrow-Body,Modern (6–15 yrs)
2118,N639DL,BOEING,B737-800,2001.0,Narrow-Body,Modern (6–15 yrs)
2119,N921DL,BOEING,B777-200,2009.0,Wide-Body,New (0–5 yrs)
2120,N673DL,MCDONNELL DOUGLAS,MD-88,1996.0,Narrow-Body,Modern (6–15 yrs)
2121,N380DA,BOMBARDIER,CRJ-200,1994.0,Regional,Modern (6–15 yrs)
2122,N3738B,UNKNOWN,UNKNOWN,,Unknown,Unknown
2123,N908DA,BOMBARDIER,CRJ-200,1998.0,Regional,Modern (6–15 yrs)
2124,N3740C,UNKNOWN,UNKNOWN,,Unknown,Unknown
2125,N905DA,BOMBARDIER,CRJ-200,1995.0,Regional,Modern (6–15 yrs)
2126,N916DL,BOEING,B757-200,2000.0,Narrow-Body,Modern (6–15 yrs)
2127,N637DL,MCDONNELL DOUGLAS,MD-88,1996.0,Narrow-Body,Modern (6–15 yrs)
2128,N911DA,BOMBARDIER,CRJ-200,2003.0,Regional,New (0–5 yrs)
2129,N137DL,MCDONNELL DOUGLAS,MD-90,1995.0,Narrow-Body,Modern (6–15 yrs)
2130,N827MH,BOMBARDIER,CRJ-700,1998.0,Regional,Modern (6–15 yrs)
2131,N983DL,MCDONNELL DOUGLAS,MD-88,1997.0,Narrow-Body,Modern (6–15 yrs)
2132,N963DL,MCDONNELL DOUGLAS,MD-88,1995.0,Narrow-Body,Modern (6–15 yrs)
2133,N999DN,BOMBARDIER,CRJ-200,1993.0,Regional,Modern (6–15 yrs)
2134,N907DL,BOEING,B767-300,2000.0,Wide-Body,Modern (6–15 yrs)
2135,N913DE,BOEING,B737-800,2003.0,Narrow-Body,New (0–5 yrs)
2136,N910DE,BOEING,B757-200,1999.0,Narrow-Body,Modern (6–15 yrs)
2137,N916DE,BOEING,B737-800,2001.0,Narrow-Body,Modern (6–15 yrs)
2138,N908DE,BOEING,B737-800,2003.0,Narrow-Body,New (0–5 yrs)
2139,N909DE,BOEING,B757-200,1999.0,Narrow-Body,Modern (6–15 yrs)
2140,N658DL,MCDONNELL DOUGLAS,MD-90,1994.0,Narrow-Body,Modern (6–15 yrs)
2141,N864DA,BOMBARDIER,CRJ-200,2005.0,Regional,New (0–5 yrs)
2142,N860DA,BOMBARDIER,CRJ-200,1997.0,Regional,Modern (6–15 yrs)
2143,N6700,UNKNOWN,UNKNOWN,,Unknown,Unknown
2144,N662DN,BOEING,B757-200,1994.0,Narrow-Body,Modern (6–15 yrs)
2145,N833MH,BOMBARDIER,CRJ-700,2003.0,Regional,New (0–5 yrs)
2146,N6711M,UNKNOWN,UNKNOWN,,Unknown,Unknown
2147,N682DA,BOMBARDIER,CRJ-200,2003.0,Regional,New (0–5 yrs)
2148,N685DA,BOMBARDIER,CRJ-200,2000.0,Regional,Modern (6–15 yrs)
2149,N139DL,MCDONNELL DOUGLAS,MD-88,1993.0,Narrow-Body,Modern (6–15 yrs)
2150,N630DL,BOEING,B767-300,1992.0,Wide-Body,Mature (16–25 yrs)
2151,N828MH,BOMBARDIER,CRJ-200,1996.0,Regional,Modern (6–15 yrs)
2152,N6709,UNKNOWN,UNKNOWN,,Unknown,Unknown
2153,N965DL,BOEING,B777-200,2005.0,Wide-Body,New (0–5 yrs)
2154,N667DN,BOEING,B757-200,2000.0,Narrow-Body,Modern (6–15 yrs)
2155,N6704Z,UNKNOWN,UNKNOWN,,Unknown,Unknown
2156,N954DL,MCDONNELL DOUGLAS,MD-88,1995.0,Narrow-Body,Modern (6–15 yrs)
2157,N1402A,UNKNOWN,UNKNOWN,,Unknown,Unknown
2158,N684DA,BOMBARDIER,CRJ-200,2001.0,Regional,Modern (6–15 yrs)
2159,N609DL,MCDONNELL DOUGLAS,MD-90,1999.0,Narrow-Body,Modern (6–15 yrs)
2160,N614DL,BOEING,B757-200,1983.0,Narrow-Body,Mature (16–25 yrs)
2161,N395DN,MCDONNELL DOUGLAS,DC-9-41,1974.0,Narrow-Body,Aging (26–35 yrs)
2162,N721TW,BOEING,B747-400,1995.0,Wide-Body,Modern (6–15 yrs)
2163,N920DE,BOEING,B737-800,2001.0,Narrow-Body,Modern (6–15 yrs)
2164,N906DL,BOEING,B757-200,1993.0,Narrow-Body,Modern (6–15 yrs)
2165,N378DA,BOMBARDIER,CRJ-700,2000.0,Regional,Modern (6–15 yrs)
2166,N674DL,BOEING,B767-300,1986.0,Wide-Body,Mature (16–25 yrs)
2167,N6715C,UNKNOWN,UNKNOWN,,Unknown,Unknown
2168,N981DL,BOMBARDIER,CRJ-200,2005.0,Regional,New (0–5 yrs)
2169,N621DL,MCDONNELL DOUGLAS,MD-90,1994.0,Narrow-Body,Modern (6–15 yrs)
2170,N936DL,MCDONNELL DOUGLAS,MD-90,1994.0,Narrow-Body,Modern (6–15 yrs)
2171,N618DL,BOEING,B737-800,2012.0,Narrow-Body,New (0–5 yrs)
2172,N645DL,MCDONNELL DOUGLAS,MD-90,1996.0,Narrow-Body,Modern (6–15 yrs)
2173,N692DL,MCDONNELL DOUGLAS,MD-88,1994.0,Narrow-Body,Modern (6–15 yrs)
2174,N710TW,BOEING,B767-300,1993.0,Wide-Body,Modern (6–15 yrs)
2175,N975DL,MCDONNELL DOUGLAS,MD-90,1997.0,Narrow-Body,Modern (6–15 yrs)
2176,N3735D,UNKNOWN,UNKNOWN,,Unknown,Unknown
2177,N969DL,BOEING,B777-200,2007.0,Wide-Body,New (0–5 yrs)
2178,N903DE,BOEING,B737-800,2002.0,Narrow-Body,Modern (6–15 yrs)
2179,N951DL,BOEING,B757-200,1987.0,Narrow-Body,Mature (16–25 yrs)
2180,N995DL,MCDONNELL DOUGLAS,MD-88,1995.0,Narrow-Body,Modern (6–15 yrs)
2181,N956DL,BOEING,B757-200,2004.0,Narrow-Body,New (0–5 yrs)
2182,N703TW,BOEING,B757-200,2001.0,Narrow-Body,Modern (6–15 yrs)
2183,N935DL,MCDONNELL DOUGLAS,MD-90,1994.0,Narrow-Body,Modern (6–15 yrs)
2184,N980DL,BOEING,B757-200,1989.0,Narrow-Body,Mature (16–25 yrs)
2185,N656DL,BOMBARDIER,CRJ-200,1999.0,Regional,Modern (6–15 yrs)
2186,N138DL,BOEING,B737-800,2004.0,Narrow-Body,New (0–5 yrs)
2187,N631DL,BOEING,B777-200,2004.0,Wide-Body,New (0–5 yrs)
2188,N3733Z,UNKNOWN,UNKNOWN,,Unknown,Unknown
2189,N612DL,MCDONNELL DOUGLAS,MD-90,1995.0,Narrow-Body,Modern (6–15 yrs)
2190,N904DE,BOEING,B757-200,1990.0,Narrow-Body,Mature (16–25 yrs)
2191,N382DA,BOMBARDIER,CRJ-200,1995.0,Regional,Modern (6–15 yrs)
2192,N681DA,BOMBARDIER,CRJ-700,2003.0,Regional,New (0–5 yrs)
2193,N993DL,BOEING,B737-800,2000.0,Narrow-Body,Modern (6–15 yrs)
2194,N939DL,BOMBARDIER,CRJ-200,1997.0,Regional,Modern (6–15 yrs)
2195,N831MH,BOMBARDIER,CRJ-200,2002.0,Regional,Modern (6–15 yrs)
2196,N973DL,MCDONNELL DOUGLAS,MD-88,1990.0,Narrow-Body,Mature (16–25 yrs)
2197,N941DL,BOEING,B757-200,1994.0,Narrow-Body,Modern (6–15 yrs)
2198,N933DL,BOEING,B777-200,1999.0,Wide-Body,Modern (6–15 yrs)
2199,N654DL,BOEING,B757-200,1983.0,Narrow-Body,Mature (16–25 yrs)
2200,N124DE,BOEING,B737-800,2005.0,Narrow-Body,New (0–5 yrs)
2201,N911DL,MCDONNELL DOUGLAS,MD-88,1997.0,Narrow-Body,Modern (6–15 yrs)
2202,N133DN,BOMBARDIER,CRJ-200,1993.0,Regional,Modern (6–15 yrs)
2203,N835MH,BOMBARDIER,CRJ-200,1995.0,Regional,Modern (6–15 yrs)
2204,N923DL,BOEING,B767-300,1997.0,Wide-Body,Modern (6–15 yrs)
2205,N966DL,MCDONNELL DOUGLAS,MD-90,1994.0,Narrow-Body,Modern (6–15 yrs)
2206,N996DL,BOEING,B757-200,1986.0,Narrow-Body,Mature (16–25 yrs)
2207,N3762Y,UNKNOWN,UNKNOWN,,Unknown,Unknown
2208,N607DL,BOEING,B777-200,2012.0,Wide-Body,New (0–5 yrs)
2209,N919DL,BOEING,B757-200,1982.0,Narrow-Body,Aging (26–35 yrs)
2210,N829MH,BOMBARDIER,CRJ-700,2000.0,Regional,Modern (6–15 yrs)
2211,N960DL,BOEING,B737-800,2010.0,Narrow-Body,New (0–5 yrs)
2212,N909DA,BOMBARDIER,CRJ-700,1999.0,Regional,Modern (6–15 yrs)
2213,N661DN,BOMBARDIER,CRJ-200,2003.0,Regional,New (0–5 yrs)
2214,N3734B,UNKNOWN,UNKNOWN,,Unknown,Unknown
2215,N927DA,BOMBARDIER,CRJ-700,2000.0,Regional,Modern (6–15 yrs)
2216,N634DL,BOEING,B777-200,2006.0,Wide-Body,New (0–5 yrs)
2217,N659DL,MCDONNELL DOUGLAS,MD-88,1995.0,Narrow-Body,Modern (6–15 yrs)
2218,N932DL,BOEING,B737-800,2011.0,Narrow-Body,New (0–5 yrs)
2219,N396DA,BOMBARDIER,CRJ-200,1992.0,Regional,Mature (16–25 yrs)
2220,N687DL,BOMBARDIER,CRJ-200,1993.0,Regional,Modern (6–15 yrs)
2221,N912DL,BOEING,B767-300,1987.0,Wide-Body,Mature (16–25 yrs)
2222,N982DL,MCDONNELL DOUGLAS,MD-90,1998.0,Narrow-Body,Modern (6–15 yrs)
2223,N989DL,BOMBARDIER,CRJ-200,1996.0,Regional,Modern (6–15 yrs)
2224,N615DL,MCDONNELL DOUGLAS,MD-90,1994.0,Narrow-Body,Modern (6–15 yrs)
2225,N624DL,BOMBARDIER,CRJ-200,1994.0,Regional,Modern (6–15 yrs)
2226,N140LL,UNKNOWN,UNKNOWN,,Unknown,Unknown
2227,N968DL,MCDONNELL DOUGLAS,MD-88,1987.0,Narrow-Body,Mature (16–25 yrs)
2228,N617DL,BOEING,B767-300,1995.0,Wide-Body,Modern (6–15 yrs)
2229,N905DE,BOEING,B737-800,2007.0,Narrow-Body,New (0–5 yrs)
2230,N967DL,BOEING,B757-200,1994.0,Narrow-Body,Modern (6–15 yrs)
2231,N997DL,BOEING,B737-800,2000.0,Narrow-Body,Modern (6–15 yrs)
2232,N977DL,BOEING,B737-800,1999.0,Narrow-Body,Modern (6–15 yrs)
2233,N6707A,UNKNOWN,UNKNOWN,,Unknown,Unknown
2234,N900DE,BOEING,B757-200,1996.0,Narrow-Body,Modern (6–15 yrs)
2235,N992DL,BOEING,B757-200,1999.0,Narrow-Body,Modern (6–15 yrs)
2236,N914DL,MCDONNELL DOUGLAS,MD-88,1994.0,Narrow-Body,Modern (6–15 yrs)
2237,N3731T,UNKNOWN,UNKNOWN,,Unknown,Unknown
2238,N699DL,MCDONNELL DOUGLAS,MD-88,1993.0,Narrow-Body,Modern (6–15 yrs)
2239,N638DL,BOEING,B767-300,2000.0,Wide-Body,Modern (6–15 yrs)
2240,N986DL,MCDONNELL DOUGLAS,MD-90,1998.0,Narrow-Body,Modern (6–15 yrs)
2241,N3767,UNKNOWN,UNKNOWN,,Unknown,Unknown
2242,N373DA,BOMBARDIER,CRJ-700,1995.0,Regional,Modern (6–15 yrs)
2243,N948DL,BOMBARDIER,CRJ-200,2004.0,Regional,New (0–5 yrs)
2244,N657DL,MCDONNELL DOUGLAS,MD-88,1996.0,Narrow-Body,Modern (6–15 yrs)
2245,N383DN,BOEING,B757-200,2001.0,Narrow-Body,Modern (6–15 yrs)
2246,N702TW,BOEING,B747-400,1995.0,Wide-Body,Modern (6–15 yrs)
2247,N709TW,MCDONNELL DOUGLAS,MD-80,1986.0,Narrow-Body,Mature (16–25 yrs)
2248,N387DA,BOMBARDIER,CRJ-200,2006.0,Regional,New (0–5 yrs)
2249,N660DL,BOEING,B737-800,2004.0,Narrow-Body,New (0–5 yrs)
2250,N952DL,BOEING,B737-800,2006.0,Narrow-Body,New (0–5 yrs)
2251,N938DL,BOEING,B757-200,1996.0,Narrow-Body,Modern (6–15 yrs)
2252,N953DL,MCDONNELL DOUGLAS,MD-88,1990.0,Narrow-Body,Mature (16–25 yrs)
2253,N398DA,BOMBARDIER,CRJ-200,2005.0,Regional,New (0–5 yrs)
2254,N903DA,BOMBARDIER,CRJ-200,1994.0,Regional,Modern (6–15 yrs)
2255,N641DL,MCDONNELL DOUGLAS,MD-90,1994.0,Narrow-Body,Modern (6–15 yrs)
2256,N914DN,MCDONNELL DOUGLAS,DC-9-41,1975.0,Narrow-Body,Aging (26–35 yrs)
2257,N134DL,BOEING,B737-800,2005.0,Narrow-Body,New (0–5 yrs)
2258,N666DN,MCDONNELL DOUGLAS,DC-9-41,1974.0,Narrow-Body,Aging (26–35 yrs)
2259,N913DN,BOEING,B757-200,1987.0,Narrow-Body,Mature (16–25 yrs)
2260,N628DL,BOMBARDIER,CRJ-200,1998.0,Regional,Modern (6–15 yrs)
2261,N947DL,BOEING,B757-200,1997.0,Narrow-Body,Modern (6–15 yrs)
2262,N998DL,BOEING,B737-800,2008.0,Narrow-Body,New (0–5 yrs)
2263,N970DL,BOMBARDIER,CRJ-200,2006.0,Regional,New (0–5 yrs)
2264,N3765,UNKNOWN,UNKNOWN,,Unknown,Unknown
2265,N905DL,MCDONNELL DOUGLAS,MD-88,1997.0,Narrow-Body,Modern (6–15 yrs)
2266,N393DA,BOMBARDIER,CRJ-200,1995.0,Regional,Modern (6–15 yrs)
2267,N647DL,MCDONNELL DOUGLAS,MD-90,1994.0,Narrow-Body,Modern (6–15 yrs)
2268,N131DN,BOEING,B757-200,1984.0,Narrow-Body,Mature (16–25 yrs)
2269,N686DA,BOMBARDIER,CRJ-200,1995.0,Regional,Modern (6–15 yrs)
2270,N677DL,BOEING,B777-200,1997.0,Wide-Body,Modern (6–15 yrs)
2271,N642DL,MCDONNELL DOUGLAS,MD-88,1996.0,Narrow-Body,Modern (6–15 yrs)
2272,N627DL,MCDONNELL DOUGLAS,MD-88,1997.0,Narrow-Body,Modern (6–15 yrs)
2273,N750AT,BOEING,B737-800,2007.0,Narrow-Body,New (0–5 yrs)
2274,N3755D,UNKNOWN,UNKNOWN,,Unknown,Unknown
2275,N6701,UNKNOWN,UNKNOWN,,Unknown,Unknown
2276,N904DL,BOEING,B767-300,1995.0,Wide-Body,Modern (6–15 yrs)
2277,N608DA,BOMBARDIER,CRJ-700,1995.0,Regional,Modern (6–15 yrs)
2278,N971DL,BOEING,B767-300,1994.0,Wide-Body,Modern (6–15 yrs)
2279,N984DL,BOEING,B757-200,1992.0,Narrow-Body,Mature (16–25 yrs)
2280,N931DL,BOEING,B757-200,1990.0,Narrow-Body,Mature (16–25 yrs)
2281,N6703D,UNKNOWN,UNKNOWN,,Unknown,Unknown
2282,N375DA,BOMBARDIER,CRJ-200,2000.0,Regional,Modern (6–15 yrs)
2283,N689DL,BOEING,B737-800,1999.0,Narrow-Body,Modern (6–15 yrs)
2284,N707TW,BOEING,B767-300,1997.0,Wide-Body,Modern (6–15 yrs)
2285,N181DN,MCDONNELL DOUGLAS,DC-9-41,1971.0,Narrow-Body,Legacy (35+ yrs)
2286,N862DA,BOMBARDIER,CRJ-700,1999.0,Regional,Modern (6–15 yrs)
2287,N751AT,BOEING,B737-800,2006.0,Narrow-Body,New (0–5 yrs)
2288,N690DL,BOMBARDIER,CRJ-200,2003.0,Regional,New (0–5 yrs)
2289,N3742C,UNKNOWN,UNKNOWN,,Unknown,Unknown
2290,N706TW,BOEING,B747-400,2009.0,Wide-Body,New (0–5 yrs)
2291,N386DA,BOMBARDIER,CRJ-700,1999.0,Regional,Modern (6–15 yrs)
2292,N961DL,BOEING,B777-200,2012.0,Wide-Body,New (0–5 yrs)
2293,N919DE,BOEING,B737-800,2004.0,Narrow-Body,New (0–5 yrs)
2294,N928DL,BOEING,B757-200,1994.0,Narrow-Body,Modern (6–15 yrs)
2295,N916DN,BOEING,B757-200,1984.0,Narrow-Body,Mature (16–25 yrs)
2296,N623DL,BOEING,B737-800,2010.0,Narrow-Body,New (0–5 yrs)
2297,N644DL,MCDONNELL DOUGLAS,MD-88,1991.0,Narrow-Body,Mature (16–25 yrs)
2298,N695DA,BOMBARDIER,CRJ-700,1997.0,Regional,Modern (6–15 yrs)
2299,N670DN,BOEING,B757-200,1982.0,Narrow-Body,Aging (26–35 yrs)
2300,N648DL,BOEING,B777-200,1994.0,Wide-Body,Modern (6–15 yrs)
2301,N926DL,BOEING,B757-200,1982.0,Narrow-Body,Aging (26–35 yrs)
2302,N625DL,BOEING,B737-800,2011.0,Narrow-Body,New (0–5 yrs)
2303,N199DN,MCDONNELL DOUGLAS,DC-9-41,1970.0,Narrow-Body,Legacy (35+ yrs)
2304,N632DL,BOEING,B767-300,1990.0,Wide-Body,Mature (16–25 yrs)
2305,N990DL,BOEING,B737-800,2005.0,Narrow-Body,New (0–5 yrs)
2306,N675DL,BOEING,B757-200,1986.0,Narrow-Body,Mature (16–25 yrs)
2307,N910DL,MCDONNELL DOUGLAS,MD-88,1988.0,Narrow-Body,Mature (16–25 yrs)
2308,N676DL,BOEING,B757-200,1992.0,Narrow-Body,Mature (16–25 yrs)
2309,N680DA,BOMBARDIER,CRJ-200,2000.0,Regional,Modern (6–15 yrs)
2310,N125DL,BOEING,B737-800,2005.0,Narrow-Body,New (0–5 yrs)
2311,N907DE,BOEING,B757-200,2003.0,Narrow-Body,New (0–5 yrs)
2312,N651DL,BOEING,B737-800,2000.0,Narrow-Body,Modern (6–15 yrs)
2313,N694DA,BOMBARDIER,CRJ-700,1996.0,Regional,Modern (6–15 yrs)
2314,N955DL,MCDONNELL DOUGLAS,MD-88,1994.0,Narrow-Body,Modern (6–15 yrs)
2315,N3749D,UNKNOWN,UNKNOWN,,Unknown,Unknown
2316,N987DL,BOMBARDIER,CRJ-200,2001.0,Regional,Modern (6–15 yrs)
2317,N704X,UNKNOWN,UNKNOWN,,Unknown,Unknown
2318,N67171,UNKNOWN,UNKNOWN,,Unknown,Unknown
2319,N929DL,BOEING,B737-800,2003.0,Narrow-Body,New (0–5 yrs)
2320,N904DA,BOMBARDIER,CRJ-200,2006.0,Regional,New (0–5 yrs)
2321,N136DL,MCDONNELL DOUGLAS,MD-88,1993.0,Narrow-Body,Modern (6–15 yrs)
2322,N377DA,BOMBARDIER,CRJ-200,1998.0,Regional,Modern (6–15 yrs)
2323,N3764D,UNKNOWN,UNKNOWN,,Unknown,Unknown
2324,N978DL,BOMBARDIER,CRJ-200,1996.0,Regional,Modern (6–15 yrs)
2325,N3768,UNKNOWN,UNKNOWN,,Unknown,Unknown
2326,N912DN,BOMBARDIER,CRJ-200,1994.0,Regional,Modern (6–15 yrs)
2327,N653DL,BOEING,B767-300,1996.0,Wide-Body,Modern (6–15 yrs)
2328,N964DL,BOMBARDIER,CRJ-200,2001.0,Regional,Modern (6–15 yrs)
2329,N669DN,MCDONNELL DOUGLAS,DC-9-41,1972.0,Narrow-Body,Legacy (35+ yrs)
2330,N665DN,BOEING,B757-200,2003.0,Narrow-Body,New (0–5 yrs)
2331,N836MH,BOMBARDIER,CRJ-700,2004.0,Regional,New (0–5 yrs)
2332,N832MH,BOMBARDIER,CRJ-700,1996.0,Regional,Modern (6–15 yrs)
2333,N3756,UNKNOWN,UNKNOWN,,Unknown,Unknown
2334,N915DN,BOEING,B757-200,1984.0,Narrow-Body,Mature (16–25 yrs)
2335,N907DA,BOMBARDIER,CRJ-200,1998.0,Regional,Modern (6–15 yrs)
2336,N830MH,BOMBARDIER,CRJ-200,1995.0,Regional,Modern (6–15 yrs)
2337,N697DL,BOEING,B737-800,2010.0,Narrow-Body,New (0–5 yrs)
2338,N946DL,MCDONNELL DOUGLAS,MD-88,1995.0,Narrow-Body,Modern (6–15 yrs)
2339,N601DL,BOEING,B737-800,2012.0,Narrow-Body,New (0–5 yrs)
2340,N908DL,BOEING,B757-200,1984.0,Narrow-Body,Mature (16–25 yrs)
2341,N646DL,BOEING,B737-800,2008.0,Narrow-Body,New (0–5 yrs)
2342,N633DL,MCDONNELL DOUGLAS,MD-88,1989.0,Narrow-Body,Mature (16–25 yrs)
2343,N979DL,MCDONNELL DOUGLAS,MD-88,1994.0,Narrow-Body,Modern (6–15 yrs)
2344,N379DA,BOMBARDIER,CRJ-200,1997.0,Regional,Modern (6–15 yrs)
2345,N902DA,BOMBARDIER,CRJ-200,2002.0,Regional,Modern (6–15 yrs)
2346,N629DL,BOEING,B757-200,2003.0,Narrow-Body,New (0–5 yrs)
2347,N937DL,BOMBARDIER,CRJ-200,2000.0,Regional,Modern (6–15 yrs)
2348,N901DA,BOMBARDIER,CRJ-700,2003.0,Regional,New (0–5 yrs)
2349,N649DL,BOEING,B757-200,1992.0,Narrow-Body,Mature (16–25 yrs)
2350,N126DL,BOEING,B737-800,2011.0,Narrow-Body,New (0–5 yrs)
2351,N3754A,UNKNOWN,UNKNOWN,,Unknown,Unknown
2352,N917DL,BOEING,B737-800,2001.0,Narrow-Body,Modern (6–15 yrs)
2353,N6716C,UNKNOWN,UNKNOWN,,Unknown,Unknown
2354,N636DL,BOMBARDIER,CRJ-200,2004.0,Regional,New (0–5 yrs)
2355,N6710E,UNKNOWN,UNKNOWN,,Unknown,Unknown
2356,N144DA,BOMBARDIER,CRJ-700,1997.0,Regional,Modern (6–15 yrs)
2357,N688DL,BOEING,B757-200,1997.0,Narrow-Body,Modern (6–15 yrs)
2358,N918DE,BOEING,B757-200,1988.0,Narrow-Body,Mature (16–25 yrs)
2359,N6708D,UNKNOWN,UNKNOWN,,Unknown,Unknown
2360,N6705Y,UNKNOWN,UNKNOWN,,Unknown,Unknown
2361,N3748Y,UNKNOWN,UNKNOWN,,Unknown,Unknown
2362,N130DL,BOEING,B757-200,1994.0,Narrow-Body,Modern (6–15 yrs)
2363,N619DL,BOMBARDIER,CRJ-200,2003.0,Regional,New (0–5 yrs)
2364,N3763D,UNKNOWN,UNKNOWN,,Unknown,Unknown
2365,N652DL,MCDONNELL DOUGLAS,MD-90,2000.0,Narrow-Body,Modern (6–15 yrs)
2366,N962DL,MCDONNELL DOUGLAS,MD-88,1988.0,Narrow-Body,Mature (16–25 yrs)
2367,N958DL,BOEING,B737-800,2005.0,Narrow-Body,New (0–5 yrs)
2368,N922DL,BOEING,B777-200,2011.0,Wide-Body,New (0–5 yrs)
2369,N930DL,BOEING,B757-200,1997.0,Narrow-Body,Modern (6–15 yrs)
2370,N3750D,UNKNOWN,UNKNOWN,,Unknown,Unknown
2371,N622DL,BOEING,B737-800,2000.0,Narrow-Body,Modern (6–15 yrs)
2372,N3752,UNKNOWN,UNKNOWN,,Unknown,Unknown
2373,N371DA,BOMBARDIER,CRJ-200,2002.0,Regional,Modern (6–15 yrs)
2374,N635DL,MCDONNELL DOUGLAS,MD-90,2000.0,Narrow-Body,Modern (6–15 yrs)
2375,N3766,UNKNOWN,UNKNOWN,,Unknown,Unknown
2376,N3771K,UNKNOWN,UNKNOWN,,Unknown,Unknown
2377,N3732J,UNKNOWN,UNKNOWN,,Unknown,Unknown
2378,N394DA,BOMBARDIER,CRJ-700,2005.0,Regional,New (0–5 yrs)
2379,N693DL,MCDONNELL DOUGLAS,MD-88,1988.0,Narrow-Body,Mature (16–25 yrs)
2380,N664DN,MCDONNELL DOUGLAS,DC-9-41,1978.0,Narrow-Body,Aging (26–35 yrs)
2381,N942DL,BOEING,B757-200,1994.0,Narrow-Body,Modern (6–15 yrs)
2382,N934DL,BOEING,B757-200,1985.0,Narrow-Body,Mature (16–25 yrs)
2383,N940DL,BOEING,B757-200,1995.0,Narrow-Body,Modern (6–15 yrs)
2384,N949DL,BOEING,B777-200,1997.0,Wide-Body,Modern (6–15 yrs)
2385,N913DL,BOEING,B737-800,2007.0,Narrow-Body,New (0–5 yrs)
2386,N911DE,BOEING,B737-800,2012.0,Narrow-Body,New (0–5 yrs)
2387,N683DA,BOMBARDIER,CRJ-700,2000.0,Regional,Modern (6–15 yrs)
2388,N127DL,MCDONNELL DOUGLAS,MD-88,1994.0,Narrow-Body,Modern (6–15 yrs)
2389,N172DN,BOEING,B757-200,1998.0,Narrow-Body,Modern (6–15 yrs)
2390,N950DL,MCDONNELL DOUGLAS,MD-90,1994.0,Narrow-Body,Modern (6–15 yrs)
2391,N3759,UNKNOWN,UNKNOWN,,Unknown,Unknown
2392,N6712B,UNKNOWN,UNKNOWN,,Unknown,Unknown
2393,N185DN,MCDONNELL DOUGLAS,DC-9-41,1974.0,Narrow-Body,Aging (26–35 yrs)
2394,N3760C,UNKNOWN,UNKNOWN,,Unknown,Unknown
2395,N867DA,BOMBARDIER,CRJ-200,2002.0,Regional,Modern (6–15 yrs)
2396,N909DL,BOEING,B737-800,2007.0,Narrow-Body,New (0–5 yrs)
2397,N604DL,BOEING,B757-200,1993.0,Narrow-Body,Modern (6–15 yrs)
2398,N613DL,MCDONNELL DOUGLAS,MD-88,1987.0,Narrow-Body,Mature (16–25 yrs)
2399,N920DL,BOEING,B757-200,1986.0,Narrow-Body,Mature (16–25 yrs)
2400,N976DL,MCDONNELL DOUGLAS,MD-90,1997.0,Narrow-Body,Modern (6–15 yrs)
2401,N176DN,BOMBARDIER,CRJ-200,1994.0,Regional,Modern (6–15 yrs)
2402,N381DA,BOMBARDIER,CRJ-200,1996.0,Regional,Modern (6–15 yrs)
2403,N696DA,BOMBARDIER,CRJ-200,1992.0,Regional,Mature (16–25 yrs)
2404,N671DN,BOEING,B757-200,1992.0,Narrow-Body,Mature (16–25 yrs)
2405,N3751B,UNKNOWN,UNKNOWN,,Unknown,Unknown
2406,N3741S,UNKNOWN,UNKNOWN,,Unknown,Unknown
2407,N385DN,MCDONNELL DOUGLAS,DC-9-41,1977.0,Narrow-Body,Aging (26–35 yrs)
2408,N679DA,BOMBARDIER,CRJ-200,2006.0,Regional,New (0–5 yrs)
2409,N602DL,MCDONNELL DOUGLAS,MD-90,1998.0,Narrow-Body,Modern (6–15 yrs)
2410,N925DL,BOEING,B757-200,1995.0,Narrow-Body,Modern (6–15 yrs)
2411,N143DA,BOMBARDIER,CRJ-700,1995.0,Regional,Modern (6–15 yrs)
2412,N389DA,BOMBARDIER,CRJ-700,1995.0,Regional,Modern (6–15 yrs)
2413,N3758Y,UNKNOWN,UNKNOWN,,Unknown,Unknown
2414,N668DN,BOEING,B757-200,1994.0,Narrow-Body,Modern (6–15 yrs)
2415,N972DL,BOEING,B737-800,1999.0,Narrow-Body,Modern (6–15 yrs)
2416,N391DA,BOMBARDIER,CRJ-700,1997.0,Regional,Modern (6–15 yrs)
2417,N838MH,BOMBARDIER,CRJ-700,1998.0,Regional,Modern (6–15 yrs)
2418,N902DE,BOEING,B737-800,2004.0,Narrow-Body,New (0–5 yrs)
2419,N376DA,BOMBARDIER,CRJ-200,2002.0,Regional,Modern (6–15 yrs)
2420,N6702,UNKNOWN,UNKNOWN,,Unknown,Unknown
2421,N863DA,BOMBARDIER,CRJ-700,2003.0,Regional,New (0–5 yrs)
2422,N175DN,MCDONNELL DOUGLAS,DC-9-41,1978.0,Narrow-Body,Aging (26–35 yrs)
2423,N834MH,BOMBARDIER,CRJ-200,1998.0,Regional,Modern (6–15 yrs)
2424,N3761R,UNKNOWN,UNKNOWN,,Unknown,Unknown
2425,N752AT,BOEING,B737-800,2001.0,Narrow-Body,Modern (6–15 yrs)
2426,N3747D,UNKNOWN,UNKNOWN,,Unknown,Unknown
2427,N655DL,MCDONNELL DOUGLAS,MD-88,1993.0,Narrow-Body,Modern (6–15 yrs)
2428,N650DL,MCDONNELL DOUGLAS,MD-88,1992.0,Narrow-Body,Mature (16–25 yrs)
2429,N640DL,BOEING,B757-200,1991.0,Narrow-Body,Mature (16–25 yrs)
2430,N135DL,BOEING,B757-200,1985.0,Narrow-Body,Mature (16–25 yrs)
2431,N3730B,UNKNOWN,UNKNOWN,,Unknown,Unknown
2432,N6713Y,UNKNOWN,UNKNOWN,,Unknown,Unknown
2433,N3745B,UNKNOWN,UNKNOWN,,Unknown,Unknown
2434,N128DL,MCDONNELL DOUGLAS,MD-90,1993.0,Narrow-Body,Modern (6–15 yrs)
2435,N3757D,UNKNOWN,UNKNOWN,,Unknown,Unknown
2436,N915DL,BOEING,B767-300,1995.0,Wide-Body,Modern (6–15 yrs)
2437,N985DL,MCDONNELL DOUGLAS,MD-90,1996.0,Narrow-Body,Modern (6–15 yrs)
2438,N384DA,BOMBARDIER,CRJ-200,1992.0,Regional,Mature (16–25 yrs)
2439,N3744D,UNKNOWN,UNKNOWN,,Unknown,Unknown
2440,N3737C,UNKNOWN,UNKNOWN,,Unknown,Unknown
2441,N906DE,BOEING,B757-200,1985.0,Narrow-Body,Mature (16–25 yrs)
2442,N861DA,BOMBARDIER,CRJ-700,2005.0,Regional,New (0–5 yrs)
2443,N988DL,MCDONNELL DOUGLAS,MD-88,1997.0,Narrow-Body,Modern (6–15 yrs)
2444,N390DA,BOMBARDIER,CRJ-200,1992.0,Regional,Mature (16–25 yrs)
2445,N1200K,UNKNOWN,UNKNOWN,,Unknown,Unknown
2446,N957DL,MCDONNELL DOUGLAS,MD-88,1996.0,Narrow-Body,Modern (6–15 yrs)
2447,N663DN,BOMBARDIER,CRJ-200,1997.0,Regional,Modern (6–15 yrs)
2448,N626DL,MCDONNELL DOUGLAS,MD-88,1991.0,Narrow-Body,Mature (16–25 yrs)
2449,N672DL,MCDONNELL DOUGLAS,MD-88,1991.0,Narrow-Body,Mature (16–25 yrs)
2450,N3769L,UNKNOWN,UNKNOWN,,Unknown,Unknown
2451,N900PC,UNKNOWN,UNKNOWN,,Unknown,Unknown
2452,N757AT,BOEING,B757-300,1999.0,Narrow-Body,Modern (6–15 yrs)
2453,N912DE,BOEING,B737-800,2004.0,Narrow-Body,New (0–5 yrs)
2454,N611DL,BOMBARDIER,CRJ-200,2003.0,Regional,New (0–5 yrs)
2455,N605DL,BOMBARDIER,CRJ-200,1995.0,Regional,Modern (6–15 yrs)
2456,N191DN,MCDONNELL DOUGLAS,DC-9-41,1977.0,Narrow-Body,Aging (26–35 yrs)
2457,N392DA,BOMBARDIER,CRJ-700,2002.0,Regional,Modern (6–15 yrs)
2458,N3753,UNKNOWN,UNKNOWN,,Unknown,Unknown
2459,N3739,UNKNOWN,UNKNOWN,,Unknown,Unknown
2460,N915DE,BOEING,B737-800,2010.0,Narrow-Body,New (0–5 yrs)
2461,N37700,UNKNOWN,UNKNOWN,,Unknown,Unknown
2462,N914DE,BOEING,B737-800,2005.0,Narrow-Body,New (0–5 yrs)
2463,N399DA,BOMBARDIER,CRJ-200,2004.0,Regional,New (0–5 yrs)
2464,N372DA,BOMBARDIER,CRJ-200,1995.0,Regional,Modern (6–15 yrs)
2465,N843MH,BOMBARDIER,CRJ-700,2003.0,Regional,New (0–5 yrs)
2466,N121DE,BOEING,B757-200,1992.0,Narrow-Body,Mature (16–25 yrs)
2467,N174DN,BOMBARDIER,CRJ-200,1996.0,Regional,Modern (6–15 yrs)
2468,N825MH,BOMBARDIER,CRJ-200,1997.0,Regional,Modern (6–15 yrs)
2469,N698DL,BOEING,B767-300,1995.0,Wide-Body,Modern (6–15 yrs)
2470,N388DA,BOMBARDIER,CRJ-700,1997.0,Regional,Modern (6–15 yrs)
2471,N910DN,BOEING,B757-200,1989.0,Narrow-Body,Mature (16–25 yrs)
2472,N184DN,BOMBARDIER,CRJ-200,1992.0,Regional,Mature (16–25 yrs)
2473,N3746H,UNKNOWN,UNKNOWN,,Unknown,Unknown
2474,N173DN,BOMBARDIER,CRJ-200,2000.0,Regional,Modern (6–15 yrs)
2475,N317CA,BOEING,B767-200,1990.0,Wide-Body,Mature (16–25 yrs)
2476,N738EV,BOMBARDIER,CRJ-200,2001.0,Regional,Modern (6–15 yrs)
2477,N854AS,BOEING,B737-800,2003.0,Narrow-Body,New (0–5 yrs)
2478,N820AS,BOEING,B737-800,2009.0,Narrow-Body,New (0–5 yrs)
2479,N713EV,EMBRAER,ERJ-145,1998.0,Regional,Modern (6–15 yrs)
2480,N908EV,EMBRAER,ERJ-145,1997.0,Regional,Modern (6–15 yrs)
2481,N843AS,BOEING,B737-800,2007.0,Narrow-Body,New (0–5 yrs)
2482,N684BR,EMBRAER,ERJ-175,2000.0,Regional,Modern (6–15 yrs)
2483,N858AS,BOEING,B737-700,2001.0,Narrow-Body,Modern (6–15 yrs)
2484,N877AS,BOEING,B737-800,2009.0,Narrow-Body,New (0–5 yrs)
2485,N880AS,MCDONNELL DOUGLAS,MD-80,1990.0,Narrow-Body,Mature (16–25 yrs)
2486,N886AS,MCDONNELL DOUGLAS,MD-80,1982.0,Narrow-Body,Aging (26–35 yrs)
2487,N970EV,BOMBARDIER,CRJ-200,2005.0,Regional,New (0–5 yrs)
2488,N837AS,MCDONNELL DOUGLAS,MD-80,1981.0,Narrow-Body,Aging (26–35 yrs)
2489,N924EV,EMBRAER,ERJ-145,2000.0,Regional,Modern (6–15 yrs)
2490,N889AS,BOEING,B737-400,1992.0,Narrow-Body,Mature (16–25 yrs)
2491,N720EV,EMBRAER,ERJ-145,1999.0,Regional,Modern (6–15 yrs)
2492,N706EV,EMBRAER,ERJ-145,2006.0,Regional,New (0–5 yrs)
2493,N355CA,BOEING,B737-500,2000.0,Narrow-Body,Modern (6–15 yrs)
2494,N849AS,MCDONNELL DOUGLAS,MD-80,1993.0,Narrow-Body,Modern (6–15 yrs)
2495,N390CA,BOEING,B757-200,1999.0,Narrow-Body,Modern (6–15 yrs)
2496,N740EV,BOMBARDIER,CRJ-200,2000.0,Regional,Modern (6–15 yrs)
2497,N712EV,BOMBARDIER,CRJ-200,1996.0,Regional,Modern (6–15 yrs)
2498,N659CA,BOEING,B737-500,1989.0,Narrow-Body,Mature (16–25 yrs)
2499,N750EV,EMBRAER,ERJ-145,2006.0,Regional,New (0–5 yrs)
2500,N331CA,BOEING,B737-700,2002.0,Narrow-Body,Modern (6–15 yrs)
2501,N717EV,BOMBARDIER,CRJ-200,2002.0,Regional,Modern (6–15 yrs)
2502,N709EV,EMBRAER,ERJ-145,2000.0,Regional,Modern (6–15 yrs)
2503,N708EV,EMBRAER,ERJ-145,2002.0,Regional,Modern (6–15 yrs)
2504,N760EV,BOMBARDIER,CRJ-200,2004.0,Regional,New (0–5 yrs)
2505,N354CA,BOEING,B737-700,2000.0,Narrow-Body,Modern (6–15 yrs)
2506,N741EV,EMBRAER,ERJ-145,2006.0,Regional,New (0–5 yrs)
2507,N748EV,EMBRAER,ERJ-145,1998.0,Regional,Modern (6–15 yrs)
2508,N925EV,EMBRAER,ERJ-145,1995.0,Regional,Modern (6–15 yrs)
2509,N902EV,EMBRAER,ERJ-145,1997.0,Regional,Modern (6–15 yrs)
2510,N851AS,BOEING,B737-800,2001.0,Narrow-Body,Modern (6–15 yrs)
2511,N935EV,BOMBARDIER,CRJ-200,1993.0,Regional,Modern (6–15 yrs)
2512,N838AS,MCDONNELL DOUGLAS,MD-80,1981.0,Narrow-Body,Aging (26–35 yrs)
2513,N846AS,MCDONNELL DOUGLAS,MD-80,1987.0,Narrow-Body,Mature (16–25 yrs)
2514,N850AS,BOEING,B737-400,1996.0,Narrow-Body,Modern (6–15 yrs)
2515,N868AS,BOEING,B737-800,1998.0,Narrow-Body,Modern (6–15 yrs)
2516,N900EV,BOMBARDIER,CRJ-200,2000.0,Regional,Modern (6–15 yrs)
2517,N931EV,EMBRAER,ERJ-145,2005.0,Regional,New (0–5 yrs)
2518,N842AS,BOEING,B737-800,1998.0,Narrow-Body,Modern (6–15 yrs)
2519,N874AS,BOEING,B737-700,2002.0,Narrow-Body,Modern (6–15 yrs)
2520,N973EV,EMBRAER,ERJ-145,2000.0,Regional,Modern (6–15 yrs)
2521,N827AS,BOEING,B737-400,2000.0,Narrow-Body,Modern (6–15 yrs)
2522,N914EV,BOMBARDIER,CRJ-200,1998.0,Regional,Modern (6–15 yrs)
2523,N919EV,BOMBARDIER,CRJ-200,2001.0,Regional,Modern (6–15 yrs)
2524,N921EV,BOMBARDIER,CRJ-200,1994.0,Regional,Modern (6–15 yrs)
2525,N922EV,EMBRAER,ERJ-145,2005.0,Regional,New (0–5 yrs)
2526,N754EV,EMBRAER,ERJ-145,1996.0,Regional,Modern (6–15 yrs)
2527,N932EV,EMBRAER,ERJ-145,2002.0,Regional,Modern (6–15 yrs)
2528,N906EV,EMBRAER,ERJ-145,1999.0,Regional,Modern (6–15 yrs)
2529,N744EV,EMBRAER,ERJ-145,1997.0,Regional,Modern (6–15 yrs)
2530,N686BR,EMBRAER,ERJ-170,2004.0,Regional,New (0–5 yrs)
2531,N759EV,BOMBARDIER,CRJ-200,1992.0,Regional,Mature (16–25 yrs)
2532,N724EV,EMBRAER,ERJ-145,2004.0,Regional,New (0–5 yrs)
2533,N723EV,BOMBARDIER,CRJ-200,2006.0,Regional,New (0–5 yrs)
2534,N758EV,EMBRAER,ERJ-145,1995.0,Regional,Modern (6–15 yrs)
2535,N977EV,BOMBARDIER,CRJ-200,2002.0,Regional,Modern (6–15 yrs)
2536,N681BR,EMBRAER,ERJ-175,1997.0,Regional,Modern (6–15 yrs)
2537,N847AS,BOEING,B737-400,1989.0,Narrow-Body,Mature (16–25 yrs)
2538,N857AS,BOEING,B737-400,1998.0,Narrow-Body,Modern (6–15 yrs)
2539,N971EV,BOMBARDIER,CRJ-200,2001.0,Regional,Modern (6–15 yrs)
2540,N878AS,BOEING,B737-800,2000.0,Narrow-Body,Modern (6–15 yrs)
2541,N828AS,MCDONNELL DOUGLAS,MD-80,1993.0,Narrow-Body,Modern (6–15 yrs)
2542,N853AS,BOEING,B737-800,2003.0,Narrow-Body,New (0–5 yrs)
2543,N834AS,MCDONNELL DOUGLAS,MD-80,1979.0,Narrow-Body,Aging (26–35 yrs)
2544,N976EV,EMBRAER,ERJ-145,2003.0,Regional,New (0–5 yrs)
2545,N710EV,EMBRAER,ERJ-145,1995.0,Regional,Modern (6–15 yrs)
2546,N825AS,MCDONNELL DOUGLAS,MD-80,1994.0,Narrow-Body,Modern (6–15 yrs)
2547,N830AS,BOEING,B737-800,2001.0,Narrow-Body,Modern (6–15 yrs)
2548,N972EV,EMBRAER,ERJ-145,1995.0,Regional,Modern (6–15 yrs)
2549,N867AS,BOEING,B737-400,1988.0,Narrow-Body,Mature (16–25 yrs)
2550,N848AS,BOEING,B737-800,2000.0,Narrow-Body,Modern (6–15 yrs)
2551,N929EV,EMBRAER,ERJ-145,2005.0,Regional,New (0–5 yrs)
2552,N833AS,BOEING,B737-700,2001.0,Narrow-Body,Modern (6–15 yrs)
2553,N909EV,EMBRAER,ERJ-145,1997.0,Regional,Modern (6–15 yrs)
2554,N873AS,BOEING,B737-800,2005.0,Narrow-Body,New (0–5 yrs)
2555,N836AS,BOEING,B737-800,2008.0,Narrow-Body,New (0–5 yrs)
2556,N979EV,EMBRAER,ERJ-145,1998.0,Regional,Modern (6–15 yrs)
2557,N856AS,BOEING,B737-400,1995.0,Narrow-Body,Modern (6–15 yrs)
2558,N682BR,EMBRAER,ERJ-170,2001.0,Regional,Modern (6–15 yrs)
2559,N872AS,BOEING,B737-800,2011.0,Narrow-Body,New (0–5 yrs)
2560,N824AS,MCDONNELL DOUGLAS,MD-80,1996.0,Narrow-Body,Modern (6–15 yrs)
2561,N870AS,BOEING,B737-800,2011.0,Narrow-Body,New (0–5 yrs)
2562,N683BR,EMBRAER,ERJ-175,2004.0,Regional,New (0–5 yrs)
2563,N927EV,EMBRAER,ERJ-145,2000.0,Regional,Modern (6–15 yrs)
2564,N974EV,EMBRAER,ERJ-145,1997.0,Regional,Modern (6–15 yrs)
2565,N882AS,BOEING,B737-400,1989.0,Narrow-Body,Mature (16–25 yrs)
2566,N905EV,EMBRAER,ERJ-145,1997.0,Regional,Modern (6–15 yrs)
2567,N852AS,BOEING,B737-800,2008.0,Narrow-Body,New (0–5 yrs)
2568,N855AS,BOEING,B737-800,2008.0,Narrow-Body,New (0–5 yrs)
2569,N916EV,BOMBARDIER,CRJ-200,1994.0,Regional,Modern (6–15 yrs)
2570,N719EV,EMBRAER,ERJ-145,2002.0,Regional,Modern (6–15 yrs)
2571,N752EV,EMBRAER,ERJ-145,1995.0,Regional,Modern (6–15 yrs)
2572,N718EV,EMBRAER,ERJ-145,2005.0,Regional,New (0–5 yrs)
2573,N722EV,BOMBARDIER,CRJ-200,1996.0,Regional,Modern (6–15 yrs)
2574,N839AS,BOEING,B737-800,2002.0,Narrow-Body,Modern (6–15 yrs)
2575,N876AS,BOEING,B737-400,1997.0,Narrow-Body,Modern (6–15 yrs)
2576,N730EV,BOMBARDIER,CRJ-200,2006.0,Regional,New (0–5 yrs)
2577,N761EV,EMBRAER,ERJ-145,2003.0,Regional,New (0–5 yrs)
2578,N707EV,BOMBARDIER,CRJ-200,1997.0,Regional,Modern (6–15 yrs)
2579,N933EV,EMBRAER,ERJ-145,2000.0,Regional,Modern (6–15 yrs)
2580,N879AS,BOEING,B737-400,1989.0,Narrow-Body,Mature (16–25 yrs)
2581,N903EV,EMBRAER,ERJ-145,2001.0,Regional,Modern (6–15 yrs)
2582,N751EV,EMBRAER,ERJ-145,1995.0,Regional,Modern (6–15 yrs)
2583,N755EV,BOMBARDIER,CRJ-200,1993.0,Regional,Modern (6–15 yrs)
2584,N981EV,EMBRAER,ERJ-145,1997.0,Regional,Modern (6–15 yrs)
2585,N861AS,BOEING,B737-700,2001.0,Narrow-Body,Modern (6–15 yrs)
2586,N934EV,BOMBARDIER,CRJ-200,2006.0,Regional,New (0–5 yrs)
2587,N885AS,MCDONNELL DOUGLAS,MD-80,1990.0,Narrow-Body,Mature (16–25 yrs)
2588,N716EV,EMBRAER,ERJ-145,1996.0,Regional,Modern (6–15 yrs)
2589,N883AS,BOEING,B737-800,1999.0,Narrow-Body,Modern (6–15 yrs)
2590,N680BR,EMBRAER,ERJ-170,1998.0,Regional,Modern (6–15 yrs)
2591,N859AS,MCDONNELL DOUGLAS,MD-80,1995.0,Narrow-Body,Modern (6–15 yrs)
2592,N823AS,BOEING,B737-800,1999.0,Narrow-Body,Modern (6–15 yrs)
2593,N875AS,BOEING,B737-800,2012.0,Narrow-Body,New (0–5 yrs)
2594,N844AS,BOEING,B737-700,2010.0,Narrow-Body,New (0–5 yrs)
2595,N930EV,EMBRAER,ERJ-145,2000.0,Regional,Modern (6–15 yrs)
2596,N928EV,BOMBARDIER,CRJ-200,1993.0,Regional,Modern (6–15 yrs)
2597,N826AS,BOEING,B737-700,1998.0,Narrow-Body,Modern (6–15 yrs)
2598,N978EV,EMBRAER,ERJ-145,1997.0,Regional,Modern (6–15 yrs)
2599,N753EV,EMBRAER,ERJ-145,1995.0,Regional,Modern (6–15 yrs)
2600,N920EV,BOMBARDIER,CRJ-200,1996.0,Regional,Modern (6–15 yrs)
2601,N845AS,BOEING,B737-800,1999.0,Narrow-Body,Modern (6–15 yrs)
2602,N937EV,EMBRAER,ERJ-145,1995.0,Regional,Modern (6–15 yrs)
2603,N860AS,BOEING,B737-400,1990.0,Narrow-Body,Mature (16–25 yrs)
2604,N636AS,BOEING,B737-800,2003.0,Narrow-Body,New (0–5 yrs)
2605,N635AS,BOEING,B737-400,2000.0,Narrow-Body,Modern (6–15 yrs)
2606,N634AS,MCDONNELL DOUGLAS,MD-80,1985.0,Narrow-Body,Mature (16–25 yrs)
2607,N637AS,BOEING,B737-800,2006.0,Narrow-Body,New (0–5 yrs)
2608,N632AS,BOEING,B737-800,2006.0,Narrow-Body,New (0–5 yrs)
2609,N633AS,MCDONNELL DOUGLAS,MD-80,1993.0,Narrow-Body,Modern (6–15 yrs)
2610,N643AS,BOEING,B737-800,2004.0,Narrow-Body,New (0–5 yrs)
2611,N642AS,BOEING,B737-700,2004.0,Narrow-Body,New (0–5 yrs)
2612,N631AS,BOEING,B737-400,1996.0,Narrow-Body,Modern (6–15 yrs)
2613,N630AS,BOEING,B737-400,1996.0,Narrow-Body,Modern (6–15 yrs)
2614,N917EV,EMBRAER,ERJ-145,1996.0,Regional,Modern (6–15 yrs)
2615,N840AS,BOEING,B737-400,1989.0,Narrow-Body,Mature (16–25 yrs)
2616,N923EV,BOMBARDIER,CRJ-200,1992.0,Regional,Mature (16–25 yrs)
2617,N832AS,BOEING,B737-700,2005.0,Narrow-Body,New (0–5 yrs)
2618,N881AS,BOEING,B737-400,1989.0,Narrow-Body,Mature (16–25 yrs)
2619,N871AS,BOEING,B737-700,2003.0,Narrow-Body,New (0–5 yrs)
2620,N835AS,BOEING,B737-800,2008.0,Narrow-Body,New (0–5 yrs)
2621,N829AS,BOEING,B737-800,2006.0,Narrow-Body,New (0–5 yrs)
2622,N907EV,EMBRAER,ERJ-145,1995.0,Regional,Modern (6–15 yrs)
2623,N884AS,BOEING,B737-800,2012.0,Narrow-Body,New (0–5 yrs)
2624,N926EV,EMBRAER,ERJ-145,2005.0,Regional,New (0–5 yrs)
2625,N904EV,EMBRAER,ERJ-145,2000.0,Regional,Modern (6–15 yrs)
2626,N901EV,BOMBARDIER,CRJ-200,1999.0,Regional,Modern (6–15 yrs)
2627,N936EV,EMBRAER,ERJ-145,1998.0,Regional,Modern (6–15 yrs)
2628,N821AS,MCDONNELL DOUGLAS,MD-80,1980.0,Narrow-Body,Aging (26–35 yrs)
2629,N841AS,BOEING,B737-400,1997.0,Narrow-Body,Modern (6–15 yrs)
2630,N980EV,EMBRAER,ERJ-145,1997.0,Regional,Modern (6–15 yrs)
2631,N975EV,EMBRAER,ERJ-145,1995.0,Regional,Modern (6–15 yrs)
2632,N640AS,BOEING,B737-400,1989.0,Narrow-Body,Mature (16–25 yrs)
2633,N641AS,MCDONNELL DOUGLAS,MD-80,1998.0,Narrow-Body,Modern (6–15 yrs)
2634,N801FR,AIRBUS,A319-100,2009.0,Narrow-Body,New (0–5 yrs)
2635,N802FR,AIRBUS,A319-100,2006.0,Narrow-Body,New (0–5 yrs)
2636,N803FR,AIRBUS,A318-100,1997.0,Unknown,Modern (6–15 yrs)
2637,N804FR,AIRBUS,A318-100,2003.0,Unknown,New (0–5 yrs)
2638,N805FR,AIRBUS,A318-100,2003.0,Unknown,New (0–5 yrs)
2639,N807FR,AIRBUS,A318-100,1998.0,Unknown,Modern (6–15 yrs)
2640,N808FR,AIRBUS,A319-100,2009.0,Narrow-Body,New (0–5 yrs)
2641,N809FR,BOEING,B737-300,1995.0,Narrow-Body,Modern (6–15 yrs)
2642,N812FR,AIRBUS,A320-200,1993.0,Narrow-Body,Modern (6–15 yrs)
2643,N901FR,AIRBUS,A319-100,2010.0,Narrow-Body,New (0–5 yrs)
2644,N902FR,BOEING,B737-300,1998.0,Narrow-Body,Modern (6–15 yrs)
2645,N903FR,AIRBUS,A319-100,2004.0,Narrow-Body,New (0–5 yrs)
2646,N904FR,BOEING,B737-300,1991.0,Narrow-Body,Mature (16–25 yrs)
2647,N905FR,AIRBUS,A318-100,1998.0,Unknown,Modern (6–15 yrs)
2648,N906FR,AIRBUS,A319-100,2003.0,Narrow-Body,New (0–5 yrs)
2649,N907FR,AIRBUS,A319-100,2001.0,Narrow-Body,Modern (6–15 yrs)
2650,N909FR,AIRBUS,A319-100,2005.0,Narrow-Body,New (0–5 yrs)
2651,N912FR,AIRBUS,A319-100,2010.0,Narrow-Body,New (0–5 yrs)
2652,N913FR,AIRBUS,A319-100,1998.0,Narrow-Body,Modern (6–15 yrs)
2653,N914FR,BOEING,B737-300,1989.0,Narrow-Body,Mature (16–25 yrs)
2654,N915FR,AIRBUS,A318-100,1997.0,Unknown,Modern (6–15 yrs)
2655,N916FR,AIRBUS,A319-100,1996.0,Narrow-Body,Modern (6–15 yrs)
2656,N917FR,AIRBUS,A320-200,2008.0,Narrow-Body,New (0–5 yrs)
2657,N918FR,AIRBUS,A320-200,2007.0,Narrow-Body,New (0–5 yrs)
2658,N919FR,AIRBUS,A320-200,1996.0,Narrow-Body,Modern (6–15 yrs)
2659,N920FR,AIRBUS,A318-100,1999.0,Unknown,Modern (6–15 yrs)
2660,N921FR,AIRBUS,A318-100,2004.0,Unknown,New (0–5 yrs)
2661,N922FR,AIRBUS,A319-100,1995.0,Narrow-Body,Modern (6–15 yrs)
2662,N923FR,AIRBUS,A319-100,2000.0,Narrow-Body,Modern (6–15 yrs)
2663,N924FR,AIRBUS,A320-200,1996.0,Narrow-Body,Modern (6–15 yrs)
2664,N925FR,AIRBUS,A319-100,2005.0,Narrow-Body,New (0–5 yrs)
2665,N926FR,AIRBUS,A320-200,2004.0,Narrow-Body,New (0–5 yrs)
2666,N927FR,AIRBUS,A319-100,1998.0,Narrow-Body,Modern (6–15 yrs)
2667,N928FR,AIRBUS,A320-200,1996.0,Narrow-Body,Modern (6–15 yrs)
2668,N929FR,AIRBUS,A320-200,1991.0,Narrow-Body,Mature (16–25 yrs)
2669,N930FR,AIRBUS,A319-100,2000.0,Narrow-Body,Modern (6–15 yrs)
2670,N931FR,AIRBUS,A320-200,1996.0,Narrow-Body,Modern (6–15 yrs)
2671,N932FR,AIRBUS,A318-100,2002.0,Unknown,Modern (6–15 yrs)
2672,N933FR,AIRBUS,A319-100,1995.0,Narrow-Body,Modern (6–15 yrs)
2673,N934FR,AIRBUS,A318-100,2004.0,Unknown,New (0–5 yrs)
2674,N935FR,BOEING,B737-300,1984.0,Narrow-Body,Mature (16–25 yrs)
2675,N936FR,AIRBUS,A319-100,1997.0,Narrow-Body,Modern (6–15 yrs)
2676,N937FR,AIRBUS,A319-100,2006.0,Narrow-Body,New (0–5 yrs)
2677,N938FR,BOEING,B737-300,1984.0,Narrow-Body,Mature (16–25 yrs)
2678,N939FR,AIRBUS,A319-100,2000.0,Narrow-Body,Modern (6–15 yrs)
2679,N940FR,AIRBUS,A319-100,2012.0,Narrow-Body,New (0–5 yrs)
2680,N942FR,BOEING,B737-300,1991.0,Narrow-Body,Mature (16–25 yrs)
2681,N943FR,AIRBUS,A320-200,2011.0,Narrow-Body,New (0–5 yrs)
2682,N944FR,AIRBUS,A319-100,2005.0,Narrow-Body,New (0–5 yrs)
2683,N945FR,AIRBUS,A319-100,2007.0,Narrow-Body,New (0–5 yrs)
2684,N946FR,BOEING,B737-300,1992.0,Narrow-Body,Mature (16–25 yrs)
2685,N948FR,AIRBUS,A319-100,2002.0,Narrow-Body,Modern (6–15 yrs)
2686,N949FR,AIRBUS,A318-100,1999.0,Unknown,Modern (6–15 yrs)
2687,N950FR,BOEING,B737-300,1995.0,Narrow-Body,Modern (6–15 yrs)
2688,N806FR,AIRBUS,A318-100,1997.0,Unknown,Modern (6–15 yrs)
2689,N810FR,BOEING,B737-300,1995.0,Narrow-Body,Modern (6–15 yrs)
2690,N908FR,AIRBUS,A318-100,2003.0,Unknown,New (0–5 yrs)
2691,N910FR,AIRBUS,A320-200,1990.0,Narrow-Body,Mature (16–25 yrs)
2692,N941FR,AIRBUS,A320-200,2009.0,Narrow-Body,New (0–5 yrs)
2693,N947FR,BOEING,B737-300,1985.0,Narrow-Body,Mature (16–25 yrs)
2694,N176AT,BOEING,B757-200,1993.0,Narrow-Body,Modern (6–15 yrs)
2695,N950AT,BOEING,B757-300,2004.0,Narrow-Body,New (0–5 yrs)
2696,N940AT,BOEING,B757-300,2000.0,Narrow-Body,Modern (6–15 yrs)
2697,N965AT,BOEING,B737-800,2005.0,Narrow-Body,New (0–5 yrs)
2698,N604AT,BOEING,B757-200,1998.0,Narrow-Body,Modern (6–15 yrs)
2699,N935AT,BOEING,B757-200,1984.0,Narrow-Body,Mature (16–25 yrs)
2700,N295AT,BOEING,B737-800,2006.0,Narrow-Body,New (0–5 yrs)
2701,N329AT,BOEING,B737-800,2005.0,Narrow-Body,New (0–5 yrs)
2702,N330AT,BOEING,B737-800,2007.0,Narrow-Body,New (0–5 yrs)
2703,N978AT,BOEING,B757-200,1987.0,Narrow-Body,Mature (16–25 yrs)
2704,N990AT,BOEING,B757-200,1998.0,Narrow-Body,Modern (6–15 yrs)
2705,N929AT,BOEING,B757-300,1998.0,Narrow-Body,Modern (6–15 yrs)
2706,N906AT,BOEING,B757-300,2001.0,Narrow-Body,Modern (6–15 yrs)
2707,N926AT,BOEING,B757-200,1989.0,Narrow-Body,Mature (16–25 yrs)
2708,N717JL,UNKNOWN,UNKNOWN,,Unknown,Unknown
2709,N937AT,BOEING,B757-200,1989.0,Narrow-Body,Mature (16–25 yrs)
2710,N947AT,BOEING,B757-200,1985.0,Narrow-Body,Mature (16–25 yrs)
2711,N923AT,BOEING,B737-800,2011.0,Narrow-Body,New (0–5 yrs)
2712,N979AT,BOEING,B757-300,2004.0,Narrow-Body,New (0–5 yrs)
2713,N936AT,BOEING,B757-300,2003.0,Narrow-Body,New (0–5 yrs)
2714,N311AT,BOEING,B757-200,1994.0,Narrow-Body,Modern (6–15 yrs)
2715,N963AT,BOEING,B757-300,2001.0,Narrow-Body,Modern (6–15 yrs)
2716,N891AT,BOEING,B737-800,2001.0,Narrow-Body,Modern (6–15 yrs)
2717,N326AT,BOEING,B757-200,2004.0,Narrow-Body,New (0–5 yrs)
2718,N288AT,BOEING,B737-800,2002.0,Narrow-Body,Modern (6–15 yrs)
2719,N278AT,BOEING,B737-800,2006.0,Narrow-Body,New (0–5 yrs)
2720,N168AT,BOEING,B737-800,2006.0,Narrow-Body,New (0–5 yrs)
2721,N977AT,BOEING,B737-800,1998.0,Narrow-Body,Modern (6–15 yrs)
2722,N279AT,BOEING,B737-800,1998.0,Narrow-Body,Modern (6–15 yrs)
2723,N174AT,BOEING,B757-300,1999.0,Narrow-Body,Modern (6–15 yrs)
2724,N328AT,BOEING,B757-200,1989.0,Narrow-Body,Mature (16–25 yrs)
2725,N308AT,BOEING,B757-200,1988.0,Narrow-Body,Mature (16–25 yrs)
2726,N292AT,BOEING,B757-300,2000.0,Narrow-Body,Modern (6–15 yrs)
2727,N915AT,BOEING,B757-200,2000.0,Narrow-Body,Modern (6–15 yrs)
2728,N126AT,BOEING,B737-800,2006.0,Narrow-Body,New (0–5 yrs)
2729,N988AT,BOEING,B737-800,2000.0,Narrow-Body,Modern (6–15 yrs)
2730,N261AT,BOEING,B757-200,2004.0,Narrow-Body,New (0–5 yrs)
2731,N318AT,BOEING,B757-300,1999.0,Narrow-Body,Modern (6–15 yrs)
2732,N993AT,BOEING,B737-800,2011.0,Narrow-Body,New (0–5 yrs)
2733,N149AT,BOEING,B757-200,1987.0,Narrow-Body,Mature (16–25 yrs)
2734,N284AT,BOEING,B757-200,1992.0,Narrow-Body,Mature (16–25 yrs)
2735,N969AT,BOEING,B737-800,2003.0,Narrow-Body,New (0–5 yrs)
2736,N166AT,BOEING,B757-200,1988.0,Narrow-Body,Mature (16–25 yrs)
2737,N272AT,BOEING,B757-200,1983.0,Narrow-Body,Mature (16–25 yrs)
2738,N954AT,BOEING,B737-800,2007.0,Narrow-Body,New (0–5 yrs)
2739,N986AT,BOEING,B737-800,2009.0,Narrow-Body,New (0–5 yrs)
2740,N956AT,BOEING,B757-200,2004.0,Narrow-Body,New (0–5 yrs)
2741,N967AT,BOEING,B757-200,2000.0,Narrow-Body,Modern (6–15 yrs)
2742,N899AT,BOEING,B757-200,1994.0,Narrow-Body,Modern (6–15 yrs)
2743,N932AT,BOEING,B757-200,1997.0,Narrow-Body,Modern (6–15 yrs)
2744,N953AT,BOEING,B757-300,2001.0,Narrow-Body,Modern (6–15 yrs)
2745,N982AT,BOEING,B757-300,1999.0,Narrow-Body,Modern (6–15 yrs)
2746,N971AT,BOEING,B757-200,2003.0,Narrow-Body,New (0–5 yrs)
2747,N313AT,BOEING,B757-200,1989.0,Narrow-Body,Mature (16–25 yrs)
2748,N291AT,BOEING,B757-300,2002.0,Narrow-Body,Modern (6–15 yrs)
2749,N173AT,BOEING,B757-200,1994.0,Narrow-Body,Modern (6–15 yrs)
2750,N307AT,BOEING,B757-200,1998.0,Narrow-Body,Modern (6–15 yrs)
2751,N317AT,BOEING,B757-200,1989.0,Narrow-Body,Mature (16–25 yrs)
2752,N312AT,BOEING,B737-800,2009.0,Narrow-Body,New (0–5 yrs)
2753,N281AT,BOEING,B757-200,1988.0,Narrow-Body,Mature (16–25 yrs)
2754,N285AT,BOEING,B737-800,2006.0,Narrow-Body,New (0–5 yrs)
2755,N944AT,BOEING,B757-300,2001.0,Narrow-Body,Modern (6–15 yrs)
2756,N299AT,BOEING,B737-800,2007.0,Narrow-Body,New (0–5 yrs)
2757,N938AT,BOEING,B757-300,1999.0,Narrow-Body,Modern (6–15 yrs)
2758,N286AT,BOEING,B757-200,1998.0,Narrow-Body,Modern (6–15 yrs)
2759,N966AT,BOEING,B737-800,2004.0,Narrow-Body,New (0–5 yrs)
2760,N981AT,BOEING,B757-200,2001.0,Narrow-Body,Modern (6–15 yrs)
2761,N287AT,BOEING,B757-200,1990.0,Narrow-Body,Mature (16–25 yrs)
2762,N296AT,BOEING,B757-200,1982.0,Narrow-Body,Aging (26–35 yrs)
2763,N992AT,BOEING,B757-200,1982.0,Narrow-Body,Aging (26–35 yrs)
2764,N331AT,BOEING,B757-200,1995.0,Narrow-Body,Modern (6–15 yrs)
2765,N998AT,BOEING,B757-300,2002.0,Narrow-Body,Modern (6–15 yrs)
2766,N175AT,BOEING,B737-800,2008.0,Narrow-Body,New (0–5 yrs)
2767,N957AT,BOEING,B757-300,2002.0,Narrow-Body,Modern (6–15 yrs)
2768,N896AT,BOEING,B757-300,2002.0,Narrow-Body,Modern (6–15 yrs)
2769,N300AT,BOEING,B757-300,2001.0,Narrow-Body,Modern (6–15 yrs)
2770,N996AT,BOEING,B757-200,2003.0,Narrow-Body,New (0–5 yrs)
2771,N167AT,BOEING,B757-200,2001.0,Narrow-Body,Modern (6–15 yrs)
2772,N919AT,BOEING,B757-200,1985.0,Narrow-Body,Mature (16–25 yrs)
2773,N959AT,BOEING,B757-200,1994.0,Narrow-Body,Modern (6–15 yrs)
2774,N987AT,BOEING,B757-300,2001.0,Narrow-Body,Modern (6–15 yrs)
2775,N892AT,BOEING,B737-800,2006.0,Narrow-Body,New (0–5 yrs)
2776,N933AT,BOEING,B757-200,1990.0,Narrow-Body,Mature (16–25 yrs)
2777,N939AT,BOEING,B757-200,1997.0,Narrow-Body,Modern (6–15 yrs)
2778,N960AT,BOEING,B737-800,1999.0,Narrow-Body,Modern (6–15 yrs)
2779,N184AT,BOEING,B757-300,2004.0,Narrow-Body,New (0–5 yrs)
2780,N925AT,BOEING,B737-800,2005.0,Narrow-Body,New (0–5 yrs)
2781,N309AT,BOEING,B737-800,1998.0,Narrow-Body,Modern (6–15 yrs)
2782,N267AT,BOEING,B737-800,2005.0,Narrow-Body,New (0–5 yrs)
2783,N968AT,BOEING,B757-200,1988.0,Narrow-Body,Mature (16–25 yrs)
2784,N975AT,BOEING,B737-800,2009.0,Narrow-Body,New (0–5 yrs)
2785,N930AT,BOEING,B757-200,2000.0,Narrow-Body,Modern (6–15 yrs)
2786,N921AT,BOEING,B737-800,2000.0,Narrow-Body,Modern (6–15 yrs)
2787,N273AT,BOEING,B757-300,2003.0,Narrow-Body,New (0–5 yrs)
2788,N955AT,BOEING,B757-300,2001.0,Narrow-Body,Modern (6–15 yrs)
2789,N985AT,BOEING,B737-800,2000.0,Narrow-Body,Modern (6–15 yrs)
2790,N997AT,BOEING,B757-200,1989.0,Narrow-Body,Mature (16–25 yrs)
2791,N289AT,BOEING,B757-200,2004.0,Narrow-Body,New (0–5 yrs)
2792,N974AT,BOEING,B737-800,2012.0,Narrow-Body,New (0–5 yrs)
2793,N945AT,BOEING,B757-300,2001.0,Narrow-Body,Modern (6–15 yrs)
2794,N972AT,BOEING,B757-200,2001.0,Narrow-Body,Modern (6–15 yrs)
2795,N922AT,BOEING,B737-800,2000.0,Narrow-Body,Modern (6–15 yrs)
2796,N240AT,BOEING,B737-800,2005.0,Narrow-Body,New (0–5 yrs)
2797,N927AT,BOEING,B757-200,2003.0,Narrow-Body,New (0–5 yrs)
2798,N983AT,BOEING,B757-300,2001.0,Narrow-Body,Modern (6–15 yrs)
2799,N946AT,BOEING,B757-200,1991.0,Narrow-Body,Mature (16–25 yrs)
2800,N894AT,BOEING,B757-200,1993.0,Narrow-Body,Modern (6–15 yrs)
2801,N949AT,BOEING,B757-200,1983.0,Narrow-Body,Mature (16–25 yrs)
2802,N958AT,BOEING,B737-800,2011.0,Narrow-Body,New (0–5 yrs)
2803,N994AT,BOEING,B757-300,2000.0,Narrow-Body,Modern (6–15 yrs)
2804,N934AT,BOEING,B757-300,2003.0,Narrow-Body,New (0–5 yrs)
2805,N942AT,BOEING,B757-200,1995.0,Narrow-Body,Modern (6–15 yrs)
2806,N948AT,BOEING,B737-800,2010.0,Narrow-Body,New (0–5 yrs)
2807,N910AT,BOEING,B757-200,2004.0,Narrow-Body,New (0–5 yrs)
2808,N893AT,BOEING,B737-800,2000.0,Narrow-Body,Modern (6–15 yrs)
2809,N995AT,BOEING,B757-200,1988.0,Narrow-Body,Mature (16–25 yrs)
2810,N895AT,BOEING,B737-800,2002.0,Narrow-Body,Modern (6–15 yrs)
2811,N169AT,BOEING,B757-300,2000.0,Narrow-Body,Modern (6–15 yrs)
2812,N315AT,BOEING,B757-200,1987.0,Narrow-Body,Mature (16–25 yrs)
2813,N952AT,BOEING,B737-800,1998.0,Narrow-Body,Modern (6–15 yrs)
2814,N276AT,BOEING,B757-200,1999.0,Narrow-Body,Modern (6–15 yrs)
2815,N980AT,BOEING,B757-200,1995.0,Narrow-Body,Modern (6–15 yrs)
2816,N991AT,BOEING,B757-300,2003.0,Narrow-Body,New (0–5 yrs)
2817,N964AT,BOEING,B757-300,2004.0,Narrow-Body,New (0–5 yrs)
2818,N928AT,BOEING,B757-200,1990.0,Narrow-Body,Mature (16–25 yrs)
2819,N603AT,BOEING,B757-200,1990.0,Narrow-Body,Mature (16–25 yrs)
2820,N989AT,BOEING,B757-300,2000.0,Narrow-Body,Modern (6–15 yrs)
2821,N268AT,BOEING,B737-800,2001.0,Narrow-Body,Modern (6–15 yrs)
2822,N951AT,BOEING,B737-800,2010.0,Narrow-Body,New (0–5 yrs)
2823,N924AT,BOEING,B737-800,2005.0,Narrow-Body,New (0–5 yrs)
2824,N316AT,BOEING,B757-300,2004.0,Narrow-Body,New (0–5 yrs)
2825,N283AT,BOEING,B757-300,2000.0,Narrow-Body,Modern (6–15 yrs)
2826,N920AT,BOEING,B757-200,2003.0,Narrow-Body,New (0–5 yrs)
2827,N290AT,BOEING,B737-800,2001.0,Narrow-Body,Modern (6–15 yrs)
2828,N970AT,BOEING,B757-200,1984.0,Narrow-Body,Mature (16–25 yrs)
2829,N961AT,BOEING,B737-800,2004.0,Narrow-Body,New (0–5 yrs)
2830,N943AT,BOEING,B737-800,2012.0,Narrow-Body,New (0–5 yrs)
2831,N593HA,BOEING,B717-200,2000.0,Narrow-Body,Modern (6–15 yrs)
2832,N594HA,BOEING,B717-200,2000.0,Narrow-Body,Modern (6–15 yrs)
2833,N591HA,BOEING,B717-200,2001.0,Narrow-Body,Modern (6–15 yrs)
2834,N598HA,BOEING,B717-200,2004.0,Narrow-Body,New (0–5 yrs)
2835,N580HA,BOEING,B767-300,1986.0,Wide-Body,Mature (16–25 yrs)
2836,N582HA,BOEING,B767-300,1999.0,Wide-Body,Modern (6–15 yrs)
2837,N597HA,BOEING,B767-300,1992.0,Wide-Body,Mature (16–25 yrs)
2838,N596HA,BOEING,B717-200,2001.0,Narrow-Body,Modern (6–15 yrs)
2839,N585HA,BOEING,B717-200,2001.0,Narrow-Body,Modern (6–15 yrs)
2840,N581HA,BOEING,B767-300,2000.0,Wide-Body,Modern (6–15 yrs)
2841,N583HA,BOEING,B717-200,2004.0,Narrow-Body,New (0–5 yrs)
2842,N590HA,AIRBUS,A330-200,2004.0,Wide-Body,New (0–5 yrs)
2843,N588HA,BOEING,B767-300,1991.0,Wide-Body,Mature (16–25 yrs)
2844,N592HA,AIRBUS,A330-200,2006.0,Wide-Body,New (0–5 yrs)
2845,N587HA,BOEING,B767-300,1999.0,Wide-Body,Modern (6–15 yrs)
2846,N584HA,BOEING,B717-200,2004.0,Narrow-Body,New (0–5 yrs)
2847,N589HA,BOEING,B717-200,2005.0,Narrow-Body,New (0–5 yrs)
2848,N481HA,BOEING,B767-300,2000.0,Wide-Body,Modern (6–15 yrs)
2849,N487HA,BOEING,B717-200,2002.0,Narrow-Body,Modern (6–15 yrs)
2850,N475HA,BOEING,B717-200,2003.0,Narrow-Body,New (0–5 yrs)
2851,N485HA,AIRBUS,A330-200,1999.0,Wide-Body,Modern (6–15 yrs)
2852,N477HA,AIRBUS,A330-200,2001.0,Wide-Body,Modern (6–15 yrs)
2853,N486HA,BOEING,B767-300,1995.0,Wide-Body,Modern (6–15 yrs)
2854,N480HA,BOEING,B717-200,2001.0,Narrow-Body,Modern (6–15 yrs)
2855,N476HA,AIRBUS,A330-200,2007.0,Wide-Body,New (0–5 yrs)
2856,N484HA,BOEING,B717-200,2000.0,Narrow-Body,Modern (6–15 yrs)
2857,N478HA,BOEING,B767-300,1990.0,Wide-Body,Mature (16–25 yrs)
2858,N479HA,BOEING,B717-200,2001.0,Narrow-Body,Modern (6–15 yrs)
2859,N394AE,BOMBARDIER,CRJ-200,1998.0,Regional,Modern (6–15 yrs)
2860,N384AE,BOMBARDIER,CRJ-200,2004.0,Regional,New (0–5 yrs)
2861,N807AE,BOMBARDIER,CRJ-200,2005.0,Regional,New (0–5 yrs)
2862,N800AE,BOMBARDIER,CRJ-200,1996.0,Regional,Modern (6–15 yrs)
2863,N253AE,BOMBARDIER,CRJ-200,2005.0,Regional,New (0–5 yrs)
2864,N340RC,UNKNOWN,UNKNOWN,,Unknown,Unknown
2865,N323AE,BOMBARDIER,CRJ-200,1993.0,Regional,Modern (6–15 yrs)
2866,N317AE,BOMBARDIER,CRJ-200,2002.0,Regional,Modern (6–15 yrs)
2867,N301AE,BOMBARDIER,CRJ-200,2005.0,Regional,New (0–5 yrs)
2868,N240DS,UNKNOWN,UNKNOWN,,Unknown,Unknown
2869,N313AE,BOMBARDIER,CRJ-200,2005.0,Regional,New (0–5 yrs)
2870,N835AE,ATR,ATR-72,2010.0,Turboprop,New (0–5 yrs)
2871,N329AE,EMBRAER,ERJ-145,1999.0,Regional,Modern (6–15 yrs)
2872,N848AE,BOMBARDIER,CRJ-200,1995.0,Regional,Modern (6–15 yrs)
2873,N821AE,BOMBARDIER,CRJ-200,1997.0,Regional,Modern (6–15 yrs)
2874,N853AE,BOMBARDIER,CRJ-200,1993.0,Regional,Modern (6–15 yrs)
2875,N841AE,EMBRAER,ERJ-145,2005.0,Regional,New (0–5 yrs)
2876,N810AE,EMBRAER,ERJ-145,1999.0,Regional,Modern (6–15 yrs)
2877,N818AE,BOMBARDIER,CRJ-200,1992.0,Regional,Mature (16–25 yrs)
2878,N822AE,EMBRAER,ERJ-145,1999.0,Regional,Modern (6–15 yrs)
2879,N523AE,ATR,ATR-72,1997.0,Turboprop,Modern (6–15 yrs)
2880,N514AE,EMBRAER,ERJ-145,1998.0,Regional,Modern (6–15 yrs)
2881,N522AE,BOMBARDIER,CRJ-200,2005.0,Regional,New (0–5 yrs)
2882,N501BG,UNKNOWN,UNKNOWN,,Unknown,Unknown
2883,N513AE,EMBRAER,ERJ-145,1995.0,Regional,Modern (6–15 yrs)
2884,N515AE,BOMBARDIER,CRJ-200,2006.0,Regional,New (0–5 yrs)
2885,N516AE,EMBRAER,ERJ-145,2000.0,Regional,Modern (6–15 yrs)
2886,N508AE,BOMBARDIER,CRJ-200,2003.0,Regional,New (0–5 yrs)
2887,N521AE,BOMBARDIER,CRJ-200,1993.0,Regional,Modern (6–15 yrs)
2888,N511AE,ATR,ATR-72,2003.0,Turboprop,New (0–5 yrs)
2889,N500AE,BOMBARDIER,CRJ-200,2001.0,Regional,Modern (6–15 yrs)
2890,N503AE,BOMBARDIER,CRJ-200,1995.0,Regional,Modern (6–15 yrs)
2891,N211NE,UNKNOWN,UNKNOWN,,Unknown,Unknown
2892,N236AE,BOMBARDIER,CRJ-200,2001.0,Regional,Modern (6–15 yrs)
2893,N825AE,EMBRAER,ERJ-145,1997.0,Regional,Modern (6–15 yrs)
2894,N304AE,BOMBARDIER,CRJ-200,2003.0,Regional,New (0–5 yrs)
2895,N324AE,BOMBARDIER,CRJ-200,2000.0,Regional,Modern (6–15 yrs)
2896,N266AE,BOMBARDIER,CRJ-200,1992.0,Regional,Mature (16–25 yrs)
2897,N263AE,BOMBARDIER,CRJ-200,2003.0,Regional,New (0–5 yrs)
2898,N286AE,BOMBARDIER,CRJ-200,2005.0,Regional,New (0–5 yrs)
2899,N904AE,EMBRAER,ERJ-145,2006.0,Regional,New (0–5 yrs)
2900,N902AE,BOMBARDIER,CRJ-200,2002.0,Regional,Modern (6–15 yrs)
2901,N307AE,BOMBARDIER,CRJ-200,2001.0,Regional,Modern (6–15 yrs)
2902,N809AE,EMBRAER,ERJ-145,1998.0,Regional,Modern (6–15 yrs)
2903,N218AE,BOMBARDIER,CRJ-200,2005.0,Regional,New (0–5 yrs)
2904,N238AE,ATR,ATR-72,2006.0,Turboprop,New (0–5 yrs)
2905,N232AE,EMBRAER,ERJ-145,2006.0,Regional,New (0–5 yrs)
2906,N298AE,EMBRAER,ERJ-145,2006.0,Regional,New (0–5 yrs)
2907,N219AE,ATR,ATR-72,2010.0,Turboprop,New (0–5 yrs)
2908,N939AE,EMBRAER,ERJ-145,2004.0,Regional,New (0–5 yrs)
2909,N826AE,ATR,ATR-72,2008.0,Turboprop,New (0–5 yrs)
2910,N824AE,EMBRAER,ERJ-145,2006.0,Regional,New (0–5 yrs)
2911,N805AE,EMBRAER,ERJ-145,2001.0,Regional,Modern (6–15 yrs)
2912,N802AE,ATR,ATR-72,2000.0,Turboprop,Modern (6–15 yrs)
2913,N830AE,BOMBARDIER,CRJ-200,2002.0,Regional,Modern (6–15 yrs)
2914,N815AE,EMBRAER,ERJ-145,2004.0,Regional,New (0–5 yrs)
2915,N845AE,ATR,ATR-72,2003.0,Turboprop,New (0–5 yrs)
2916,N833AE,EMBRAER,ERJ-145,1997.0,Regional,Modern (6–15 yrs)
2917,N679AE,EMBRAER,ERJ-145,2001.0,Regional,Modern (6–15 yrs)
2918,N250AE,ATR,ATR-72,2011.0,Turboprop,New (0–5 yrs)
2919,N667GB,UNKNOWN,UNKNOWN,,Unknown,Unknown
2920,N909AE,EMBRAER,ERJ-145,2002.0,Regional,Modern (6–15 yrs)
2921,N933JN,UNKNOWN,UNKNOWN,,Unknown,Unknown
2922,N655AE,BOMBARDIER,CRJ-200,2000.0,Regional,Modern (6–15 yrs)
2923,N661JA,UNKNOWN,UNKNOWN,,Unknown,Unknown
2924,N620AE,ATR,ATR-72,1993.0,Turboprop,Modern (6–15 yrs)
2925,N663AR,UNKNOWN,UNKNOWN,,Unknown,Unknown
2926,N935AE,EMBRAER,ERJ-145,1998.0,Regional,Modern (6–15 yrs)
2927,N697AB,UNKNOWN,UNKNOWN,,Unknown,Unknown
2928,N506AE,EMBRAER,ERJ-145,2004.0,Regional,New (0–5 yrs)
2929,N517AE,BOMBARDIER,CRJ-200,1998.0,Regional,Modern (6–15 yrs)
2930,N507AE,BOMBARDIER,CRJ-200,1992.0,Regional,Mature (16–25 yrs)
2931,N524AE,EMBRAER,ERJ-145,2005.0,Regional,New (0–5 yrs)
2932,N518AE,BOMBARDIER,CRJ-200,1993.0,Regional,Modern (6–15 yrs)
2933,N520DC,UNKNOWN,UNKNOWN,,Unknown,Unknown
2934,N504AE,BOMBARDIER,CRJ-200,2002.0,Regional,Modern (6–15 yrs)
2935,N649PP,UNKNOWN,UNKNOWN,,Unknown,Unknown
2936,N647AE,ATR,ATR-72,2007.0,Turboprop,New (0–5 yrs)
2937,N942AE,BOMBARDIER,CRJ-200,1996.0,Regional,Modern (6–15 yrs)
2938,N687JS,UNKNOWN,UNKNOWN,,Unknown,Unknown
2939,N656AE,BOMBARDIER,CRJ-200,2003.0,Regional,New (0–5 yrs)
2940,N814AE,EMBRAER,ERJ-145,2001.0,Regional,Modern (6–15 yrs)
2941,N509AE,EMBRAER,ERJ-145,2002.0,Regional,Modern (6–15 yrs)
2942,N505AE,BOMBARDIER,CRJ-200,1998.0,Regional,Modern (6–15 yrs)
2943,N519AE,BOMBARDIER,CRJ-200,1996.0,Regional,Modern (6–15 yrs)
2944,N681AE,ATR,ATR-72,1994.0,Turboprop,Modern (6–15 yrs)
2945,N653AE,BOMBARDIER,CRJ-200,1994.0,Regional,Modern (6–15 yrs)
2946,N677AE,BOMBARDIER,CRJ-200,2006.0,Regional,New (0–5 yrs)
2947,N686AE,BOMBARDIER,CRJ-200,1996.0,Regional,Modern (6–15 yrs)
2948,N671AE,BOMBARDIER,CRJ-200,1995.0,Regional,Modern (6–15 yrs)
2949,N680AE,EMBRAER,ERJ-145,2005.0,Regional,New (0–5 yrs)
2950,N639AE,BOMBARDIER,CRJ-200,1999.0,Regional,Modern (6–15 yrs)
2951,N678AE,EMBRAER,ERJ-145,1998.0,Regional,Modern (6–15 yrs)
2952,N633AE,ATR,ATR-72,2003.0,Turboprop,New (0–5 yrs)
2953,N673AE,ATR,ATR-72,1998.0,Turboprop,Modern (6–15 yrs)
2954,N660CL,UNKNOWN,UNKNOWN,,Unknown,Unknown
2955,N928AE,ATR,ATR-72,2005.0,Turboprop,New (0–5 yrs)
2956,N696AE,EMBRAER,ERJ-145,1999.0,Regional,Modern (6–15 yrs)
2957,N689EC,UNKNOWN,UNKNOWN,,Unknown,Unknown
2958,N629AE,EMBRAER,ERJ-145,2000.0,Regional,Modern (6–15 yrs)
2959,N643AE,BOMBARDIER,CRJ-200,2004.0,Regional,New (0–5 yrs)
2960,N662EH,UNKNOWN,UNKNOWN,,Unknown,Unknown
2961,N836AE,ATR,ATR-72,2006.0,Turboprop,New (0–5 yrs)
2962,N820AE,BOMBARDIER,CRJ-200,1999.0,Regional,Modern (6–15 yrs)
2963,N804AE,ATR,ATR-72,2008.0,Turboprop,New (0–5 yrs)
2964,N844AE,BOMBARDIER,CRJ-200,1997.0,Regional,Modern (6–15 yrs)
2965,N623AE,ATR,ATR-72,2001.0,Turboprop,Modern (6–15 yrs)
2966,N847AE,ATR,ATR-72,2001.0,Turboprop,Modern (6–15 yrs)
2967,N685AE,BOMBARDIER,CRJ-200,1993.0,Regional,Modern (6–15 yrs)
2968,N850AE,EMBRAER,ERJ-145,1995.0,Regional,Modern (6–15 yrs)
2969,N684JW,UNKNOWN,UNKNOWN,,Unknown,Unknown
2970,N932AE,BOMBARDIER,CRJ-200,1995.0,Regional,Modern (6–15 yrs)
2971,N512AE,BOMBARDIER,CRJ-200,2004.0,Regional,New (0–5 yrs)
2972,N502AE,EMBRAER,ERJ-145,1996.0,Regional,Modern (6–15 yrs)
2973,N694AE,EMBRAER,ERJ-145,2001.0,Regional,Modern (6–15 yrs)
2974,N630AE,EMBRAER,ERJ-145,2002.0,Regional,Modern (6–15 yrs)
2975,N922AE,BOMBARDIER,CRJ-200,1992.0,Regional,Mature (16–25 yrs)
2976,N657AE,BOMBARDIER,CRJ-200,1996.0,Regional,Modern (6–15 yrs)
2977,N646AE,BOMBARDIER,CRJ-200,1993.0,Regional,Modern (6–15 yrs)
2978,N817AE,BOMBARDIER,CRJ-200,1996.0,Regional,Modern (6–15 yrs)
2979,N831AE,BOMBARDIER,CRJ-200,1992.0,Regional,Mature (16–25 yrs)
2980,N808AE,EMBRAER,ERJ-145,1996.0,Regional,Modern (6–15 yrs)
2981,N619AE,EMBRAER,ERJ-145,2002.0,Regional,Modern (6–15 yrs)
2982,N614AE,EMBRAER,ERJ-145,2006.0,Regional,New (0–5 yrs)
2983,N510AE,EMBRAER,ERJ-145,2005.0,Regional,New (0–5 yrs)
2984,N906AE,EMBRAER,ERJ-145,1996.0,Regional,Modern (6–15 yrs)
2985,N813AE,BOMBARDIER,CRJ-200,2002.0,Regional,Modern (6–15 yrs)
2986,N801AE,BOMBARDIER,CRJ-200,1998.0,Regional,Modern (6–15 yrs)
2987,N806AE,BOMBARDIER,CRJ-200,1993.0,Regional,Modern (6–15 yrs)
2988,N849AE,EMBRAER,ERJ-145,1998.0,Regional,Modern (6–15 yrs)
2989,N682AE,ATR,ATR-72,2003.0,Turboprop,New (0–5 yrs)
2990,N931AE,EMBRAER,ERJ-145,2004.0,Regional,New (0–5 yrs)
2991,N670AE,EMBRAER,ERJ-145,2001.0,Regional,Modern (6–15 yrs)
2992,N829AE,EMBRAER,ERJ-145,1995.0,Regional,Modern (6–15 yrs)
2993,N819AE,EMBRAER,ERJ-145,1998.0,Regional,Modern (6–15 yrs)
2994,N650AE,BOMBARDIER,CRJ-200,1996.0,Regional,Modern (6–15 yrs)
2995,N658AE,ATR,ATR-72,2003.0,Turboprop,New (0–5 yrs)
2996,N858AE,EMBRAER,ERJ-145,2002.0,Regional,Modern (6–15 yrs)
2997,N803AE,EMBRAER,ERJ-145,2004.0,Regional,New (0–5 yrs)
2998,N843AE,EMBRAER,ERJ-145,1999.0,Regional,Modern (6–15 yrs)
2999,N624AE,BOMBARDIER,CRJ-200,1993.0,Regional,Modern (6–15 yrs)
3000,N698CB,BOEING,B737-800,2004.0,Narrow-Body,New (0–5 yrs)
3001,N832AE,BOMBARDIER,CRJ-200,2003.0,Regional,New (0–5 yrs)
3002,N625AE,BOMBARDIER,CRJ-200,2003.0,Regional,New (0–5 yrs)
3003,N621AE,EMBRAER,ERJ-145,2005.0,Regional,New (0–5 yrs)
3004,N668HH,UNKNOWN,UNKNOWN,,Unknown,Unknown
3005,N699AE,EMBRAER,ERJ-145,2002.0,Regional,Modern (6–15 yrs)
3006,N923AE,EMBRAER,ERJ-145,1995.0,Regional,Modern (6–15 yrs)
3007,N622AE,EMBRAER,ERJ-145,2006.0,Regional,New (0–5 yrs)
3008,N838AE,EMBRAER,ERJ-145,2002.0,Regional,Modern (6–15 yrs)
3009,N611AE,BOMBARDIER,CRJ-200,2002.0,Regional,Modern (6–15 yrs)
3010,N852AE,BOMBARDIER,CRJ-200,1999.0,Regional,Modern (6–15 yrs)
3011,N672AE,BOMBARDIER,CRJ-200,1998.0,Regional,Modern (6–15 yrs)
3012,N628AE,BOMBARDIER,CRJ-200,2004.0,Regional,New (0–5 yrs)
3013,N669MB,UNKNOWN,UNKNOWN,,Unknown,Unknown
3014,N840AE,EMBRAER,ERJ-145,1999.0,Regional,Modern (6–15 yrs)
3015,N706RG,UNKNOWN,UNKNOWN,,Unknown,Unknown
3016,N695AE,BOMBARDIER,CRJ-200,1997.0,Regional,Modern (6–15 yrs)
3017,N613AE,BOMBARDIER,CRJ-200,2004.0,Regional,New (0–5 yrs)
3018,N941LT,UNKNOWN,UNKNOWN,,Unknown,Unknown
3019,N812AE,EMBRAER,ERJ-145,2000.0,Regional,Modern (6–15 yrs)
3020,N854AE,EMBRAER,ERJ-145,1995.0,Regional,Modern (6–15 yrs)
3021,N846AE,BOMBARDIER,CRJ-200,2005.0,Regional,New (0–5 yrs)
3022,N816AE,BOMBARDIER,CRJ-200,2002.0,Regional,Modern (6–15 yrs)
3023,N638AE,ATR,ATR-72,2001.0,Turboprop,Modern (6–15 yrs)
3024,N615AE,EMBRAER,ERJ-145,1998.0,Regional,Modern (6–15 yrs)
3025,N648AE,BOMBARDIER,CRJ-200,1994.0,Regional,Modern (6–15 yrs)
3026,N683AE,EMBRAER,ERJ-145,2002.0,Regional,Modern (6–15 yrs)
3027,N627AE,BOMBARDIER,CRJ-200,2004.0,Regional,New (0–5 yrs)
3028,N631AE,BOMBARDIER,CRJ-200,1995.0,Regional,Modern (6–15 yrs)
3029,N905JH,UNKNOWN,UNKNOWN,,Unknown,Unknown
3030,N693AE,BOMBARDIER,CRJ-200,2000.0,Regional,Modern (6–15 yrs)
3031,N634AE,BOMBARDIER,CRJ-200,2006.0,Regional,New (0–5 yrs)
3032,N659AE,BOMBARDIER,CRJ-200,1994.0,Regional,Modern (6–15 yrs)
3033,N828AE,BOMBARDIER,CRJ-200,2006.0,Regional,New (0–5 yrs)
3034,N644AE,BOMBARDIER,CRJ-200,1997.0,Regional,Modern (6–15 yrs)
3035,N692AE,ATR,ATR-72,2005.0,Turboprop,New (0–5 yrs)
3036,N635AE,EMBRAER,ERJ-145,2005.0,Regional,New (0–5 yrs)
3037,N636AE,ATR,ATR-72,1999.0,Turboprop,Modern (6–15 yrs)
3038,N612AE,BOMBARDIER,CRJ-200,2000.0,Regional,Modern (6–15 yrs)
3039,N900AE,ATR,ATR-72,2012.0,Turboprop,New (0–5 yrs)
3040,N676AE,ATR,ATR-72,1998.0,Turboprop,Modern (6–15 yrs)
3041,N642AE,BOMBARDIER,CRJ-200,1995.0,Regional,Modern (6–15 yrs)
3042,N837AE,EMBRAER,ERJ-145,2000.0,Regional,Modern (6–15 yrs)
3043,N834AE,EMBRAER,ERJ-145,2001.0,Regional,Modern (6–15 yrs)
3044,N827AE,ATR,ATR-72,2011.0,Turboprop,New (0–5 yrs)
3045,N851AE,BOMBARDIER,CRJ-200,2001.0,Regional,Modern (6–15 yrs)
3046,N665BC,UNKNOWN,UNKNOWN,,Unknown,Unknown
3047,N691AE,BOMBARDIER,CRJ-200,2005.0,Regional,New (0–5 yrs)
3048,N645AE,BOMBARDIER,CRJ-200,1994.0,Regional,Modern (6–15 yrs)
3049,N918AE,BOMBARDIER,CRJ-200,2003.0,Regional,New (0–5 yrs)
3050,N637AE,EMBRAER,ERJ-145,2004.0,Regional,New (0–5 yrs)
3051,N675AE,EMBRAER,ERJ-145,1996.0,Regional,Modern (6–15 yrs)
3052,N925AE,EMBRAER,ERJ-145,1999.0,Regional,Modern (6–15 yrs)
3053,N632AE,ATR,ATR-72,1999.0,Turboprop,Modern (6–15 yrs)
3054,N641AE,EMBRAER,ERJ-145,2005.0,Regional,New (0–5 yrs)
3055,N640AE,ATR,ATR-72,1991.0,Turboprop,Mature (16–25 yrs)
3056,N654AE,EMBRAER,ERJ-145,2001.0,Regional,Modern (6–15 yrs)
3057,N626AE,ATR,ATR-72,1995.0,Turboprop,Modern (6–15 yrs)
3058,N610AE,BOMBARDIER,CRJ-200,1997.0,Regional,Modern (6–15 yrs)
3059,N857AE,BOMBARDIER,CRJ-200,1998.0,Regional,Modern (6–15 yrs)
3060,N823AE,EMBRAER,ERJ-145,2001.0,Regional,Modern (6–15 yrs)
3061,N664MS,UNKNOWN,UNKNOWN,,Unknown,Unknown
3062,N652RS,UNKNOWN,UNKNOWN,,Unknown,Unknown
3063,N616AE,EMBRAER,ERJ-145,2004.0,Regional,New (0–5 yrs)
3064,N690AE,BOMBARDIER,CRJ-200,1998.0,Regional,Modern (6–15 yrs)
3065,N907AE,ATR,ATR-72,1992.0,Turboprop,Mature (16–25 yrs)
3066,N688AE,ATR,ATR-72,1996.0,Turboprop,Modern (6–15 yrs)
3067,N908AE,BOMBARDIER,CRJ-200,1996.0,Regional,Modern (6–15 yrs)
3068,N651AE,EMBRAER,ERJ-145,2001.0,Regional,Modern (6–15 yrs)
3069,N902BC,UNKNOWN,UNKNOWN,,Unknown,Unknown
3070,N618AE,ATR,ATR-72,1990.0,Turboprop,Mature (16–25 yrs)
3071,N700LE,UNKNOWN,UNKNOWN,,Unknown,Unknown
3072,N855AE,ATR,ATR-72,1991.0,Turboprop,Mature (16–25 yrs)
3073,N842AE,EMBRAER,ERJ-145,2004.0,Regional,New (0–5 yrs)
3074,N617AE,EMBRAER,ERJ-145,2002.0,Regional,Modern (6–15 yrs)
3075,N674RJ,UNKNOWN,UNKNOWN,,Unknown,Unknown
3076,N811AE,BOMBARDIER,CRJ-200,2001.0,Regional,Modern (6–15 yrs)
3077,N839AE,BOMBARDIER,CRJ-200,1999.0,Regional,Modern (6–15 yrs)
3078,N733KR,UNKNOWN,UNKNOWN,,Unknown,Unknown
3079,N724AE,BOMBARDIER,CRJ-200,1996.0,Regional,Modern (6–15 yrs)
3080,N856AE,EMBRAER,ERJ-145,2002.0,Regional,Modern (6–15 yrs)
3081,N731BE,UNKNOWN,UNKNOWN,,Unknown,Unknown
3082,N727AE,BOMBARDIER,CRJ-200,1997.0,Regional,Modern (6–15 yrs)
3083,N726AE,BOMBARDIER,CRJ-200,1993.0,Regional,Modern (6–15 yrs)
3084,N725AE,BOMBARDIER,CRJ-200,1996.0,Regional,Modern (6–15 yrs)
3085,N738NR,UNKNOWN,UNKNOWN,,Unknown,Unknown
3086,N708AE,BOMBARDIER,CRJ-200,2001.0,Regional,Modern (6–15 yrs)
3087,N732DH,UNKNOWN,UNKNOWN,,Unknown,Unknown
3088,N703MR,UNKNOWN,UNKNOWN,,Unknown,Unknown
3089,N705AE,ATR,ATR-72,1996.0,Turboprop,Modern (6–15 yrs)
3090,N707EB,UNKNOWN,UNKNOWN,,Unknown,Unknown
3091,N716AE,BOMBARDIER,CRJ-200,1995.0,Regional,Modern (6–15 yrs)
3092,N710TB,UNKNOWN,UNKNOWN,,Unknown,Unknown
3093,N719AE,ATR,ATR-72,2009.0,Turboprop,New (0–5 yrs)
3094,N702AE,BOMBARDIER,CRJ-200,1996.0,Regional,Modern (6–15 yrs)
3095,N717AE,ATR,ATR-72,2003.0,Turboprop,New (0–5 yrs)
3096,N720AE,EMBRAER,ERJ-145,2006.0,Regional,New (0–5 yrs)
3097,N712AE,BOMBARDIER,CRJ-200,1992.0,Regional,Mature (16–25 yrs)
3098,N737MW,UNKNOWN,UNKNOWN,,Unknown,Unknown
3099,N701MH,BOMBARDIER,CRJ-700,2001.0,Regional,Modern (6–15 yrs)
3100,N739AE,ATR,ATR-72,2004.0,Turboprop,New (0–5 yrs)
3101,N704PG,UNKNOWN,UNKNOWN,,Unknown,Unknown
3102,N713AE,BOMBARDIER,CRJ-200,1993.0,Regional,Modern (6–15 yrs)
3103,N721HS,UNKNOWN,UNKNOWN,,Unknown,Unknown
3104,N715AE,BOMBARDIER,CRJ-200,1999.0,Regional,Modern (6–15 yrs)
3105,N730KW,UNKNOWN,UNKNOWN,,Unknown,Unknown
3106,N736DT,UNKNOWN,UNKNOWN,,Unknown,Unknown
3107,N728AE,EMBRAER,ERJ-145,1996.0,Regional,Modern (6–15 yrs)
3108,N723AE,BOMBARDIER,CRJ-200,2005.0,Regional,New (0–5 yrs)
3109,N711PH,UNKNOWN,UNKNOWN,,Unknown,Unknown
3110,N722AE,BOMBARDIER,CRJ-200,1997.0,Regional,Modern (6–15 yrs)
3111,N735TS,UNKNOWN,UNKNOWN,,Unknown,Unknown
3112,N729AE,EMBRAER,ERJ-145,2002.0,Regional,Modern (6–15 yrs)
3113,N734EK,UNKNOWN,UNKNOWN,,Unknown,Unknown
3114,N709GB,UNKNOWN,UNKNOWN,,Unknown,Unknown
3115,N718AE,BOMBARDIER,CRJ-200,1994.0,Regional,Modern (6–15 yrs)
3116,N513US,AIRBUS,A319-100,2006.0,Narrow-Body,New (0–5 yrs)
3117,N520US,AIRBUS,A319-100,2012.0,Narrow-Body,New (0–5 yrs)
3118,N504US,AIRBUS,A320-200,2005.0,Narrow-Body,New (0–5 yrs)
3119,N554NW,MCDONNELL DOUGLAS,DC-9-41,1970.0,Narrow-Body,Legacy (35+ yrs)
3120,N527US,AIRBUS,A319-100,2011.0,Narrow-Body,New (0–5 yrs)
3121,N533US,AIRBUS,A319-100,1995.0,Narrow-Body,Modern (6–15 yrs)
3122,N557NW,BOEING,B747-400,2009.0,Wide-Body,New (0–5 yrs)
3123,N530US,AIRBUS,A319-100,2006.0,Narrow-Body,New (0–5 yrs)
3124,N502US,AIRBUS,A320-200,1989.0,Narrow-Body,Mature (16–25 yrs)
3125,N521US,AIRBUS,A319-100,2005.0,Narrow-Body,New (0–5 yrs)
3126,N507US,AIRBUS,A320-200,1993.0,Narrow-Body,Modern (6–15 yrs)
3127,N553NW,BOEING,B757-200,1983.0,Narrow-Body,Mature (16–25 yrs)
3128,N547US,AIRBUS,A320-200,1989.0,Narrow-Body,Mature (16–25 yrs)
3129,N311US,BOMBARDIER,CRJ-200,2006.0,Regional,New (0–5 yrs)
3130,N528US,BOMBARDIER,CRJ-200,2000.0,Regional,Modern (6–15 yrs)
3131,N552NW,MCDONNELL DOUGLAS,DC-9-41,1972.0,Narrow-Body,Legacy (35+ yrs)
3132,N329NB,BOMBARDIER,CRJ-700,1995.0,Regional,Modern (6–15 yrs)
3133,N511US,AIRBUS,A319-100,1999.0,Narrow-Body,Modern (6–15 yrs)
3134,N529US,AIRBUS,A319-100,2010.0,Narrow-Body,New (0–5 yrs)
3135,N517US,AIRBUS,A320-200,1999.0,Narrow-Body,Modern (6–15 yrs)
3136,N512US,AIRBUS,A319-100,2006.0,Narrow-Body,New (0–5 yrs)
3137,N526US,AIRBUS,A320-200,2005.0,Narrow-Body,New (0–5 yrs)
3138,N534US,BOEING,B757-200,1991.0,Narrow-Body,Mature (16–25 yrs)
3139,N532US,AIRBUS,A320-200,1994.0,Narrow-Body,Modern (6–15 yrs)
3140,N555NW,MCDONNELL DOUGLAS,DC-9-41,1968.0,Narrow-Body,Legacy (35+ yrs)
3141,N356NW,MCDONNELL DOUGLAS,DC-9-41,1973.0,Narrow-Body,Aging (26–35 yrs)
3142,N320US,AIRBUS,A319-100,1999.0,Narrow-Body,Modern (6–15 yrs)
3143,N522US,AIRBUS,A319-100,2006.0,Narrow-Body,New (0–5 yrs)
3144,N503US,AIRBUS,A319-100,1998.0,Narrow-Body,Modern (6–15 yrs)
3145,N509US,AIRBUS,A319-100,2011.0,Narrow-Body,New (0–5 yrs)
3146,N357NW,AIRBUS,A319-100,1999.0,Narrow-Body,Modern (6–15 yrs)
3147,N378NW,BOEING,B757-200,1994.0,Narrow-Body,Modern (6–15 yrs)
3148,N518US,AIRBUS,A320-200,2012.0,Narrow-Body,New (0–5 yrs)
3149,N523US,BOEING,B737-300,1985.0,Narrow-Body,Mature (16–25 yrs)
3150,N519US,AIRBUS,A319-100,2012.0,Narrow-Body,New (0–5 yrs)
3151,N514US,AIRBUS,A320-200,1992.0,Narrow-Body,Mature (16–25 yrs)
3152,N501US,BOMBARDIER,CRJ-200,2002.0,Regional,Modern (6–15 yrs)
3153,N531US,BOMBARDIER,CRJ-200,2003.0,Regional,New (0–5 yrs)
3154,N364NW,AIRBUS,A319-100,2007.0,Narrow-Body,New (0–5 yrs)
3155,N374NW,BOEING,B747-400,2002.0,Wide-Body,Modern (6–15 yrs)
3156,N333NW,AIRBUS,A330-300,2000.0,Wide-Body,Modern (6–15 yrs)
3157,N321US,AIRBUS,A320-200,2000.0,Narrow-Body,Modern (6–15 yrs)
3158,N342NW,AIRBUS,A319-100,1998.0,Narrow-Body,Modern (6–15 yrs)
3159,N508US,AIRBUS,A319-100,2004.0,Narrow-Body,New (0–5 yrs)
3160,N301US,AIRBUS,A320-200,2004.0,Narrow-Body,New (0–5 yrs)
3161,N352NW,AIRBUS,A320-200,1995.0,Narrow-Body,Modern (6–15 yrs)
3162,N525US,AIRBUS,A320-200,1989.0,Narrow-Body,Mature (16–25 yrs)
3163,N516US,AIRBUS,A320-200,2008.0,Narrow-Body,New (0–5 yrs)
3164,N505US,BOEING,B737-300,1995.0,Narrow-Body,Modern (6–15 yrs)
3165,N506US,BOMBARDIER,CRJ-200,1994.0,Regional,Modern (6–15 yrs)
3166,N549US,AIRBUS,A320-200,2001.0,Narrow-Body,Modern (6–15 yrs)
3167,N548US,AIRBUS,A319-100,1999.0,Narrow-Body,Modern (6–15 yrs)
3168,N775NC,AIRBUS,A320-200,1996.0,Narrow-Body,Modern (6–15 yrs)
3169,N773NC,BOEING,B737-800,2003.0,Narrow-Body,New (0–5 yrs)
3170,N760NC,BOEING,B737-800,2000.0,Narrow-Body,Modern (6–15 yrs)
3171,N600TR,UNKNOWN,UNKNOWN,,Unknown,Unknown
3172,N777NC,BOEING,B737-800,2008.0,Narrow-Body,New (0–5 yrs)
3173,N785NC,AIRBUS,A320-200,2004.0,Narrow-Body,New (0–5 yrs)
3174,N776NC,BOEING,B737-800,2010.0,Narrow-Body,New (0–5 yrs)
3175,N753NW,BOEING,B757-200,1989.0,Narrow-Body,Mature (16–25 yrs)
3176,N772NC,AIRBUS,A320-200,2011.0,Narrow-Body,New (0–5 yrs)
3177,N756NW,AIRBUS,A320-200,2000.0,Narrow-Body,Modern (6–15 yrs)
3178,N767NC,BOEING,B737-800,2012.0,Narrow-Body,New (0–5 yrs)
3179,N770NC,AIRBUS,A320-200,1999.0,Narrow-Body,Modern (6–15 yrs)
3180,N670MC,UNKNOWN,UNKNOWN,,Unknown,Unknown
3181,N671MC,UNKNOWN,UNKNOWN,,Unknown,Unknown
3182,N8925E,UNKNOWN,UNKNOWN,,Unknown,Unknown
3183,N1309T,UNKNOWN,UNKNOWN,,Unknown,Unknown
3184,N925US,AIRBUS,A319-100,2005.0,Narrow-Body,New (0–5 yrs)
3185,N779NC,BOEING,B737-800,2007.0,Narrow-Body,New (0–5 yrs)
3186,N778NC,BOEING,B737-800,2002.0,Narrow-Body,Modern (6–15 yrs)
3187,N771NC,BOEING,B737-800,2011.0,Narrow-Body,New (0–5 yrs)
3188,N769NC,AIRBUS,A320-200,1992.0,Narrow-Body,Mature (16–25 yrs)
3189,N676MC,UNKNOWN,UNKNOWN,,Unknown,Unknown
3190,N675MC,UNKNOWN,UNKNOWN,,Unknown,Unknown
3191,N781NC,BOEING,B737-800,2007.0,Narrow-Body,New (0–5 yrs)
3192,N359NW,MCDONNELL DOUGLAS,DC-9-41,1972.0,Narrow-Body,Legacy (35+ yrs)
3193,N8938E,UNKNOWN,UNKNOWN,,Unknown,Unknown
3194,N8923E,UNKNOWN,UNKNOWN,,Unknown,Unknown
3195,N784NC,AIRBUS,A320-200,2008.0,Narrow-Body,New (0–5 yrs)
3196,N365NW,AIRBUS,A319-100,2002.0,Narrow-Body,Modern (6–15 yrs)
3197,N349NW,AIRBUS,A319-100,1996.0,Narrow-Body,Modern (6–15 yrs)
3198,N343NW,BOEING,B747-400,1991.0,Wide-Body,Mature (16–25 yrs)
3199,N373NW,BOEING,B757-200,1989.0,Narrow-Body,Mature (16–25 yrs)
3200,N330NW,AIRBUS,A320-200,1994.0,Narrow-Body,Modern (6–15 yrs)
3201,N337NW,BOEING,B757-200,1992.0,Narrow-Body,Mature (16–25 yrs)
3202,N325US,BOMBARDIER,CRJ-200,2000.0,Regional,Modern (6–15 yrs)
3203,N319US,AIRBUS,A320-200,1988.0,Narrow-Body,Mature (16–25 yrs)
3204,N353NW,MCDONNELL DOUGLAS,DC-9-41,1974.0,Narrow-Body,Aging (26–35 yrs)
3205,N371NW,MCDONNELL DOUGLAS,DC-9-41,1973.0,Narrow-Body,Aging (26–35 yrs)
3206,N345NW,AIRBUS,A320-200,1990.0,Narrow-Body,Mature (16–25 yrs)
3207,N764NC,BOEING,B737-800,2004.0,Narrow-Body,New (0–5 yrs)
3208,N341NW,BOEING,B757-200,1986.0,Narrow-Body,Mature (16–25 yrs)
3209,N305US,AIRBUS,A320-200,1993.0,Narrow-Body,Modern (6–15 yrs)
3210,N332NW,AIRBUS,A319-100,2005.0,Narrow-Body,New (0–5 yrs)
3211,N765NC,BOEING,B737-800,2005.0,Narrow-Body,New (0–5 yrs)
3212,N967N,UNKNOWN,UNKNOWN,,Unknown,Unknown
3213,N401EA,UNKNOWN,UNKNOWN,,Unknown,Unknown
3214,N782NC,AIRBUS,A320-200,2010.0,Narrow-Body,New (0–5 yrs)
3215,N774NC,BOEING,B737-800,2004.0,Narrow-Body,New (0–5 yrs)
3216,N760NW,BOEING,B757-200,1994.0,Narrow-Body,Modern (6–15 yrs)
3217,N783NC,BOEING,B737-800,2008.0,Narrow-Body,New (0–5 yrs)
3218,N322US,BOEING,B737-300,1985.0,Narrow-Body,Mature (16–25 yrs)
3219,N318NB,EMBRAER,ERJ-175,2001.0,Regional,Modern (6–15 yrs)
3220,N354NB,EMBRAER,ERJ-175,2005.0,Regional,New (0–5 yrs)
3221,N335NB,BOMBARDIER,CRJ-700,2001.0,Regional,Modern (6–15 yrs)
3222,N355NB,EMBRAER,ERJ-175,2004.0,Regional,New (0–5 yrs)
3223,N301NB,EMBRAER,ERJ-175,1998.0,Regional,Modern (6–15 yrs)
3224,N334NB,BOMBARDIER,CRJ-700,2003.0,Regional,New (0–5 yrs)
3225,N331NB,EMBRAER,ERJ-175,1998.0,Regional,Modern (6–15 yrs)
3226,N327NB,BOMBARDIER,CRJ-700,2004.0,Regional,New (0–5 yrs)
3227,N344NB,EMBRAER,ERJ-175,2002.0,Regional,Modern (6–15 yrs)
3228,N343NB,EMBRAER,ERJ-175,2005.0,Regional,New (0–5 yrs)
3229,N345NB,EMBRAER,ERJ-175,1999.0,Regional,Modern (6–15 yrs)
3230,N363NB,EMBRAER,ERJ-175,1999.0,Regional,Modern (6–15 yrs)
3231,N780NC,AIRBUS,A320-200,1989.0,Narrow-Body,Mature (16–25 yrs)
3232,N8929E,BOMBARDIER,CRJ-200,1999.0,Regional,Modern (6–15 yrs)
3233,N8945E,UNKNOWN,UNKNOWN,,Unknown,Unknown
3234,N8920E,UNKNOWN,UNKNOWN,,Unknown,Unknown
3235,N361NB,EMBRAER,ERJ-175,2000.0,Regional,Modern (6–15 yrs)
3236,N368NB,EMBRAER,ERJ-175,2004.0,Regional,New (0–5 yrs)
3237,N330NB,EMBRAER,ERJ-175,1995.0,Regional,Modern (6–15 yrs)
3238,N357NB,EMBRAER,ERJ-175,1999.0,Regional,Modern (6–15 yrs)
3239,N358NB,EMBRAER,ERJ-175,1998.0,Regional,Modern (6–15 yrs)
3240,N369NB,EMBRAER,ERJ-175,1995.0,Regional,Modern (6–15 yrs)
3241,N338NW,AIRBUS,A330-300,2007.0,Wide-Body,New (0–5 yrs)
3242,N606NW,AIRBUS,A320-200,2005.0,Narrow-Body,New (0–5 yrs)
3243,N8944E,UNKNOWN,UNKNOWN,,Unknown,Unknown
3244,N1799U,UNKNOWN,UNKNOWN,,Unknown,Unknown
3245,N787NC,AIRBUS,A320-200,1988.0,Narrow-Body,Mature (16–25 yrs)
3246,N677MC,UNKNOWN,UNKNOWN,,Unknown,Unknown
3247,N376NW,MCDONNELL DOUGLAS,DC-9-41,1973.0,Narrow-Body,Aging (26–35 yrs)
3248,N362NW,BOEING,B757-200,1993.0,Narrow-Body,Modern (6–15 yrs)
3249,N325NB,BOMBARDIER,CRJ-700,2000.0,Regional,Modern (6–15 yrs)
3250,N317NB,BOMBARDIER,CRJ-700,1996.0,Regional,Modern (6–15 yrs)
3251,N322NB,EMBRAER,ERJ-175,2002.0,Regional,Modern (6–15 yrs)
3252,N321NB,EMBRAER,ERJ-175,2005.0,Regional,New (0–5 yrs)
3253,N360NB,EMBRAER,ERJ-175,1997.0,Regional,Modern (6–15 yrs)
3254,N326NB,EMBRAER,ERJ-175,2000.0,Regional,Modern (6–15 yrs)
3255,N366NB,EMBRAER,ERJ-175,2000.0,Regional,Modern (6–15 yrs)
3256,N351NB,BOMBARDIER,CRJ-700,1999.0,Regional,Modern (6–15 yrs)
3257,N347NB,BOMBARDIER,CRJ-700,2004.0,Regional,New (0–5 yrs)
3258,N323NB,EMBRAER,ERJ-175,1997.0,Regional,Modern (6–15 yrs)
3259,N302NB,EMBRAER,ERJ-175,1997.0,Regional,Modern (6–15 yrs)
3260,N341NB,BOMBARDIER,CRJ-700,2000.0,Regional,Modern (6–15 yrs)
3261,N348NB,BOMBARDIER,CRJ-700,2004.0,Regional,New (0–5 yrs)
3262,N352NB,EMBRAER,ERJ-175,1995.0,Regional,Modern (6–15 yrs)
3263,N342NB,BOMBARDIER,CRJ-700,1997.0,Regional,Modern (6–15 yrs)
3264,N338NB,EMBRAER,ERJ-175,1999.0,Regional,Modern (6–15 yrs)
3265,N359NB,EMBRAER,ERJ-175,2000.0,Regional,Modern (6–15 yrs)
3266,N328NB,EMBRAER,ERJ-175,1997.0,Regional,Modern (6–15 yrs)
3267,N316NB,EMBRAER,ERJ-175,2002.0,Regional,Modern (6–15 yrs)
3268,N347NW,BOEING,B757-200,1998.0,Narrow-Body,Modern (6–15 yrs)
3269,N346NB,EMBRAER,ERJ-175,2003.0,Regional,New (0–5 yrs)
3270,N339NW,AIRBUS,A319-100,2005.0,Narrow-Body,New (0–5 yrs)
3271,N855NW,AIRBUS,A319-100,2012.0,Narrow-Body,New (0–5 yrs)
3272,N581NW,AIRBUS,A330-300,1995.0,Wide-Body,Modern (6–15 yrs)
3273,N590NW,MCDONNELL DOUGLAS,DC-9-41,1975.0,Narrow-Body,Aging (26–35 yrs)
3274,N586NW,AIRBUS,A319-100,2001.0,Narrow-Body,Modern (6–15 yrs)
3275,N588NW,AIRBUS,A330-300,2002.0,Wide-Body,Modern (6–15 yrs)
3276,N587NW,AIRBUS,A320-200,2004.0,Narrow-Body,New (0–5 yrs)
3277,N593NW,MCDONNELL DOUGLAS,DC-9-41,1969.0,Narrow-Body,Legacy (35+ yrs)
3278,N582NW,MCDONNELL DOUGLAS,DC-9-41,1978.0,Narrow-Body,Aging (26–35 yrs)
3279,N595NW,MCDONNELL DOUGLAS,DC-9-41,1973.0,Narrow-Body,Aging (26–35 yrs)
3280,N592NW,AIRBUS,A320-200,2012.0,Narrow-Body,New (0–5 yrs)
3281,N594NW,AIRBUS,A320-200,2001.0,Narrow-Body,Modern (6–15 yrs)
3282,N853NW,BOEING,B757-200,2004.0,Narrow-Body,New (0–5 yrs)
3283,N583NW,MCDONNELL DOUGLAS,DC-9-41,1973.0,Narrow-Body,Aging (26–35 yrs)
3284,N585NW,AIRBUS,A330-300,2006.0,Wide-Body,New (0–5 yrs)
3285,N591NW,MCDONNELL DOUGLAS,DC-9-41,1969.0,Narrow-Body,Legacy (35+ yrs)
3286,N329NW,BOEING,B757-200,1983.0,Narrow-Body,Mature (16–25 yrs)
3287,N318US,AIRBUS,A319-100,2009.0,Narrow-Body,New (0–5 yrs)
3288,N589NW,AIRBUS,A319-100,1995.0,Narrow-Body,Modern (6–15 yrs)
3289,N584NW,AIRBUS,A320-200,2006.0,Narrow-Body,New (0–5 yrs)
3290,N852NW,MCDONNELL DOUGLAS,DC-9-41,1975.0,Narrow-Body,Aging (26–35 yrs)
3291,N854NW,BOEING,B747-400,1989.0,Wide-Body,Mature (16–25 yrs)
3292,N515US,AIRBUS,A319-100,2008.0,Narrow-Body,New (0–5 yrs)
3293,N336NB,BOMBARDIER,CRJ-700,2002.0,Regional,Modern (6–15 yrs)
3294,N353NB,EMBRAER,ERJ-175,1997.0,Regional,Modern (6–15 yrs)
3295,N315NB,EMBRAER,ERJ-175,1996.0,Regional,Modern (6–15 yrs)
3296,N326US,AIRBUS,A319-100,1996.0,Narrow-Body,Modern (6–15 yrs)
3297,N344NW,MCDONNELL DOUGLAS,DC-9-41,1975.0,Narrow-Body,Aging (26–35 yrs)
3298,N316US,BOMBARDIER,CRJ-200,1995.0,Regional,Modern (6–15 yrs)
3299,N351NW,MCDONNELL DOUGLAS,DC-9-41,1975.0,Narrow-Body,Aging (26–35 yrs)
3300,N355NW,MCDONNELL DOUGLAS,DC-9-41,1976.0,Narrow-Body,Aging (26–35 yrs)
3301,N370NB,BOMBARDIER,CRJ-700,1998.0,Regional,Modern (6–15 yrs)
3302,N333NB,BOMBARDIER,CRJ-700,2001.0,Regional,Modern (6–15 yrs)
3303,N349NB,EMBRAER,ERJ-175,2004.0,Regional,New (0–5 yrs)
3304,N320NB,BOMBARDIER,CRJ-700,2005.0,Regional,New (0–5 yrs)
3305,N360NW,BOEING,B757-200,1994.0,Narrow-Body,Modern (6–15 yrs)
3306,N362NB,EMBRAER,ERJ-175,2002.0,Regional,Modern (6–15 yrs)
3307,N339NB,EMBRAER,ERJ-175,1995.0,Regional,Modern (6–15 yrs)
3308,N323US,BOEING,B737-300,1995.0,Narrow-Body,Modern (6–15 yrs)
3309,N348NW,MCDONNELL DOUGLAS,DC-9-41,1968.0,Narrow-Body,Legacy (35+ yrs)
3310,N369NW,BOEING,B757-200,2000.0,Narrow-Body,Modern (6–15 yrs)
3311,N334NW,AIRBUS,A319-100,2010.0,Narrow-Body,New (0–5 yrs)
3312,N372NW,AIRBUS,A319-100,2006.0,Narrow-Body,New (0–5 yrs)
3313,N354NW,AIRBUS,A320-200,2007.0,Narrow-Body,New (0–5 yrs)
3314,N363NW,BOEING,B747-400,1998.0,Wide-Body,Modern (6–15 yrs)
3315,N350NA,UNKNOWN,UNKNOWN,,Unknown,Unknown
3316,N368NW,AIRBUS,A320-200,2000.0,Narrow-Body,Modern (6–15 yrs)
3317,N370NW,BOEING,B757-200,1992.0,Narrow-Body,Mature (16–25 yrs)
3318,N375NC,AIRBUS,A320-200,2009.0,Narrow-Body,New (0–5 yrs)
3319,N366NW,MCDONNELL DOUGLAS,DC-9-41,1974.0,Narrow-Body,Aging (26–35 yrs)
3320,N337NB,BOMBARDIER,CRJ-700,2003.0,Regional,New (0–5 yrs)
3321,N340NW,MCDONNELL DOUGLAS,DC-9-41,1969.0,Narrow-Body,Legacy (35+ yrs)
3322,N551NW,AIRBUS,A319-100,1998.0,Narrow-Body,Modern (6–15 yrs)
3323,N314US,BOEING,B757-200,1997.0,Narrow-Body,Modern (6–15 yrs)
3324,N365NB,BOMBARDIER,CRJ-700,1995.0,Regional,Modern (6–15 yrs)
3325,N314NB,EMBRAER,ERJ-175,2000.0,Regional,Modern (6–15 yrs)
3326,N324NB,BOMBARDIER,CRJ-700,2005.0,Regional,New (0–5 yrs)
3327,N371NB,EMBRAER,ERJ-175,2003.0,Regional,New (0–5 yrs)
3328,N319NB,BOMBARDIER,CRJ-700,2004.0,Regional,New (0–5 yrs)
3329,N611NA,UNKNOWN,UNKNOWN,,Unknown,Unknown
3330,N9333,UNKNOWN,UNKNOWN,,Unknown,Unknown
3331,N923RW,UNKNOWN,UNKNOWN,,Unknown,Unknown
3332,N603NW,AIRBUS,A320-200,2011.0,Narrow-Body,New (0–5 yrs)
3333,N9332,UNKNOWN,UNKNOWN,,Unknown,Unknown
3334,N987US,AIRBUS,A320-200,2005.0,Narrow-Body,New (0–5 yrs)
3335,N921RW,UNKNOWN,UNKNOWN,,Unknown,Unknown
3336,N984US,AIRBUS,A320-200,2000.0,Narrow-Body,Modern (6–15 yrs)
3337,N759NW,AIRBUS,A320-200,2008.0,Narrow-Body,New (0–5 yrs)
3338,N763NW,AIRBUS,A320-200,2000.0,Narrow-Body,Modern (6–15 yrs)
3339,N940N,UNKNOWN,UNKNOWN,,Unknown,Unknown
3340,N924RW,UNKNOWN,UNKNOWN,,Unknown,Unknown
3341,N9338,UNKNOWN,UNKNOWN,,Unknown,Unknown
3342,N9331,UNKNOWN,UNKNOWN,,Unknown,Unknown
3343,N915RW,UNKNOWN,UNKNOWN,,Unknown,Unknown
3344,N943N,UNKNOWN,UNKNOWN,,Unknown,Unknown
3345,N9343,UNKNOWN,UNKNOWN,,Unknown,Unknown
3346,N8978E,UNKNOWN,UNKNOWN,,Unknown,Unknown
3347,N596NW,BOEING,B747-400,2009.0,Wide-Body,New (0–5 yrs)
3348,N556NW,AIRBUS,A320-200,2005.0,Narrow-Body,New (0–5 yrs)
3349,N808NW,BOEING,B757-200,2001.0,Narrow-Body,Modern (6–15 yrs)
3350,N818NW,MCDONNELL DOUGLAS,DC-9-41,1973.0,Narrow-Body,Aging (26–35 yrs)
3351,N815NW,AIRBUS,A330-300,2000.0,Wide-Body,Modern (6–15 yrs)
3352,N817NW,BOEING,B757-200,1995.0,Narrow-Body,Modern (6–15 yrs)
3353,N303US,AIRBUS,A319-100,2007.0,Narrow-Body,New (0–5 yrs)
3354,N332NB,BOMBARDIER,CRJ-700,1996.0,Regional,Modern (6–15 yrs)
3355,N336NW,MCDONNELL DOUGLAS,DC-9-41,1974.0,Narrow-Body,Aging (26–35 yrs)
3356,N9337,UNKNOWN,UNKNOWN,,Unknown,Unknown
3357,N335NW,AIRBUS,A330-300,2011.0,Wide-Body,New (0–5 yrs)
3358,N313US,BOMBARDIER,CRJ-200,1994.0,Regional,Modern (6–15 yrs)
3359,N602NW,BOEING,B757-200,1995.0,Narrow-Body,Modern (6–15 yrs)
3360,N536US,AIRBUS,A321-200,2012.0,Narrow-Body,New (0–5 yrs)
3361,N377NW,MCDONNELL DOUGLAS,DC-9-41,1970.0,Narrow-Body,Legacy (35+ yrs)
3362,N327NW,MCDONNELL DOUGLAS,DC-9-41,1968.0,Narrow-Body,Legacy (35+ yrs)
3363,N535US,AIRBUS,A321-200,2003.0,Narrow-Body,New (0–5 yrs)
3364,N324US,AIRBUS,A320-200,2008.0,Narrow-Body,New (0–5 yrs)
3365,N545US,AIRBUS,A320-200,1992.0,Narrow-Body,Mature (16–25 yrs)
3366,N546US,AIRBUS,A320-200,2002.0,Narrow-Body,Modern (6–15 yrs)
3367,N358NW,AIRBUS,A319-100,2009.0,Narrow-Body,New (0–5 yrs)
3368,N537US,BOEING,B737-300,1991.0,Narrow-Body,Mature (16–25 yrs)
3369,N758NW,AIRBUS,A330-300,1998.0,Wide-Body,Modern (6–15 yrs)
3370,N361NW,MCDONNELL DOUGLAS,DC-9-41,1971.0,Narrow-Body,Legacy (35+ yrs)
3371,N8986E,UNKNOWN,UNKNOWN,,Unknown,Unknown
3372,N364NB,BOMBARDIER,CRJ-700,1999.0,Regional,Modern (6–15 yrs)
3373,N3324L,UNKNOWN,UNKNOWN,,Unknown,Unknown
3374,N304US,AIRBUS,A320-200,2001.0,Narrow-Body,Modern (6–15 yrs)
3375,N312US,BOMBARDIER,CRJ-200,1992.0,Regional,Mature (16–25 yrs)
3376,N317US,AIRBUS,A320-200,2003.0,Narrow-Body,New (0–5 yrs)
3377,N786NC,BOEING,B737-800,2001.0,Narrow-Body,Modern (6–15 yrs)
3378,N768NC,BOEING,B737-800,2001.0,Narrow-Body,Modern (6–15 yrs)
3379,N8921E,UNKNOWN,UNKNOWN,,Unknown,Unknown
3380,N752NW,MCDONNELL DOUGLAS,DC-9-41,1972.0,Narrow-Body,Legacy (35+ yrs)
3381,N8932E,UNKNOWN,UNKNOWN,,Unknown,Unknown
3382,N8926E,UNKNOWN,UNKNOWN,,Unknown,Unknown
3383,N762NC,BOEING,B737-800,2007.0,Narrow-Body,New (0–5 yrs)
3384,N605NW,AIRBUS,A320-200,1988.0,Narrow-Body,Mature (16–25 yrs)
3385,N8928E,UNKNOWN,UNKNOWN,,Unknown,Unknown
3386,N761NC,AIRBUS,A320-200,2009.0,Narrow-Body,New (0–5 yrs)
3387,N8960E,UNKNOWN,UNKNOWN,,Unknown,Unknown
3388,N821NW,AIRBUS,A320-200,2010.0,Narrow-Body,New (0–5 yrs)
3389,N310NW,AIRBUS,A319-100,2004.0,Narrow-Body,New (0–5 yrs)
3390,N331NW,MCDONNELL DOUGLAS,DC-9-41,1976.0,Narrow-Body,Aging (26–35 yrs)
3391,N328NW,AIRBUS,A319-100,1998.0,Narrow-Body,Modern (6–15 yrs)
3392,N315US,AIRBUS,A319-100,1995.0,Narrow-Body,Modern (6–15 yrs)
3393,N367NW,AIRBUS,A320-200,2006.0,Narrow-Body,New (0–5 yrs)
3394,N309US,BOMBARDIER,CRJ-200,2006.0,Regional,New (0–5 yrs)
3395,N610NW,AIRBUS,A330-300,1994.0,Wide-Body,Modern (6–15 yrs)
3396,N608NW,MCDONNELL DOUGLAS,DC-9-41,1977.0,Narrow-Body,Aging (26–35 yrs)
3397,N9346,UNKNOWN,UNKNOWN,,Unknown,Unknown
3398,N544US,BOEING,B757-200,1992.0,Narrow-Body,Mature (16–25 yrs)
3399,N751NW,MCDONNELL DOUGLAS,DC-9-41,1970.0,Narrow-Body,Legacy (35+ yrs)
3400,N750NW,MCDONNELL DOUGLAS,DC-9-41,1968.0,Narrow-Body,Legacy (35+ yrs)
3401,N762NW,AIRBUS,A319-100,2005.0,Narrow-Body,New (0–5 yrs)
3402,N755NW,MCDONNELL DOUGLAS,DC-9-41,1976.0,Narrow-Body,Aging (26–35 yrs)
3403,N9339,UNKNOWN,UNKNOWN,,Unknown,Unknown
3404,N926NW,MCDONNELL DOUGLAS,DC-9-41,1975.0,Narrow-Body,Aging (26–35 yrs)
3405,N1332U,UNKNOWN,UNKNOWN,,Unknown,Unknown
3406,N754NW,BOEING,B757-200,1995.0,Narrow-Body,Modern (6–15 yrs)
3407,N1334U,UNKNOWN,UNKNOWN,,Unknown,Unknown
3408,N9336,UNKNOWN,UNKNOWN,,Unknown,Unknown
3409,N916RW,UNKNOWN,UNKNOWN,,Unknown,Unknown
3410,N801NW,AIRBUS,A320-200,1996.0,Narrow-Body,Modern (6–15 yrs)
3411,N820NW,AIRBUS,A320-200,2011.0,Narrow-Body,New (0–5 yrs)
3412,N805NW,AIRBUS,A330-300,2007.0,Wide-Body,New (0–5 yrs)
3413,N813NW,AIRBUS,A320-200,2000.0,Narrow-Body,Modern (6–15 yrs)
3414,N809NW,MCDONNELL DOUGLAS,DC-9-41,1978.0,Narrow-Body,Aging (26–35 yrs)
3415,N807NW,AIRBUS,A319-100,1996.0,Narrow-Body,Modern (6–15 yrs)
3416,N8933E,UNKNOWN,UNKNOWN,,Unknown,Unknown
3417,N538US,AIRBUS,A319-100,2003.0,Narrow-Body,New (0–5 yrs)
3418,N340NB,EMBRAER,ERJ-175,2004.0,Regional,New (0–5 yrs)
3419,91469E,BOMBARDIER,CRJ-900,2007.0,Regional,New (0–5 yrs)
3420,91479E,BOMBARDIER,CRJ-200,1996.0,Regional,Modern (6–15 yrs)
3421,91539E,BOMBARDIER,CRJ-900,2009.0,Regional,New (0–5 yrs)
3422,80239E,BOMBARDIER,CRJ-200,1995.0,Regional,Modern (6–15 yrs)
3423,87459E,BOMBARDIER,CRJ-900,2011.0,Regional,New (0–5 yrs)
3424,89809E,BOMBARDIER,CRJ-900,2012.0,Regional,New (0–5 yrs)
3425,85159E,BOMBARDIER,CRJ-200,1997.0,Regional,Modern (6–15 yrs)
3426,84329E,BOMBARDIER,CRJ-200,1999.0,Regional,Modern (6–15 yrs)
3427,89339E,BOMBARDIER,CRJ-200,2002.0,Regional,Modern (6–15 yrs)
3428,80409E,BOMBARDIER,CRJ-200,1998.0,Regional,Modern (6–15 yrs)
3429,87589E,BOMBARDIER,CRJ-200,1998.0,Regional,Modern (6–15 yrs)
3430,80129E,BOMBARDIER,CRJ-200,1999.0,Regional,Modern (6–15 yrs)
3431,85339E,BOMBARDIER,CRJ-200,1995.0,Regional,Modern (6–15 yrs)
3432,85249E,BOMBARDIER,CRJ-900,2003.0,Regional,New (0–5 yrs)
3433,85609E,BOMBARDIER,CRJ-200,2002.0,Regional,Modern (6–15 yrs)
3434,87109E,BOMBARDIER,CRJ-200,2005.0,Regional,New (0–5 yrs)
3435,83909E,BOMBARDIER,CRJ-200,2003.0,Regional,New (0–5 yrs)
3436,89389E,BOMBARDIER,CRJ-200,1996.0,Regional,Modern (6–15 yrs)
3437,89869E,BOMBARDIER,CRJ-200,1993.0,Regional,Modern (6–15 yrs)
3438,88949E,BOMBARDIER,CRJ-900,2011.0,Regional,New (0–5 yrs)
3439,84929E,BOMBARDIER,CRJ-200,1999.0,Regional,Modern (6–15 yrs)
3440,85549E,BOMBARDIER,CRJ-900,2002.0,Regional,Modern (6–15 yrs)
3441,88969E,BOMBARDIER,CRJ-200,2000.0,Regional,Modern (6–15 yrs)
3442,89189E,BOMBARDIER,CRJ-900,2003.0,Regional,New (0–5 yrs)
3443,80219E,BOMBARDIER,CRJ-200,1995.0,Regional,Modern (6–15 yrs)
3444,85419E,BOMBARDIER,CRJ-200,2001.0,Regional,Modern (6–15 yrs)
3445,87339E,BOMBARDIER,CRJ-200,2001.0,Regional,Modern (6–15 yrs)
3446,80259E,BOMBARDIER,CRJ-900,2003.0,Regional,New (0–5 yrs)
3447,85069E,BOMBARDIER,CRJ-200,2004.0,Regional,New (0–5 yrs)
3448,85019E,BOMBARDIER,CRJ-900,2010.0,Regional,New (0–5 yrs)
3449,84239E,BOMBARDIER,CRJ-900,2007.0,Regional,New (0–5 yrs)
3450,89309E,BOMBARDIER,CRJ-200,1992.0,Regional,Mature (16–25 yrs)
3451,85329E,BOMBARDIER,CRJ-200,2005.0,Regional,New (0–5 yrs)
3452,86949E,BOMBARDIER,CRJ-900,2008.0,Regional,New (0–5 yrs)
3453,80019E,BOMBARDIER,CRJ-200,1997.0,Regional,Modern (6–15 yrs)
3454,84589E,BOMBARDIER,CRJ-200,2005.0,Regional,New (0–5 yrs)
3455,80309E,BOMBARDIER,CRJ-200,2001.0,Regional,Modern (6–15 yrs)
3456,89239E,BOMBARDIER,CRJ-900,2001.0,Regional,Modern (6–15 yrs)
3457,87979E,BOMBARDIER,CRJ-200,2001.0,Regional,Modern (6–15 yrs)
3458,84129E,BOMBARDIER,CRJ-900,2004.0,Regional,New (0–5 yrs)
3459,85439E,BOMBARDIER,CRJ-200,2006.0,Regional,New (0–5 yrs)
3460,89779E,BOMBARDIER,CRJ-200,1992.0,Regional,Mature (16–25 yrs)
3461,86049E,BOMBARDIER,CRJ-200,1996.0,Regional,Modern (6–15 yrs)
3462,88009E,BOMBARDIER,CRJ-200,1996.0,Regional,Modern (6–15 yrs)
3463,80199E,BOMBARDIER,CRJ-900,2003.0,Regional,New (0–5 yrs)
3464,87759E,BOMBARDIER,CRJ-200,1995.0,Regional,Modern (6–15 yrs)
3465,84889E,BOMBARDIER,CRJ-200,2000.0,Regional,Modern (6–15 yrs)
3466,88369E,BOMBARDIER,CRJ-200,1994.0,Regional,Modern (6–15 yrs)
3467,87949E,BOMBARDIER,CRJ-200,1996.0,Regional,Modern (6–15 yrs)
3468,87369E,BOMBARDIER,CRJ-200,1992.0,Regional,Mature (16–25 yrs)
3469,86469E,BOMBARDIER,CRJ-900,2010.0,Regional,New (0–5 yrs)
3470,89409E,BOMBARDIER,CRJ-200,2004.0,Regional,New (0–5 yrs)
3471,88849E,BOMBARDIER,CRJ-200,1992.0,Regional,Mature (16–25 yrs)
3472,87479E,BOMBARDIER,CRJ-900,2007.0,Regional,New (0–5 yrs)
3473,88559E,BOMBARDIER,CRJ-200,1996.0,Regional,Modern (6–15 yrs)
3474,80339E,BOMBARDIER,CRJ-200,1996.0,Regional,Modern (6–15 yrs)
3475,87719E,BOMBARDIER,CRJ-200,1996.0,Regional,Modern (6–15 yrs)
3476,86749E,BOMBARDIER,CRJ-900,2004.0,Regional,New (0–5 yrs)
3477,85809E,BOMBARDIER,CRJ-900,2007.0,Regional,New (0–5 yrs)
3478,86969E,BOMBARDIER,CRJ-200,1993.0,Regional,Modern (6–15 yrs)
3479,85169E,BOMBARDIER,CRJ-200,1999.0,Regional,Modern (6–15 yrs)
3480,89249E,BOMBARDIER,CRJ-200,1999.0,Regional,Modern (6–15 yrs)
3481,89289E,BOMBARDIER,CRJ-200,1993.0,Regional,Modern (6–15 yrs)
3482,89429E,BOMBARDIER,CRJ-900,2011.0,Regional,New (0–5 yrs)
3483,89369E,BOMBARDIER,CRJ-900,2011.0,Regional,New (0–5 yrs)
3484,89079E,BOMBARDIER,CRJ-200,2001.0,Regional,Modern (6–15 yrs)
3485,89699E,BOMBARDIER,CRJ-200,2002.0,Regional,Modern (6–15 yrs)
3486,80329E,BOMBARDIER,CRJ-200,1994.0,Regional,Modern (6–15 yrs)
3487,80059E,BOMBARDIER,CRJ-200,2002.0,Regional,Modern (6–15 yrs)
3488,80279E,BOMBARDIER,CRJ-200,2004.0,Regional,New (0–5 yrs)
3489,89709E,BOMBARDIER,CRJ-200,1997.0,Regional,Modern (6–15 yrs)
3490,88399E,BOMBARDIER,CRJ-900,2004.0,Regional,New (0–5 yrs)
3491,86119E,BOMBARDIER,CRJ-200,2004.0,Regional,New (0–5 yrs)
3492,87189E,BOMBARDIER,CRJ-200,1994.0,Regional,Modern (6–15 yrs)
3493,89039E,BOMBARDIER,CRJ-900,2012.0,Regional,New (0–5 yrs)
3494,86239E,BOMBARDIER,CRJ-200,2006.0,Regional,New (0–5 yrs)
3495,88289E,BOMBARDIER,CRJ-900,2012.0,Regional,New (0–5 yrs)
3496,89829E,BOMBARDIER,CRJ-900,2004.0,Regional,New (0–5 yrs)
3497,86659E,BOMBARDIER,CRJ-200,2006.0,Regional,New (0–5 yrs)
3498,89659E,BOMBARDIER,CRJ-900,2006.0,Regional,New (0–5 yrs)
3499,87219E,BOMBARDIER,CRJ-200,2005.0,Regional,New (0–5 yrs)
3500,88889E,BOMBARDIER,CRJ-900,2003.0,Regional,New (0–5 yrs)
3501,89609E,BOMBARDIER,CRJ-900,2006.0,Regional,New (0–5 yrs)
3502,88779E,BOMBARDIER,CRJ-900,2006.0,Regional,New (0–5 yrs)
3503,84779E,BOMBARDIER,CRJ-900,2009.0,Regional,New (0–5 yrs)
3504,89139E,BOMBARDIER,CRJ-900,2003.0,Regional,New (0–5 yrs)
3505,88479E,BOMBARDIER,CRJ-200,1996.0,Regional,Modern (6–15 yrs)
3506,84449E,BOMBARDIER,CRJ-200,2003.0,Regional,New (0–5 yrs)
3507,88839E,BOMBARDIER,CRJ-200,2003.0,Regional,New (0–5 yrs)
3508,80319E,BOMBARDIER,CRJ-200,2000.0,Regional,Modern (6–15 yrs)
3509,84759E,BOMBARDIER,CRJ-900,2003.0,Regional,New (0–5 yrs)
3510,89089E,BOMBARDIER,CRJ-200,2006.0,Regional,New (0–5 yrs)
3511,80299E,BOMBARDIER,CRJ-200,1992.0,Regional,Mature (16–25 yrs)
3512,89729E,BOMBARDIER,CRJ-200,1997.0,Regional,Modern (6–15 yrs)
3513,87839E,BOMBARDIER,CRJ-200,1995.0,Regional,Modern (6–15 yrs)
3514,84959E,BOMBARDIER,CRJ-900,2011.0,Regional,New (0–5 yrs)
3515,87099E,BOMBARDIER,CRJ-200,2002.0,Regional,Modern (6–15 yrs)
3516,80209E,BOMBARDIER,CRJ-900,2006.0,Regional,New (0–5 yrs)
3517,89219E,BOMBARDIER,CRJ-200,1992.0,Regional,Mature (16–25 yrs)
3518,86739E,BOMBARDIER,CRJ-200,1993.0,Regional,Modern (6–15 yrs)
3519,80269E,BOMBARDIER,CRJ-200,2004.0,Regional,New (0–5 yrs)
3520,80369E,BOMBARDIER,CRJ-900,2003.0,Regional,New (0–5 yrs)
3521,80419E,BOMBARDIER,CRJ-200,2003.0,Regional,New (0–5 yrs)
3522,88379E,BOMBARDIER,CRJ-200,2000.0,Regional,Modern (6–15 yrs)
3523,89149E,BOMBARDIER,CRJ-900,2012.0,Regional,New (0–5 yrs)
3524,89649E,BOMBARDIER,CRJ-200,1993.0,Regional,Modern (6–15 yrs)
3525,89749E,BOMBARDIER,CRJ-200,2001.0,Regional,Modern (6–15 yrs)
3526,88869E,BOMBARDIER,CRJ-200,1998.0,Regional,Modern (6–15 yrs)
3527,89329E,BOMBARDIER,CRJ-900,2012.0,Regional,New (0–5 yrs)
3528,86839E,BOMBARDIER,CRJ-200,1995.0,Regional,Modern (6–15 yrs)
3529,88919E,BOMBARDIER,CRJ-200,2006.0,Regional,New (0–5 yrs)
3530,80399E,BOMBARDIER,CRJ-900,2010.0,Regional,New (0–5 yrs)
3531,80249E,BOMBARDIER,CRJ-900,2001.0,Regional,Modern (6–15 yrs)
3532,85259E,BOMBARDIER,CRJ-900,2007.0,Regional,New (0–5 yrs)
3533,89439E,BOMBARDIER,CRJ-900,2011.0,Regional,New (0–5 yrs)
3534,85059E,BOMBARDIER,CRJ-200,1995.0,Regional,Modern (6–15 yrs)
3535,86989E,BOMBARDIER,CRJ-900,2008.0,Regional,New (0–5 yrs)
3536,89769E,BOMBARDIER,CRJ-900,2004.0,Regional,New (0–5 yrs)
3537,84099E,BOMBARDIER,CRJ-200,1999.0,Regional,Modern (6–15 yrs)
3538,86319E,BOMBARDIER,CRJ-200,1999.0,Regional,Modern (6–15 yrs)
3539,86599E,BOMBARDIER,CRJ-900,2006.0,Regional,New (0–5 yrs)
3540,88699E,BOMBARDIER,CRJ-200,2004.0,Regional,New (0–5 yrs)
3541,87909E,BOMBARDIER,CRJ-200,2005.0,Regional,New (0–5 yrs)
3542,80359E,BOMBARDIER,CRJ-200,1992.0,Regional,Mature (16–25 yrs)
3543,85989E,BOMBARDIER,CRJ-900,2009.0,Regional,New (0–5 yrs)
3544,80009E,BOMBARDIER,CRJ-200,1999.0,Regional,Modern (6–15 yrs)
3545,89719E,BOMBARDIER,CRJ-200,2002.0,Regional,Modern (6–15 yrs)
3546,85879E,BOMBARDIER,CRJ-200,2006.0,Regional,New (0–5 yrs)
3547,85889E,BOMBARDIER,CRJ-900,2006.0,Regional,New (0–5 yrs)
3548,80349E,BOMBARDIER,CRJ-200,1996.0,Regional,Modern (6–15 yrs)
3549,86889E,BOMBARDIER,CRJ-900,2003.0,Regional,New (0–5 yrs)
3550,85779E,BOMBARDIER,CRJ-900,2001.0,Regional,Modern (6–15 yrs)
3551,89689E,BOMBARDIER,CRJ-200,1994.0,Regional,Modern (6–15 yrs)
3552,88089E,BOMBARDIER,CRJ-900,2009.0,Regional,New (0–5 yrs)
3553,86729E,BOMBARDIER,CRJ-900,2005.0,Regional,New (0–5 yrs)
3554,84169E,BOMBARDIER,CRJ-900,2001.0,Regional,Modern (6–15 yrs)
3555,89449E,BOMBARDIER,CRJ-900,2012.0,Regional,New (0–5 yrs)
3556,80139E,BOMBARDIER,CRJ-200,1995.0,Regional,Modern (6–15 yrs)
3557,87519E,BOMBARDIER,CRJ-900,2002.0,Regional,Modern (6–15 yrs)
3558,N332AA,MCDONNELL DOUGLAS,MD-80,1982.0,Narrow-Body,Aging (26–35 yrs)
3559,N335AA,MCDONNELL DOUGLAS,MD-80,1983.0,Narrow-Body,Mature (16–25 yrs)
3560,N338AA,MCDONNELL DOUGLAS,MD-80,1979.0,Narrow-Body,Aging (26–35 yrs)
3561,N328AA,MCDONNELL DOUGLAS,MD-80,1989.0,Narrow-Body,Mature (16–25 yrs)
3562,N320AA,AIRBUS,A319-100,2000.0,Narrow-Body,Modern (6–15 yrs)
3563,N321AA,BOEING,B757-200,1998.0,Narrow-Body,Modern (6–15 yrs)
3564,N322AA,AIRBUS,A300-600,1992.0,Wide-Body,Mature (16–25 yrs)
3565,N336AA,BOEING,B757-200,1989.0,Narrow-Body,Mature (16–25 yrs)
3566,N325AA,BOEING,B737-800,2010.0,Narrow-Body,New (0–5 yrs)
3567,N323AA,MCDONNELL DOUGLAS,MD-80,1991.0,Narrow-Body,Mature (16–25 yrs)
3568,N368AA,MCDONNELL DOUGLAS,MD-80,1980.0,Narrow-Body,Aging (26–35 yrs)
3569,N363AA,AIRBUS,A300-600,2006.0,Wide-Body,New (0–5 yrs)
3570,N390AA,AIRBUS,A320-200,2009.0,Narrow-Body,New (0–5 yrs)
3571,N362AA,MCDONNELL DOUGLAS,MD-80,1990.0,Narrow-Body,Mature (16–25 yrs)
3572,N347AA,MCDONNELL DOUGLAS,MD-80,1995.0,Narrow-Body,Modern (6–15 yrs)
3573,N352AA,AIRBUS,A319-100,1996.0,Narrow-Body,Modern (6–15 yrs)
3574,N379AA,AIRBUS,A319-100,2006.0,Narrow-Body,New (0–5 yrs)
3575,N382AA,BOEING,B757-200,2002.0,Narrow-Body,Modern (6–15 yrs)
3576,N377AA,MCDONNELL DOUGLAS,MD-80,1989.0,Narrow-Body,Mature (16–25 yrs)
3577,N386AA,BOEING,B757-200,1991.0,Narrow-Body,Mature (16–25 yrs)
3578,N354AA,AIRBUS,A320-200,1993.0,Narrow-Body,Modern (6–15 yrs)
3579,N373AA,BOEING,B777-200,1998.0,Wide-Body,Modern (6–15 yrs)
3580,N381AA,BOEING,B767-300,1988.0,Wide-Body,Mature (16–25 yrs)
3581,N398AA,BOEING,B777-200,2002.0,Wide-Body,Modern (6–15 yrs)
3582,N360AA,AIRBUS,A319-100,2006.0,Narrow-Body,New (0–5 yrs)
3583,N372AA,AIRBUS,A320-200,1997.0,Narrow-Body,Modern (6–15 yrs)
3584,N351AA,MCDONNELL DOUGLAS,MD-80,1992.0,Narrow-Body,Mature (16–25 yrs)
3585,N5DPAA,BOEING,B767-300,2000.0,Wide-Body,Modern (6–15 yrs)
3586,N396AA,BOEING,B757-200,2001.0,Narrow-Body,Modern (6–15 yrs)
3587,N329AA,BOEING,B737-800,1999.0,Narrow-Body,Modern (6–15 yrs)
3588,N366AA,AIRBUS,A319-100,2012.0,Narrow-Body,New (0–5 yrs)
3589,N319AA,BOEING,B767-300,1987.0,Wide-Body,Mature (16–25 yrs)
3590,N356AA,BOEING,B777-200,2006.0,Wide-Body,New (0–5 yrs)
3591,N399AA,BOEING,B767-300,1994.0,Wide-Body,Modern (6–15 yrs)
3592,N376AA,BOEING,B757-200,1988.0,Narrow-Body,Mature (16–25 yrs)
3593,N383AA,MCDONNELL DOUGLAS,MD-80,1990.0,Narrow-Body,Mature (16–25 yrs)
3594,N364AA,MCDONNELL DOUGLAS,MD-80,1988.0,Narrow-Body,Mature (16–25 yrs)
3595,N327AA,BOEING,B757-200,1996.0,Narrow-Body,Modern (6–15 yrs)
3596,N339AA,MCDONNELL DOUGLAS,MD-80,1998.0,Narrow-Body,Modern (6–15 yrs)
3597,N395AA,AIRBUS,A319-100,2004.0,Narrow-Body,New (0–5 yrs)
3598,N393AA,MCDONNELL DOUGLAS,MD-80,1981.0,Narrow-Body,Aging (26–35 yrs)
3599,N361AA,AIRBUS,A300-600,2004.0,Wide-Body,New (0–5 yrs)
3600,N359AA,BOEING,B757-200,1989.0,Narrow-Body,Mature (16–25 yrs)
3601,N380AA,BOEING,B757-200,1990.0,Narrow-Body,Mature (16–25 yrs)
3602,N348AA,BOEING,B777-200,1999.0,Wide-Body,Modern (6–15 yrs)
3603,N374AA,BOEING,B767-300,1994.0,Wide-Body,Modern (6–15 yrs)
3604,N397AA,MCDONNELL DOUGLAS,MD-80,1984.0,Narrow-Body,Mature (16–25 yrs)
3605,N5BVAA,BOEING,B737-800,2010.0,Narrow-Body,New (0–5 yrs)
3606,N5DDAA,MCDONNELL DOUGLAS,MD-80,1986.0,Narrow-Body,Mature (16–25 yrs)
3607,N5DJAA,BOEING,B757-200,2004.0,Narrow-Body,New (0–5 yrs)
3608,N5FCAA,BOEING,B757-200,1987.0,Narrow-Body,Mature (16–25 yrs)
3609,N5FKAA,BOEING,B737-800,1998.0,Narrow-Body,Modern (6–15 yrs)
3610,N5FNAA,BOEING,B737-800,2005.0,Narrow-Body,New (0–5 yrs)
3611,N7AEAA,BOEING,B757-200,1995.0,Narrow-Body,Modern (6–15 yrs)
3612,N384AA,AIRBUS,A319-100,2012.0,Narrow-Body,New (0–5 yrs)
3613,N7BXAA,BOEING,B757-200,1999.0,Narrow-Body,Modern (6–15 yrs)
3614,N7AXAA,BOEING,B777-200,1999.0,Wide-Body,Modern (6–15 yrs)
3615,N7BAAA,AIRBUS,A300-600,1997.0,Wide-Body,Modern (6–15 yrs)
3616,N7AYAA,BOEING,B757-200,2000.0,Narrow-Body,Modern (6–15 yrs)
3617,N7BBAA,BOEING,B757-200,1997.0,Narrow-Body,Modern (6–15 yrs)
3618,N7AMAA,AIRBUS,A319-100,2002.0,Narrow-Body,Modern (6–15 yrs)
3619,N7AJAA,AIRBUS,A319-100,1996.0,Narrow-Body,Modern (6–15 yrs)
3620,N7ATAA,MCDONNELL DOUGLAS,MD-80,1981.0,Narrow-Body,Aging (26–35 yrs)
3621,N7BPAA,BOEING,B757-200,1988.0,Narrow-Body,Mature (16–25 yrs)
3622,N7AWAA,AIRBUS,A319-100,2007.0,Narrow-Body,New (0–5 yrs)
3623,N7BTAA,BOEING,B777-200,1997.0,Wide-Body,Modern (6–15 yrs)
3624,N7BDAA,MCDONNELL DOUGLAS,MD-80,1980.0,Narrow-Body,Aging (26–35 yrs)
3625,N7BVAA,BOEING,B777-200,2006.0,Wide-Body,New (0–5 yrs)
3626,N7BLAA,BOEING,B767-300,1998.0,Wide-Body,Modern (6–15 yrs)
3627,N7BNAA,AIRBUS,A319-100,2007.0,Narrow-Body,New (0–5 yrs)
3628,N7BSAA,BOEING,B757-200,1988.0,Narrow-Body,Mature (16–25 yrs)
3629,N7ABAA,BOEING,B767-300,2000.0,Wide-Body,Modern (6–15 yrs)
3630,N7BHAA,BOEING,B757-200,1982.0,Narrow-Body,Aging (26–35 yrs)
3631,N7ASAA,MCDONNELL DOUGLAS,MD-80,1993.0,Narrow-Body,Modern (6–15 yrs)
3632,N342AA,BOEING,B737-800,2000.0,Narrow-Body,Modern (6–15 yrs)
3633,N375AA,BOEING,B757-200,1998.0,Narrow-Body,Modern (6–15 yrs)
3634,N350AA,AIRBUS,A319-100,1996.0,Narrow-Body,Modern (6–15 yrs)
3635,N357AA,AIRBUS,A320-200,2011.0,Narrow-Body,New (0–5 yrs)
3636,N387AA,MCDONNELL DOUGLAS,MD-80,1979.0,Narrow-Body,Aging (26–35 yrs)
3637,N349AA,MCDONNELL DOUGLAS,MD-80,1995.0,Narrow-Body,Modern (6–15 yrs)
3638,N346AA,BOEING,B767-300,2000.0,Wide-Body,Modern (6–15 yrs)
3639,N392AA,BOEING,B757-200,1988.0,Narrow-Body,Mature (16–25 yrs)
3640,N3CJAA,AIRBUS,A319-100,2003.0,Narrow-Body,New (0–5 yrs)
3641,N3CWAA,MCDONNELL DOUGLAS,MD-80,1979.0,Narrow-Body,Aging (26–35 yrs)
3642,N3CLAA,BOEING,B757-200,1992.0,Narrow-Body,Mature (16–25 yrs)
3643,N3AWAA,MCDONNELL DOUGLAS,MD-80,1995.0,Narrow-Body,Modern (6–15 yrs)
3644,N3CEAA,BOEING,B777-200,2010.0,Wide-Body,New (0–5 yrs)
3645,N3CHAA,MCDONNELL DOUGLAS,MD-80,1987.0,Narrow-Body,Mature (16–25 yrs)
3646,N3DEAA,BOEING,B777-200,2001.0,Wide-Body,Modern (6–15 yrs)
3647,N3ACAA,MCDONNELL DOUGLAS,MD-80,1997.0,Narrow-Body,Modern (6–15 yrs)
3648,N3BLAA,AIRBUS,A320-200,2007.0,Narrow-Body,New (0–5 yrs)
3649,N5CPAA,BOEING,B777-200,2008.0,Wide-Body,New (0–5 yrs)
3650,N5EUAA,BOEING,B767-300,1991.0,Wide-Body,Mature (16–25 yrs)
3651,N5DEAA,BOEING,B757-200,2001.0,Narrow-Body,Modern (6–15 yrs)
3652,N5EDAA,BOEING,B737-800,2002.0,Narrow-Body,Modern (6–15 yrs)
3653,N5DFAA,BOEING,B777-200,2002.0,Wide-Body,Modern (6–15 yrs)
3654,N640AA,BOEING,B767-300,1988.0,Wide-Body,Mature (16–25 yrs)
3655,N634AA,AIRBUS,A300-600,1995.0,Wide-Body,Modern (6–15 yrs)
3656,N636AA,MCDONNELL DOUGLAS,MD-80,1984.0,Narrow-Body,Mature (16–25 yrs)
3657,N5ESAA,AIRBUS,A319-100,2002.0,Narrow-Body,Modern (6–15 yrs)
3658,N5DNAA,BOEING,B757-200,1995.0,Narrow-Body,Modern (6–15 yrs)
3659,N343AA,BOEING,B767-300,1992.0,Wide-Body,Mature (16–25 yrs)
3660,N388AA,MCDONNELL DOUGLAS,MD-80,1991.0,Narrow-Body,Mature (16–25 yrs)
3661,N378AA,BOEING,B757-200,1991.0,Narrow-Body,Mature (16–25 yrs)
3662,N7CAAA,MCDONNELL DOUGLAS,MD-80,1988.0,Narrow-Body,Mature (16–25 yrs)
3663,N7BKAA,BOEING,B757-200,2004.0,Narrow-Body,New (0–5 yrs)
3664,N7AKAA,BOEING,B737-800,2007.0,Narrow-Body,New (0–5 yrs)
3665,N7AGAA,BOEING,B767-300,1996.0,Wide-Body,Modern (6–15 yrs)
3666,N7ALAA,BOEING,B757-200,2000.0,Narrow-Body,Modern (6–15 yrs)
3667,N7BUAA,MCDONNELL DOUGLAS,MD-80,1995.0,Narrow-Body,Modern (6–15 yrs)
3668,N7CCAA,BOEING,B767-300,1992.0,Wide-Body,Mature (16–25 yrs)
3669,N7AHAA,AIRBUS,A319-100,1997.0,Narrow-Body,Modern (6–15 yrs)
3670,N7BEAA,BOEING,B757-200,1989.0,Narrow-Body,Mature (16–25 yrs)
3671,N369AA,AIRBUS,A319-100,2001.0,Narrow-Body,Modern (6–15 yrs)
3672,N367AA,MCDONNELL DOUGLAS,MD-80,1994.0,Narrow-Body,Modern (6–15 yrs)
3673,N365AA,BOEING,B737-800,2003.0,Narrow-Body,New (0–5 yrs)
3674,N344AA,MCDONNELL DOUGLAS,MD-80,1981.0,Narrow-Body,Aging (26–35 yrs)
3675,N389AA,BOEING,B757-200,1982.0,Narrow-Body,Aging (26–35 yrs)
3676,N355AA,MCDONNELL DOUGLAS,MD-80,1983.0,Narrow-Body,Mature (16–25 yrs)
3677,N619AA,BOEING,B757-200,1994.0,Narrow-Body,Modern (6–15 yrs)
3678,N5EXAA,BOEING,B737-800,1999.0,Narrow-Body,Modern (6–15 yrs)
3679,N5DHAA,BOEING,B777-200,2005.0,Wide-Body,New (0–5 yrs)
3680,N5EVAA,AIRBUS,A319-100,2006.0,Narrow-Body,New (0–5 yrs)
3681,N5EWAA,BOEING,B737-800,2011.0,Narrow-Body,New (0–5 yrs)
3682,N614AA,MCDONNELL DOUGLAS,MD-80,1983.0,Narrow-Body,Mature (16–25 yrs)
3683,N5DRAA,BOEING,B767-300,1988.0,Wide-Body,Mature (16–25 yrs)
3684,N643AA,AIRBUS,A319-100,2003.0,Narrow-Body,New (0–5 yrs)
3685,N358AA,MCDONNELL DOUGLAS,MD-80,1988.0,Narrow-Body,Mature (16–25 yrs)
3686,N5EEAA,AIRBUS,A320-200,1998.0,Narrow-Body,Modern (6–15 yrs)
3687,N639AA,BOEING,B737-800,2011.0,Narrow-Body,New (0–5 yrs)
3688,N5CLAA,MCDONNELL DOUGLAS,MD-80,1998.0,Narrow-Body,Modern (6–15 yrs)
3689,N642AA,MCDONNELL DOUGLAS,MD-80,1989.0,Narrow-Body,Mature (16–25 yrs)
3690,N620AA,MCDONNELL DOUGLAS,MD-80,1998.0,Narrow-Body,Modern (6–15 yrs)
3691,N5FHAA,BOEING,B777-200,2006.0,Wide-Body,New (0–5 yrs)
3692,N3CRAA,MCDONNELL DOUGLAS,MD-80,1984.0,Narrow-Body,Mature (16–25 yrs)
3693,N3CUAA,MCDONNELL DOUGLAS,MD-80,1994.0,Narrow-Body,Modern (6–15 yrs)
3694,N3CGAA,MCDONNELL DOUGLAS,MD-80,1983.0,Narrow-Body,Mature (16–25 yrs)
3695,N3ASAA,MCDONNELL DOUGLAS,MD-80,1984.0,Narrow-Body,Mature (16–25 yrs)
3696,N3AYAA,BOEING,B737-800,2003.0,Narrow-Body,New (0–5 yrs)
3697,N3AEAA,BOEING,B777-200,2012.0,Wide-Body,New (0–5 yrs)
3698,N3DAAA,BOEING,B737-800,1998.0,Narrow-Body,Modern (6–15 yrs)
3699,N3CSAA,BOEING,B777-200,2002.0,Wide-Body,Modern (6–15 yrs)
3700,N3BMAA,BOEING,B757-200,1983.0,Narrow-Body,Mature (16–25 yrs)
3701,N3DLAA,MCDONNELL DOUGLAS,MD-80,1990.0,Narrow-Body,Mature (16–25 yrs)
3702,N3AMAA,AIRBUS,A320-200,1995.0,Narrow-Body,Modern (6–15 yrs)
3703,N3CFAA,AIRBUS,A319-100,1998.0,Narrow-Body,Modern (6–15 yrs)
3704,N3ARAA,AIRBUS,A320-200,2002.0,Narrow-Body,Modern (6–15 yrs)
3705,N3AKAA,AIRBUS,A319-100,1997.0,Narrow-Body,Modern (6–15 yrs)
3706,N5ECAA,MCDONNELL DOUGLAS,MD-80,1985.0,Narrow-Body,Mature (16–25 yrs)
3707,N5CWAA,BOEING,B757-200,1985.0,Narrow-Body,Mature (16–25 yrs)
3708,N5FDAA,MCDONNELL DOUGLAS,MD-80,1993.0,Narrow-Body,Modern (6–15 yrs)
3709,N5FAAA,BOEING,B737-800,2009.0,Narrow-Body,New (0–5 yrs)
3710,N5EYAA,AIRBUS,A320-200,1994.0,Narrow-Body,Modern (6–15 yrs)
3711,N5ETAA,BOEING,B767-300,1989.0,Wide-Body,Mature (16–25 yrs)
3712,N626AA,BOEING,B757-200,1986.0,Narrow-Body,Mature (16–25 yrs)
3713,N5DKAA,BOEING,B777-200,2006.0,Wide-Body,New (0–5 yrs)
3714,N3AGAA,MCDONNELL DOUGLAS,MD-80,1996.0,Narrow-Body,Modern (6–15 yrs)
3715,N3ADAA,BOEING,B777-200,1996.0,Wide-Body,Modern (6–15 yrs)
3716,N3DBAA,BOEING,B737-800,2001.0,Narrow-Body,Modern (6–15 yrs)
3717,N5DSAA,BOEING,B777-200,2002.0,Wide-Body,Modern (6–15 yrs)
3718,N5CHAA,MCDONNELL DOUGLAS,MD-80,1996.0,Narrow-Body,Modern (6–15 yrs)
3719,N5FGAA,BOEING,B777-200,2007.0,Wide-Body,New (0–5 yrs)
3720,N630AA,BOEING,B777-200,2005.0,Wide-Body,New (0–5 yrs)
3721,N629AA,MCDONNELL DOUGLAS,MD-80,1982.0,Narrow-Body,Aging (26–35 yrs)
3722,N5CNAA,MCDONNELL DOUGLAS,MD-80,1989.0,Narrow-Body,Mature (16–25 yrs)
3723,N5CUAA,MCDONNELL DOUGLAS,MD-80,1987.0,Narrow-Body,Mature (16–25 yrs)
3724,N5FFAA,BOEING,B777-200,2011.0,Wide-Body,New (0–5 yrs)
3725,N5BTAA,BOEING,B737-800,2001.0,Narrow-Body,Modern (6–15 yrs)
3726,N638AA,MCDONNELL DOUGLAS,MD-80,1983.0,Narrow-Body,Mature (16–25 yrs)
3727,N5DBAA,MCDONNELL DOUGLAS,MD-80,1997.0,Narrow-Body,Modern (6–15 yrs)
3728,N5CYAA,MCDONNELL DOUGLAS,MD-80,1990.0,Narrow-Body,Mature (16–25 yrs)
3729,N519AA,BOEING,B757-200,1992.0,Narrow-Body,Mature (16–25 yrs)
3730,N242AA,MCDONNELL DOUGLAS,MD-80,1992.0,Narrow-Body,Mature (16–25 yrs)
3731,N406AA,BOEING,B777-200,1999.0,Wide-Body,Modern (6–15 yrs)
3732,N477AA,BOEING,B757-200,1991.0,Narrow-Body,Mature (16–25 yrs)
3733,N414AA,BOEING,B777-200,2009.0,Wide-Body,New (0–5 yrs)
3734,N590AA,AIRBUS,A319-100,2009.0,Narrow-Body,New (0–5 yrs)
3735,N518AA,MCDONNELL DOUGLAS,MD-80,1981.0,Narrow-Body,Aging (26–35 yrs)
3736,N426AA,MCDONNELL DOUGLAS,MD-80,1985.0,Narrow-Body,Mature (16–25 yrs)
3737,N4XAAA,MCDONNELL DOUGLAS,MD-80,1982.0,Narrow-Body,Aging (26–35 yrs)
3738,N419AA,AIRBUS,A300-600,1991.0,Wide-Body,Mature (16–25 yrs)
3739,N4YGAA,BOEING,B737-800,2004.0,Narrow-Body,New (0–5 yrs)
3740,N552AA,BOEING,B757-200,1982.0,Narrow-Body,Aging (26–35 yrs)
3741,N424AA,BOEING,B757-200,1982.0,Narrow-Body,Aging (26–35 yrs)
3742,N556AA,BOEING,B777-200,2010.0,Wide-Body,New (0–5 yrs)
3743,N218AA,BOEING,B757-200,1997.0,Narrow-Body,Modern (6–15 yrs)
3744,N4XKAA,BOEING,B777-200,2002.0,Wide-Body,Modern (6–15 yrs)
3745,N5CRAA,BOEING,B767-300,1994.0,Wide-Body,Modern (6–15 yrs)
3746,N5FBAA,MCDONNELL DOUGLAS,MD-80,1981.0,Narrow-Body,Aging (26–35 yrs)
3747,N5DVAA,BOEING,B757-200,1999.0,Narrow-Body,Modern (6–15 yrs)
3748,N5DCAA,BOEING,B757-200,1999.0,Narrow-Body,Modern (6–15 yrs)
3749,N615AA,MCDONNELL DOUGLAS,MD-80,1980.0,Narrow-Body,Aging (26–35 yrs)
3750,N5CVAA,BOEING,B757-200,2000.0,Narrow-Body,Modern (6–15 yrs)
3751,N633AA,BOEING,B737-800,1999.0,Narrow-Body,Modern (6–15 yrs)
3752,N5FTAA,BOEING,B777-200,2012.0,Wide-Body,New (0–5 yrs)
3753,N612AA,MCDONNELL DOUGLAS,MD-80,1991.0,Narrow-Body,Mature (16–25 yrs)
3754,N5FEAA,BOEING,B757-200,1982.0,Narrow-Body,Aging (26–35 yrs)
3755,N5DXAA,MCDONNELL DOUGLAS,MD-80,1981.0,Narrow-Body,Aging (26–35 yrs)
3756,N5CGAA,BOEING,B757-200,2002.0,Narrow-Body,Modern (6–15 yrs)
3757,N5CXAA,MCDONNELL DOUGLAS,MD-80,1997.0,Narrow-Body,Modern (6–15 yrs)
3758,N5CTAA,BOEING,B737-800,2007.0,Narrow-Body,New (0–5 yrs)
3759,N5DWAA,BOEING,B757-200,1991.0,Narrow-Body,Mature (16–25 yrs)
3760,N5EBAA,BOEING,B777-200,1998.0,Wide-Body,Modern (6–15 yrs)
3761,N624AA,MCDONNELL DOUGLAS,MD-80,1986.0,Narrow-Body,Mature (16–25 yrs)
3762,N5CCAA,BOEING,B757-200,1991.0,Narrow-Body,Mature (16–25 yrs)
3763,N5CJAA,MCDONNELL DOUGLAS,MD-80,1984.0,Narrow-Body,Mature (16–25 yrs)
3764,N5CAAA,MCDONNELL DOUGLAS,MD-80,1991.0,Narrow-Body,Mature (16–25 yrs)
3765,N5FJAA,MCDONNELL DOUGLAS,MD-80,1995.0,Narrow-Body,Modern (6–15 yrs)
3766,N5EJAA,MCDONNELL DOUGLAS,MD-80,1983.0,Narrow-Body,Mature (16–25 yrs)
3767,N5CSAA,BOEING,B777-200,2010.0,Wide-Body,New (0–5 yrs)
3768,N5ELAA,BOEING,B757-200,1990.0,Narrow-Body,Mature (16–25 yrs)
3769,N5CFAA,MCDONNELL DOUGLAS,MD-80,1994.0,Narrow-Body,Modern (6–15 yrs)
3770,N5DMAA,BOEING,B767-300,1995.0,Wide-Body,Modern (6–15 yrs)
3771,N5ERAA,AIRBUS,A319-100,1997.0,Narrow-Body,Modern (6–15 yrs)
3772,N641AA,BOEING,B737-800,2010.0,Narrow-Body,New (0–5 yrs)
3773,N5EKAA,MCDONNELL DOUGLAS,MD-80,1996.0,Narrow-Body,Modern (6–15 yrs)
3774,N635AA,AIRBUS,A320-200,1997.0,Narrow-Body,Modern (6–15 yrs)
3775,N622AA,BOEING,B757-200,2004.0,Narrow-Body,New (0–5 yrs)
3776,N5BRAA,BOEING,B777-200,1999.0,Wide-Body,Modern (6–15 yrs)
3777,N370AA,BOEING,B757-200,1997.0,Narrow-Body,Modern (6–15 yrs)
3778,N345AA,MCDONNELL DOUGLAS,MD-80,1993.0,Narrow-Body,Modern (6–15 yrs)
3779,N394AA,BOEING,B757-200,2004.0,Narrow-Body,New (0–5 yrs)
3780,N5EFAA,AIRBUS,A319-100,2004.0,Narrow-Body,New (0–5 yrs)
3781,N5FPAA,AIRBUS,A300-600,2001.0,Wide-Body,Modern (6–15 yrs)
3782,N611AA,BOEING,B757-200,1993.0,Narrow-Body,Modern (6–15 yrs)
3783,N613AA,BOEING,B757-200,2002.0,Narrow-Body,Modern (6–15 yrs)
3784,N5EHAA,MCDONNELL DOUGLAS,MD-80,1997.0,Narrow-Body,Modern (6–15 yrs)
3785,N623AA,MCDONNELL DOUGLAS,MD-80,1986.0,Narrow-Body,Mature (16–25 yrs)
3786,N632AA,BOEING,B757-200,2002.0,Narrow-Body,Modern (6–15 yrs)
3787,N631AA,MCDONNELL DOUGLAS,MD-80,1988.0,Narrow-Body,Mature (16–25 yrs)
3788,N5DUAA,BOEING,B757-200,1986.0,Narrow-Body,Mature (16–25 yrs)
3789,N627AA,BOEING,B777-200,1994.0,Wide-Body,Modern (6–15 yrs)
3790,N5FMAA,AIRBUS,A320-200,1997.0,Narrow-Body,Modern (6–15 yrs)
3791,N618AA,BOEING,B767-300,1986.0,Wide-Body,Mature (16–25 yrs)
3792,N5EPAA,MCDONNELL DOUGLAS,MD-80,1996.0,Narrow-Body,Modern (6–15 yrs)
3793,N5BWAA,MCDONNELL DOUGLAS,MD-80,1991.0,Narrow-Body,Mature (16–25 yrs)
3794,N5CDAA,BOEING,B777-200,2011.0,Wide-Body,New (0–5 yrs)
3795,N5FSAA,BOEING,B777-200,2006.0,Wide-Body,New (0–5 yrs)
3796,N637AA,BOEING,B757-200,1985.0,Narrow-Body,Mature (16–25 yrs)
3797,N5FLAA,AIRBUS,A319-100,2006.0,Narrow-Body,New (0–5 yrs)
3798,N5DGAA,BOEING,B767-300,1993.0,Wide-Body,Modern (6–15 yrs)
3799,N616AA,BOEING,B757-200,1997.0,Narrow-Body,Modern (6–15 yrs)
3800,N5CEAA,MCDONNELL DOUGLAS,MD-80,1989.0,Narrow-Body,Mature (16–25 yrs)
3801,N3AHAA,BOEING,B757-200,1994.0,Narrow-Body,Modern (6–15 yrs)
3802,N3BJAA,MCDONNELL DOUGLAS,MD-80,1994.0,Narrow-Body,Modern (6–15 yrs)
3803,N3AFAA,AIRBUS,A300-600,1990.0,Wide-Body,Mature (16–25 yrs)
3804,N3CCAA,MCDONNELL DOUGLAS,MD-80,1984.0,Narrow-Body,Mature (16–25 yrs)
3805,N3BPAA,BOEING,B757-200,1999.0,Narrow-Body,Modern (6–15 yrs)
3806,N3BVAA,MCDONNELL DOUGLAS,MD-80,1986.0,Narrow-Body,Mature (16–25 yrs)
3807,N3BHAA,MCDONNELL DOUGLAS,MD-80,1990.0,Narrow-Body,Mature (16–25 yrs)
3808,N3DKAA,AIRBUS,A319-100,1998.0,Narrow-Body,Modern (6–15 yrs)
3809,N3ALAA,BOEING,B737-800,2001.0,Narrow-Body,Modern (6–15 yrs)
3810,N3CYAA,AIRBUS,A320-200,2002.0,Narrow-Body,Modern (6–15 yrs)
3811,N5BSAA,MCDONNELL DOUGLAS,MD-80,1990.0,Narrow-Body,Mature (16–25 yrs)
3812,N610AA,MCDONNELL DOUGLAS,MD-80,1995.0,Narrow-Body,Modern (6–15 yrs)
3813,N5EGAA,AIRBUS,A300-600,2003.0,Wide-Body,New (0–5 yrs)
3814,N371AA,MCDONNELL DOUGLAS,MD-80,1992.0,Narrow-Body,Mature (16–25 yrs)
3815,N7BYAA,BOEING,B757-200,1988.0,Narrow-Body,Mature (16–25 yrs)
3816,N7BWAA,BOEING,B757-200,1999.0,Narrow-Body,Modern (6–15 yrs)
3817,N7BCAA,AIRBUS,A320-200,2003.0,Narrow-Body,New (0–5 yrs)
3818,N7CBAA,BOEING,B757-200,1987.0,Narrow-Body,Mature (16–25 yrs)
3819,N412AA,AIRBUS,A319-100,2004.0,Narrow-Body,New (0–5 yrs)
3820,N425AA,BOEING,B767-300,1989.0,Wide-Body,Mature (16–25 yrs)
3821,N407AA,MCDONNELL DOUGLAS,MD-80,1983.0,Narrow-Body,Mature (16–25 yrs)
3822,N515AA,BOEING,B757-200,1985.0,Narrow-Body,Mature (16–25 yrs)
3823,N522AA,MCDONNELL DOUGLAS,MD-80,1990.0,Narrow-Body,Mature (16–25 yrs)
3824,N448AA,BOEING,B757-200,1987.0,Narrow-Body,Mature (16–25 yrs)
3825,N427AA,BOEING,B737-800,1998.0,Narrow-Body,Modern (6–15 yrs)
3826,N542AA,BOEING,B767-300,1991.0,Wide-Body,Mature (16–25 yrs)
3827,N524AA,BOEING,B737-800,2007.0,Narrow-Body,New (0–5 yrs)
3828,N253AA,MCDONNELL DOUGLAS,MD-80,1992.0,Narrow-Body,Mature (16–25 yrs)
3829,N410AA,BOEING,B737-800,2000.0,Narrow-Body,Modern (6–15 yrs)
3830,N617AA,AIRBUS,A319-100,2000.0,Narrow-Body,Modern (6–15 yrs)
3831,N5CKAA,MCDONNELL DOUGLAS,MD-80,1987.0,Narrow-Body,Mature (16–25 yrs)
3832,N5BUAA,BOEING,B777-200,2001.0,Wide-Body,Modern (6–15 yrs)
3833,N554AA,BOEING,B757-200,1999.0,Narrow-Body,Modern (6–15 yrs)
3834,N538AA,AIRBUS,A319-100,2009.0,Narrow-Body,New (0–5 yrs)
3835,N478AA,AIRBUS,A319-100,2008.0,Narrow-Body,New (0–5 yrs)
3836,N4XFAA,BOEING,B767-300,1989.0,Wide-Body,Mature (16–25 yrs)
3837,N435AA,BOEING,B757-200,1987.0,Narrow-Body,Mature (16–25 yrs)
3838,N234AA,BOEING,B767-300,1990.0,Wide-Body,Mature (16–25 yrs)
3839,N488AA,MCDONNELL DOUGLAS,MD-80,1990.0,Narrow-Body,Mature (16–25 yrs)
3840,N497AA,AIRBUS,A319-100,1998.0,Narrow-Body,Modern (6–15 yrs)
3841,N476AA,BOEING,B737-800,2004.0,Narrow-Body,New (0–5 yrs)
3842,N503AA,AIRBUS,A319-100,1995.0,Narrow-Body,Modern (6–15 yrs)
3843,N557AA,MCDONNELL DOUGLAS,MD-80,1989.0,Narrow-Body,Mature (16–25 yrs)
3844,N555AA,MCDONNELL DOUGLAS,MD-80,1986.0,Narrow-Body,Mature (16–25 yrs)
3845,N628AA,BOEING,B757-200,2003.0,Narrow-Body,New (0–5 yrs)
3846,N469AA,BOEING,B777-200,1997.0,Wide-Body,Modern (6–15 yrs)
3847,N255AA,BOEING,B767-300,1994.0,Wide-Body,Modern (6–15 yrs)
3848,N551AA,BOEING,B757-200,1996.0,Narrow-Body,Modern (6–15 yrs)
3849,N505AA,MCDONNELL DOUGLAS,MD-80,1984.0,Narrow-Body,Mature (16–25 yrs)
3850,N541AA,BOEING,B757-200,1999.0,Narrow-Body,Modern (6–15 yrs)
3851,N595AA,BOEING,B737-800,2007.0,Narrow-Body,New (0–5 yrs)
3852,N236AA,MCDONNELL DOUGLAS,MD-80,1988.0,Narrow-Body,Mature (16–25 yrs)
3853,N579AA,MCDONNELL DOUGLAS,MD-80,1996.0,Narrow-Body,Modern (6–15 yrs)
3854,N417AA,BOEING,B777-200,2007.0,Wide-Body,New (0–5 yrs)
3855,N580AA,BOEING,B757-200,1996.0,Narrow-Body,Modern (6–15 yrs)
3856,N550AA,BOEING,B757-200,1994.0,Narrow-Body,Modern (6–15 yrs)
3857,N501AA,MCDONNELL DOUGLAS,MD-80,1994.0,Narrow-Body,Modern (6–15 yrs)
3858,N507AA,BOEING,B757-200,1986.0,Narrow-Body,Mature (16–25 yrs)
3859,N298AA,MCDONNELL DOUGLAS,MD-80,1995.0,Narrow-Body,Modern (6–15 yrs)
3860,N506AA,MCDONNELL DOUGLAS,MD-80,1989.0,Narrow-Body,Mature (16–25 yrs)
3861,N536AA,BOEING,B777-200,2005.0,Wide-Body,New (0–5 yrs)
3862,N549AA,AIRBUS,A300-600,2006.0,Wide-Body,New (0–5 yrs)
3863,N460AA,AIRBUS,A319-100,2003.0,Narrow-Body,New (0–5 yrs)
3864,N490AA,MCDONNELL DOUGLAS,MD-80,1992.0,Narrow-Body,Mature (16–25 yrs)
3865,N420AA,MCDONNELL DOUGLAS,MD-80,1995.0,Narrow-Body,Modern (6–15 yrs)
3866,N289AA,BOEING,B767-300,1992.0,Wide-Body,Mature (16–25 yrs)
3867,N402AA,MCDONNELL DOUGLAS,MD-80,1989.0,Narrow-Body,Mature (16–25 yrs)
3868,N5DTAA,BOEING,B737-800,1998.0,Narrow-Body,Modern (6–15 yrs)
3869,N5FRAA,AIRBUS,A319-100,1996.0,Narrow-Body,Modern (6–15 yrs)
3870,N4XCAA,MCDONNELL DOUGLAS,MD-80,1979.0,Narrow-Body,Aging (26–35 yrs)
3871,N482AA,MCDONNELL DOUGLAS,MD-80,1983.0,Narrow-Body,Mature (16–25 yrs)
3872,N584AA,AIRBUS,A319-100,1998.0,Narrow-Body,Modern (6–15 yrs)
3873,N594AA,BOEING,B757-200,1994.0,Narrow-Body,Modern (6–15 yrs)
3874,N3BRAA,MCDONNELL DOUGLAS,MD-80,1997.0,Narrow-Body,Modern (6–15 yrs)
3875,N3APAA,BOEING,B757-200,1987.0,Narrow-Body,Mature (16–25 yrs)
3876,N3CXAA,BOEING,B767-300,1988.0,Wide-Body,Mature (16–25 yrs)
3877,N3BDAA,BOEING,B777-200,2001.0,Wide-Body,Modern (6–15 yrs)
3878,N3BBAA,AIRBUS,A320-200,1994.0,Narrow-Body,Modern (6–15 yrs)
3879,N5DLAA,BOEING,B757-200,2000.0,Narrow-Body,Modern (6–15 yrs)
3880,N5BYAA,BOEING,B757-200,2001.0,Narrow-Body,Modern (6–15 yrs)
3881,N4YDAA,AIRBUS,A320-200,2008.0,Narrow-Body,New (0–5 yrs)
3882,N4XTAA,BOEING,B777-200,1998.0,Wide-Body,Modern (6–15 yrs)
3883,N4XYAA,MCDONNELL DOUGLAS,MD-80,1995.0,Narrow-Body,Modern (6–15 yrs)
3884,N473AA,AIRBUS,A300-600,1986.0,Wide-Body,Mature (16–25 yrs)
3885,N571AA,BOEING,B757-200,1983.0,Narrow-Body,Mature (16–25 yrs)
3886,N4XHAA,MCDONNELL DOUGLAS,MD-80,1990.0,Narrow-Body,Mature (16–25 yrs)
3887,N4YAAA,MCDONNELL DOUGLAS,MD-80,1989.0,Narrow-Body,Mature (16–25 yrs)
3888,N4YFAA,BOEING,B757-200,1983.0,Narrow-Body,Mature (16–25 yrs)
3889,N4YSAA,BOEING,B757-200,2002.0,Narrow-Body,Modern (6–15 yrs)
3890,N4XLAA,BOEING,B757-200,1988.0,Narrow-Body,Mature (16–25 yrs)
3891,N4WKAA,AIRBUS,A319-100,2000.0,Narrow-Body,Modern (6–15 yrs)
3892,N233AA,MCDONNELL DOUGLAS,MD-80,1989.0,Narrow-Body,Mature (16–25 yrs)
3893,N444AA,BOEING,B767-300,1991.0,Wide-Body,Mature (16–25 yrs)
3894,N401AA,MCDONNELL DOUGLAS,MD-80,1984.0,Narrow-Body,Mature (16–25 yrs)
3895,N4WXAA,BOEING,B757-200,1991.0,Narrow-Body,Mature (16–25 yrs)
3896,N4YMAA,BOEING,B777-200,2000.0,Wide-Body,Modern (6–15 yrs)
3897,N587AA,MCDONNELL DOUGLAS,MD-80,1991.0,Narrow-Body,Mature (16–25 yrs)
3898,N4YRAA,BOEING,B757-200,2004.0,Narrow-Body,New (0–5 yrs)
3899,N416AA,MCDONNELL DOUGLAS,MD-80,1988.0,Narrow-Body,Mature (16–25 yrs)
3900,N582AA,BOEING,B767-300,1988.0,Wide-Body,Mature (16–25 yrs)
3901,N530AA,MCDONNELL DOUGLAS,MD-80,1996.0,Narrow-Body,Modern (6–15 yrs)
3902,N495AA,MCDONNELL DOUGLAS,MD-80,1982.0,Narrow-Body,Aging (26–35 yrs)
3903,N548AA,BOEING,B777-200,2000.0,Wide-Body,Modern (6–15 yrs)
3904,N454AA,AIRBUS,A320-200,1989.0,Narrow-Body,Mature (16–25 yrs)
3905,N465AA,BOEING,B777-200,2003.0,Wide-Body,New (0–5 yrs)
3906,N458AA,BOEING,B777-200,2008.0,Wide-Body,New (0–5 yrs)
3907,N246AA,AIRBUS,A320-200,2008.0,Narrow-Body,New (0–5 yrs)
3908,N411AA,BOEING,B777-200,1999.0,Wide-Body,Modern (6–15 yrs)
3909,N4WTAA,MCDONNELL DOUGLAS,MD-80,1996.0,Narrow-Body,Modern (6–15 yrs)
3910,N485AA,BOEING,B767-300,1991.0,Wide-Body,Mature (16–25 yrs)
3911,N586AA,AIRBUS,A320-200,1988.0,Narrow-Body,Mature (16–25 yrs)
3912,N232AA,MCDONNELL DOUGLAS,MD-80,1990.0,Narrow-Body,Mature (16–25 yrs)
3913,N486AA,MCDONNELL DOUGLAS,MD-80,1991.0,Narrow-Body,Mature (16–25 yrs)
3914,N513AA,AIRBUS,A319-100,2009.0,Narrow-Body,New (0–5 yrs)
3915,N540AA,MCDONNELL DOUGLAS,MD-80,1996.0,Narrow-Body,Modern (6–15 yrs)
3916,N544AA,BOEING,B737-800,2002.0,Narrow-Body,Modern (6–15 yrs)
3917,N408AA,MCDONNELL DOUGLAS,MD-80,1994.0,Narrow-Body,Modern (6–15 yrs)
3918,N502AA,BOEING,B777-200,2009.0,Wide-Body,New (0–5 yrs)
3919,N572AA,BOEING,B757-200,2000.0,Narrow-Body,Modern (6–15 yrs)
3920,N512AA,MCDONNELL DOUGLAS,MD-80,1985.0,Narrow-Body,Mature (16–25 yrs)
3921,N4XJAA,AIRBUS,A300-600,1992.0,Wide-Body,Mature (16–25 yrs)
3922,N4YNAA,MCDONNELL DOUGLAS,MD-80,1982.0,Narrow-Body,Aging (26–35 yrs)
3923,N570AA,MCDONNELL DOUGLAS,MD-80,1986.0,Narrow-Body,Mature (16–25 yrs)
3924,N202AA,BOEING,B737-800,2012.0,Narrow-Body,New (0–5 yrs)
3925,N4XVAA,AIRBUS,A319-100,1998.0,Narrow-Body,Modern (6–15 yrs)
3926,N4YJAA,MCDONNELL DOUGLAS,MD-80,1991.0,Narrow-Body,Mature (16–25 yrs)
3927,N564AA,BOEING,B737-800,2004.0,Narrow-Body,New (0–5 yrs)
3928,N588AA,MCDONNELL DOUGLAS,MD-80,1989.0,Narrow-Body,Mature (16–25 yrs)
3929,N4XSAA,BOEING,B767-300,1987.0,Wide-Body,Mature (16–25 yrs)
3930,N4WSAA,MCDONNELL DOUGLAS,MD-80,1988.0,Narrow-Body,Mature (16–25 yrs)
3931,N4YEAA,MCDONNELL DOUGLAS,MD-80,1991.0,Narrow-Body,Mature (16–25 yrs)
3932,N433AA,BOEING,B777-200,1994.0,Wide-Body,Modern (6–15 yrs)
3933,N4XUAA,BOEING,B757-200,1999.0,Narrow-Body,Modern (6–15 yrs)
3934,N534AA,AIRBUS,A320-200,2010.0,Narrow-Body,New (0–5 yrs)
3935,N400AA,BOEING,B757-200,2003.0,Narrow-Body,New (0–5 yrs)
3936,N422AA,BOEING,B757-200,1986.0,Narrow-Body,Mature (16–25 yrs)
3937,N251AA,BOEING,B777-200,2000.0,Wide-Body,Modern (6–15 yrs)
3938,N279AA,MCDONNELL DOUGLAS,MD-80,1997.0,Narrow-Body,Modern (6–15 yrs)
3939,N451AA,BOEING,B737-800,2001.0,Narrow-Body,Modern (6–15 yrs)
3940,N545AA,BOEING,B757-200,1982.0,Narrow-Body,Aging (26–35 yrs)
3941,N248AA,AIRBUS,A300-600,2001.0,Wide-Body,Modern (6–15 yrs)
3942,N438AA,MCDONNELL DOUGLAS,MD-80,1992.0,Narrow-Body,Mature (16–25 yrs)
3943,N585AA,BOEING,B767-300,1997.0,Wide-Body,Modern (6–15 yrs)
3944,N4WRAA,BOEING,B767-300,1999.0,Wide-Body,Modern (6–15 yrs)
3945,N533AA,AIRBUS,A300-600,1985.0,Wide-Body,Mature (16–25 yrs)
3946,N423AA,MCDONNELL DOUGLAS,MD-80,1997.0,Narrow-Body,Modern (6–15 yrs)
3947,N546AA,AIRBUS,A319-100,2008.0,Narrow-Body,New (0–5 yrs)
3948,N404AA,MCDONNELL DOUGLAS,MD-80,1984.0,Narrow-Body,Mature (16–25 yrs)
3949,N578AA,BOEING,B737-800,2012.0,Narrow-Body,New (0–5 yrs)
3950,N421AA,BOEING,B757-200,1992.0,Narrow-Body,Mature (16–25 yrs)
3951,N429AA,BOEING,B737-800,2003.0,Narrow-Body,New (0–5 yrs)
3952,N464AA,BOEING,B767-300,1986.0,Wide-Body,Mature (16–25 yrs)
3953,N428AA,MCDONNELL DOUGLAS,MD-80,1985.0,Narrow-Body,Mature (16–25 yrs)
3954,N4WYAA,BOEING,B767-300,1992.0,Wide-Body,Mature (16–25 yrs)
3955,N453AA,AIRBUS,A320-200,2000.0,Narrow-Body,Modern (6–15 yrs)
3956,N514AA,BOEING,B757-200,2003.0,Narrow-Body,New (0–5 yrs)
3957,N537AA,BOEING,B777-200,2005.0,Wide-Body,New (0–5 yrs)
3958,N432AA,MCDONNELL DOUGLAS,MD-80,1992.0,Narrow-Body,Mature (16–25 yrs)
3959,N489AA,BOEING,B767-300,1990.0,Wide-Body,Mature (16–25 yrs)
3960,N532AA,BOEING,B757-200,1999.0,Narrow-Body,Modern (6–15 yrs)
3961,N4UCAA,BOEING,B767-300,1995.0,Wide-Body,Modern (6–15 yrs)
3962,N431AA,MCDONNELL DOUGLAS,MD-80,1994.0,Narrow-Body,Modern (6–15 yrs)
3963,N4YKAA,AIRBUS,A300-600,2006.0,Wide-Body,New (0–5 yrs)
3964,N4WAAA,BOEING,B757-200,1983.0,Narrow-Body,Mature (16–25 yrs)
3965,N565AA,BOEING,B737-800,2001.0,Narrow-Body,Modern (6–15 yrs)
3966,N561AA,BOEING,B737-800,2000.0,Narrow-Body,Modern (6–15 yrs)
3967,N200AA,MCDONNELL DOUGLAS,MD-80,1999.0,Narrow-Body,Modern (6–15 yrs)
3968,N621AA,MCDONNELL DOUGLAS,MD-80,1990.0,Narrow-Body,Mature (16–25 yrs)
3969,N5EAAA,BOEING,B777-200,2005.0,Wide-Body,New (0–5 yrs)
3970,N496AA,MCDONNELL DOUGLAS,MD-80,1979.0,Narrow-Body,Aging (26–35 yrs)
3971,N525AA,BOEING,B737-800,1999.0,Narrow-Body,Modern (6–15 yrs)
3972,N483AA,BOEING,B737-800,2010.0,Narrow-Body,New (0–5 yrs)
3973,N560AA,MCDONNELL DOUGLAS,MD-80,1988.0,Narrow-Body,Mature (16–25 yrs)
3974,N592AA,MCDONNELL DOUGLAS,MD-80,1997.0,Narrow-Body,Modern (6–15 yrs)
3975,N492AA,MCDONNELL DOUGLAS,MD-80,1983.0,Narrow-Body,Mature (16–25 yrs)
3976,N237AA,BOEING,B757-200,1997.0,Narrow-Body,Modern (6–15 yrs)
3977,N577AA,MCDONNELL DOUGLAS,MD-80,1981.0,Narrow-Body,Aging (26–35 yrs)
3978,N214AA,AIRBUS,A320-200,2010.0,Narrow-Body,New (0–5 yrs)
3979,N558AA,BOEING,B777-200,1999.0,Wide-Body,Modern (6–15 yrs)
3980,N449AA,MCDONNELL DOUGLAS,MD-80,1986.0,Narrow-Body,Mature (16–25 yrs)
3981,N413AA,MCDONNELL DOUGLAS,MD-80,1999.0,Narrow-Body,Modern (6–15 yrs)
3982,N219AA,BOEING,B757-200,1987.0,Narrow-Body,Mature (16–25 yrs)
3983,N3BYAA,BOEING,B757-200,1988.0,Narrow-Body,Mature (16–25 yrs)
3984,N3BWAA,BOEING,B757-200,1992.0,Narrow-Body,Mature (16–25 yrs)
3985,N3CDAA,BOEING,B737-800,2012.0,Narrow-Body,New (0–5 yrs)
3986,N3DHAA,AIRBUS,A319-100,1995.0,Narrow-Body,Modern (6–15 yrs)
3987,N3BTAA,BOEING,B737-800,2009.0,Narrow-Body,New (0–5 yrs)
3988,N3AXAA,BOEING,B777-200,1995.0,Wide-Body,Modern (6–15 yrs)
3989,N3BEAA,BOEING,B757-200,1985.0,Narrow-Body,Mature (16–25 yrs)
3990,N430AA,AIRBUS,A319-100,2012.0,Narrow-Body,New (0–5 yrs)
3991,N559AA,BOEING,B777-200,2004.0,Wide-Body,New (0–5 yrs)
3992,N535AA,BOEING,B767-300,1992.0,Wide-Body,Mature (16–25 yrs)
3993,N418AA,BOEING,B737-800,2003.0,Narrow-Body,New (0–5 yrs)
3994,N575AA,BOEING,B757-200,1988.0,Narrow-Body,Mature (16–25 yrs)
3995,N4XWAA,BOEING,B737-800,2003.0,Narrow-Body,New (0–5 yrs)
3996,N493AA,BOEING,B737-800,2006.0,Narrow-Body,New (0–5 yrs)
3997,N468AA,BOEING,B737-800,2004.0,Narrow-Body,New (0–5 yrs)
3998,N415AA,BOEING,B777-200,2003.0,Wide-Body,New (0–5 yrs)
3999,N487AA,BOEING,B757-200,1983.0,Narrow-Body,Mature (16–25 yrs)
4000,N287AA,BOEING,B757-200,1982.0,Narrow-Body,Aging (26–35 yrs)
4001,N466AA,BOEING,B757-200,2004.0,Narrow-Body,New (0–5 yrs)
4002,N227AA,AIRBUS,A319-100,2009.0,Narrow-Body,New (0–5 yrs)
4003,N462AA,BOEING,B777-200,2000.0,Wide-Body,Modern (6–15 yrs)
4004,N475AA,MCDONNELL DOUGLAS,MD-80,1987.0,Narrow-Body,Mature (16–25 yrs)
4005,N484AA,MCDONNELL DOUGLAS,MD-80,1994.0,Narrow-Body,Modern (6–15 yrs)
4006,N245AA,BOEING,B737-800,2000.0,Narrow-Body,Modern (6–15 yrs)
4007,N516AA,BOEING,B777-200,2006.0,Wide-Body,New (0–5 yrs)
4008,N479AA,BOEING,B757-200,1994.0,Narrow-Body,Modern (6–15 yrs)
4009,N474AA,BOEING,B757-200,1984.0,Narrow-Body,Mature (16–25 yrs)
4010,N491AA,BOEING,B757-200,1989.0,Narrow-Body,Mature (16–25 yrs)
4011,N510AA,BOEING,B777-200,2010.0,Wide-Body,New (0–5 yrs)
4012,N566AA,MCDONNELL DOUGLAS,MD-80,1992.0,Narrow-Body,Mature (16–25 yrs)
4013,N452AA,BOEING,B757-200,1994.0,Narrow-Body,Modern (6–15 yrs)
4014,N4YBAA,AIRBUS,A300-600,1986.0,Wide-Body,Mature (16–25 yrs)
4015,N442AA,BOEING,B777-200,2006.0,Wide-Body,New (0–5 yrs)
4016,N461AA,BOEING,B757-200,1983.0,Narrow-Body,Mature (16–25 yrs)
4017,N457AA,AIRBUS,A300-600,1994.0,Wide-Body,Modern (6–15 yrs)
4018,N274AA,AIRBUS,A319-100,2008.0,Narrow-Body,New (0–5 yrs)
4019,N481AA,MCDONNELL DOUGLAS,MD-80,1986.0,Narrow-Body,Mature (16–25 yrs)
4020,N297AA,BOEING,B777-200,2002.0,Wide-Body,Modern (6–15 yrs)
4021,N528AA,BOEING,B757-200,2004.0,Narrow-Body,New (0–5 yrs)
4022,N521AA,MCDONNELL DOUGLAS,MD-80,1992.0,Narrow-Body,Mature (16–25 yrs)
4023,N244AA,BOEING,B757-200,2002.0,Narrow-Body,Modern (6–15 yrs)
4024,N526AA,BOEING,B767-300,1999.0,Wide-Body,Modern (6–15 yrs)
4025,N509AA,BOEING,B737-800,2008.0,Narrow-Body,New (0–5 yrs)
4026,N4XNAA,AIRBUS,A319-100,2000.0,Narrow-Body,Modern (6–15 yrs)
4027,N445AA,AIRBUS,A319-100,1997.0,Narrow-Body,Modern (6–15 yrs)
4028,N4WLAA,AIRBUS,A320-200,2000.0,Narrow-Body,Modern (6–15 yrs)
4029,N266AA,AIRBUS,A319-100,2005.0,Narrow-Body,New (0–5 yrs)
4030,N543AA,AIRBUS,A319-100,2009.0,Narrow-Body,New (0–5 yrs)
4031,N262AA,BOEING,B777-200,2012.0,Wide-Body,New (0–5 yrs)
4032,N447AA,MCDONNELL DOUGLAS,MD-80,1994.0,Narrow-Body,Modern (6–15 yrs)
4033,N498AA,MCDONNELL DOUGLAS,MD-80,1994.0,Narrow-Body,Modern (6–15 yrs)
4034,N4UBAA,MCDONNELL DOUGLAS,MD-80,1982.0,Narrow-Body,Aging (26–35 yrs)
4035,N523AA,AIRBUS,A320-200,1996.0,Narrow-Body,Modern (6–15 yrs)
4036,N4XBAA,AIRBUS,A320-200,1995.0,Narrow-Body,Modern (6–15 yrs)
4037,N293AA,BOEING,B767-300,2000.0,Wide-Body,Modern (6–15 yrs)
4038,N576AA,BOEING,B737-800,2000.0,Narrow-Body,Modern (6–15 yrs)
4039,N4YTAA,AIRBUS,A300-600,1998.0,Wide-Body,Modern (6–15 yrs)
4040,N223AA,BOEING,B767-300,1994.0,Wide-Body,Modern (6–15 yrs)
4041,N4XMAA,MCDONNELL DOUGLAS,MD-80,1994.0,Narrow-Body,Modern (6–15 yrs)
4042,N4WNAA,BOEING,B777-200,2000.0,Wide-Body,Modern (6–15 yrs)
4043,N4WBAA,AIRBUS,A319-100,2002.0,Narrow-Body,Modern (6–15 yrs)
4044,N409AA,MCDONNELL DOUGLAS,MD-80,1993.0,Narrow-Body,Modern (6–15 yrs)
4045,N4XPAA,MCDONNELL DOUGLAS,MD-80,1984.0,Narrow-Body,Mature (16–25 yrs)
4046,N3BCAA,BOEING,B757-200,2004.0,Narrow-Body,New (0–5 yrs)
4047,N3BAAA,BOEING,B757-200,2001.0,Narrow-Body,Modern (6–15 yrs)
4048,N3DDAA,MCDONNELL DOUGLAS,MD-80,1980.0,Narrow-Body,Aging (26–35 yrs)
4049,N3AJAA,MCDONNELL DOUGLAS,MD-80,1994.0,Narrow-Body,Modern (6–15 yrs)
4050,N3ABAA,BOEING,B767-300,1996.0,Wide-Body,Modern (6–15 yrs)
4051,N3ATAA,BOEING,B737-800,2003.0,Narrow-Body,New (0–5 yrs)
4052,N3AAAA,AIRBUS,A320-200,2003.0,Narrow-Body,New (0–5 yrs)
4053,N3CMAA,BOEING,B757-200,2004.0,Narrow-Body,New (0–5 yrs)
4054,N450AA,BOEING,B757-200,1986.0,Narrow-Body,Mature (16–25 yrs)
4055,N241AA,BOEING,B777-200,2012.0,Wide-Body,New (0–5 yrs)
4056,N446AA,BOEING,B767-300,1989.0,Wide-Body,Mature (16–25 yrs)
4057,N569AA,MCDONNELL DOUGLAS,MD-80,1993.0,Narrow-Body,Modern (6–15 yrs)
4058,N574AA,BOEING,B777-200,2000.0,Wide-Body,Modern (6–15 yrs)
4059,N459AA,BOEING,B737-800,1999.0,Narrow-Body,Modern (6–15 yrs)
4060,N470AA,BOEING,B777-200,2011.0,Wide-Body,New (0–5 yrs)
4061,N573AA,BOEING,B767-300,1993.0,Wide-Body,Modern (6–15 yrs)
4062,N440AA,MCDONNELL DOUGLAS,MD-80,1980.0,Narrow-Body,Aging (26–35 yrs)
4063,N511AA,AIRBUS,A319-100,2001.0,Narrow-Body,Modern (6–15 yrs)
4064,N529AA,BOEING,B757-200,1982.0,Narrow-Body,Aging (26–35 yrs)
4065,N463AA,BOEING,B757-200,2003.0,Narrow-Body,New (0–5 yrs)
4066,N436AA,AIRBUS,A319-100,2005.0,Narrow-Body,New (0–5 yrs)
4067,N520AA,BOEING,B777-200,1996.0,Wide-Body,Modern (6–15 yrs)
4068,N258AA,MCDONNELL DOUGLAS,MD-80,1986.0,Narrow-Body,Mature (16–25 yrs)
4069,N504AA,MCDONNELL DOUGLAS,MD-80,1984.0,Narrow-Body,Mature (16–25 yrs)
4070,N5DYAA,BOEING,B757-200,1987.0,Narrow-Body,Mature (16–25 yrs)
4071,N3DGAA,BOEING,B767-300,1990.0,Wide-Body,Mature (16–25 yrs)
4072,N3BNAA,MCDONNELL DOUGLAS,MD-80,1995.0,Narrow-Body,Modern (6–15 yrs)
4073,N3AUAA,MCDONNELL DOUGLAS,MD-80,1984.0,Narrow-Body,Mature (16–25 yrs)
4074,N3DJAA,BOEING,B757-200,2001.0,Narrow-Body,Modern (6–15 yrs)
4075,N3DFAA,BOEING,B767-300,1996.0,Wide-Body,Modern (6–15 yrs)
4076,N3CNAA,AIRBUS,A319-100,1995.0,Narrow-Body,Modern (6–15 yrs)
4077,N3BSAA,MCDONNELL DOUGLAS,MD-80,1996.0,Narrow-Body,Modern (6–15 yrs)
4078,N4XRAA,BOEING,B737-800,2002.0,Narrow-Body,Modern (6–15 yrs)
4079,N4YPAA,MCDONNELL DOUGLAS,MD-80,1994.0,Narrow-Body,Modern (6–15 yrs)
4080,N4YCAA,MCDONNELL DOUGLAS,MD-80,1994.0,Narrow-Body,Modern (6–15 yrs)
4081,N4WDAA,BOEING,B757-200,1992.0,Narrow-Body,Mature (16–25 yrs)
4082,N597AA,MCDONNELL DOUGLAS,MD-80,1998.0,Narrow-Body,Modern (6–15 yrs)
4083,N4WWAA,MCDONNELL DOUGLAS,MD-80,1992.0,Narrow-Body,Mature (16–25 yrs)
4084,N4XEAA,AIRBUS,A319-100,2006.0,Narrow-Body,New (0–5 yrs)
4085,N4WUAA,AIRBUS,A319-100,2006.0,Narrow-Body,New (0–5 yrs)
4086,N472AA,BOEING,B777-200,2005.0,Wide-Body,New (0–5 yrs)
4087,N456AA,BOEING,B767-300,1990.0,Wide-Body,Mature (16–25 yrs)
4088,N598AA,MCDONNELL DOUGLAS,MD-80,1996.0,Narrow-Body,Modern (6–15 yrs)
4089,N3AVAA,BOEING,B737-800,2010.0,Narrow-Body,New (0–5 yrs)
4090,N385AA,AIRBUS,A319-100,1997.0,Narrow-Body,Modern (6–15 yrs)
4091,N7ACAA,AIRBUS,A319-100,2002.0,Narrow-Body,Modern (6–15 yrs)
4092,N7BGAA,BOEING,B777-200,2012.0,Wide-Body,New (0–5 yrs)
4093,N499AA,AIRBUS,A300-600,1985.0,Wide-Body,Mature (16–25 yrs)
4094,N591AA,BOEING,B767-300,1998.0,Wide-Body,Modern (6–15 yrs)
4095,N082AA,BOEING,B757-200,1993.0,Narrow-Body,Modern (6–15 yrs)
4096,N062AA,BOEING,B737-800,2012.0,Narrow-Body,New (0–5 yrs)
4097,N084AA,MCDONNELL DOUGLAS,MD-80,1980.0,Narrow-Body,Aging (26–35 yrs)
4098,N058AA,MCDONNELL DOUGLAS,MD-80,1992.0,Narrow-Body,Mature (16–25 yrs)
4099,N081AA,BOEING,B757-200,1998.0,Narrow-Body,Modern (6–15 yrs)
4100,N078AA,BOEING,B757-200,1998.0,Narrow-Body,Modern (6–15 yrs)
4101,N059AA,AIRBUS,A300-600,1988.0,Wide-Body,Mature (16–25 yrs)
4102,N434AA,MCDONNELL DOUGLAS,MD-80,1983.0,Narrow-Body,Mature (16–25 yrs)
4103,N439AA,AIRBUS,A300-600,2006.0,Wide-Body,New (0–5 yrs)
4104,N443AA,BOEING,B757-200,1986.0,Narrow-Body,Mature (16–25 yrs)
4105,N405AA,MCDONNELL DOUGLAS,MD-80,1992.0,Narrow-Body,Mature (16–25 yrs)
4106,N3DCAA,BOEING,B757-200,1983.0,Narrow-Body,Mature (16–25 yrs)
4107,N3BKAA,BOEING,B777-200,1999.0,Wide-Body,Modern (6–15 yrs)
4108,N3CAAA,MCDONNELL DOUGLAS,MD-80,1998.0,Narrow-Body,Modern (6–15 yrs)
4109,N471AA,BOEING,B777-200,2009.0,Wide-Body,New (0–5 yrs)
4110,N455AA,BOEING,B777-200,2012.0,Wide-Body,New (0–5 yrs)
4111,N467AA,BOEING,B777-200,2005.0,Wide-Body,New (0–5 yrs)
4112,N070AA,BOEING,B767-300,1992.0,Wide-Body,Mature (16–25 yrs)
4113,N083AA,BOEING,B767-300,1991.0,Wide-Body,Mature (16–25 yrs)
4114,N054AA,BOEING,B737-800,2008.0,Narrow-Body,New (0–5 yrs)
4115,N052AA,MCDONNELL DOUGLAS,MD-80,1984.0,Narrow-Body,Mature (16–25 yrs)
4116,N057AA,BOEING,B777-200,1997.0,Wide-Body,Modern (6–15 yrs)
4117,N063AA,BOEING,B757-200,1984.0,Narrow-Body,Mature (16–25 yrs)
4118,N201AA,MCDONNELL DOUGLAS,MD-80,1990.0,Narrow-Body,Mature (16–25 yrs)
4119,N4YHAA,BOEING,B767-300,1988.0,Wide-Body,Mature (16–25 yrs)
4120,N4XXAA,BOEING,B757-200,1985.0,Narrow-Body,Mature (16–25 yrs)
4121,N567AA,AIRBUS,A300-600,2005.0,Wide-Body,New (0–5 yrs)
4122,N259AA,MCDONNELL DOUGLAS,MD-80,1984.0,Narrow-Body,Mature (16–25 yrs)
4123,N562AA,BOEING,B767-300,1994.0,Wide-Body,Modern (6–15 yrs)
4124,N4WJAA,MCDONNELL DOUGLAS,MD-80,1982.0,Narrow-Body,Aging (26–35 yrs)
4125,N4XGAA,BOEING,B777-200,2000.0,Wide-Body,Modern (6–15 yrs)
4126,N539AA,AIRBUS,A320-200,1988.0,Narrow-Body,Mature (16–25 yrs)
4127,N3ANAA,BOEING,B757-200,1983.0,Narrow-Body,Mature (16–25 yrs)
4128,N508AA,BOEING,B777-200,2000.0,Wide-Body,Modern (6–15 yrs)
4129,N3CVAA,MCDONNELL DOUGLAS,MD-80,1995.0,Narrow-Body,Modern (6–15 yrs)
4130,N3CKAA,BOEING,B737-800,2009.0,Narrow-Body,New (0–5 yrs)
4131,N553AA,AIRBUS,A320-200,1991.0,Narrow-Body,Mature (16–25 yrs)
4132,N437AA,AIRBUS,A320-200,2004.0,Narrow-Body,New (0–5 yrs)
4133,N4XDAA,AIRBUS,A300-600,1999.0,Wide-Body,Modern (6–15 yrs)
4134,N596AA,MCDONNELL DOUGLAS,MD-80,1998.0,Narrow-Body,Modern (6–15 yrs)
4135,N7AUAA,BOEING,B767-300,1986.0,Wide-Body,Mature (16–25 yrs)
4136,N7BFAA,MCDONNELL DOUGLAS,MD-80,1988.0,Narrow-Body,Mature (16–25 yrs)
4137,N599AA,BOEING,B777-200,2000.0,Wide-Body,Modern (6–15 yrs)
4138,N3CBAA,BOEING,B737-800,2008.0,Narrow-Body,New (0–5 yrs)
4139,N4WPAA,AIRBUS,A300-600,1995.0,Wide-Body,Modern (6–15 yrs)
4140,N441AA,AIRBUS,A320-200,1993.0,Narrow-Body,Modern (6–15 yrs)
4141,N568AA,BOEING,B757-200,1983.0,Narrow-Body,Mature (16–25 yrs)
4142,N583AA,AIRBUS,A300-600,1987.0,Wide-Body,Mature (16–25 yrs)
4143,N4YLAA,AIRBUS,A300-600,1984.0,Wide-Body,Mature (16–25 yrs)
4144,N207AA,AIRBUS,A320-200,2006.0,Narrow-Body,New (0–5 yrs)
4145,N290AA,BOEING,B757-200,1987.0,Narrow-Body,Mature (16–25 yrs)
4146,N589AA,BOEING,B767-300,1998.0,Wide-Body,Modern (6–15 yrs)
4147,N593AA,MCDONNELL DOUGLAS,MD-80,1992.0,Narrow-Body,Mature (16–25 yrs)
4148,N4WMAA,BOEING,B737-800,2004.0,Narrow-Body,New (0–5 yrs)
4149,N056AA,MCDONNELL DOUGLAS,MD-80,1989.0,Narrow-Body,Mature (16–25 yrs)
4150,N073AA,BOEING,B757-200,1999.0,Narrow-Body,Modern (6–15 yrs)
4151,N517AA,AIRBUS,A320-200,2003.0,Narrow-Body,New (0–5 yrs)
4152,N494AA,BOEING,B757-200,1994.0,Narrow-Body,Modern (6–15 yrs)
4153,N547AA,MCDONNELL DOUGLAS,MD-80,1988.0,Narrow-Body,Mature (16–25 yrs)
4154,N581AA,BOEING,B737-800,2000.0,Narrow-Body,Modern (6–15 yrs)
4155,N278AA,MCDONNELL DOUGLAS,MD-80,1992.0,Narrow-Body,Mature (16–25 yrs)
4156,N291AA,BOEING,B737-800,1999.0,Narrow-Body,Modern (6–15 yrs)
4157,N068AA,MCDONNELL DOUGLAS,MD-80,1985.0,Narrow-Body,Mature (16–25 yrs)
4158,N071AA,AIRBUS,A300-600,1985.0,Wide-Body,Mature (16–25 yrs)
4159,N079AA,AIRBUS,A300-600,1995.0,Wide-Body,Modern (6–15 yrs)
4160,N072AA,MCDONNELL DOUGLAS,MD-80,1981.0,Narrow-Body,Aging (26–35 yrs)
4161,N051AA,BOEING,B737-800,2003.0,Narrow-Body,New (0–5 yrs)
4162,N055AA,BOEING,B737-800,2007.0,Narrow-Body,New (0–5 yrs)
4163,N069AA,AIRBUS,A320-200,2007.0,Narrow-Body,New (0–5 yrs)
4164,N531AA,MCDONNELL DOUGLAS,MD-80,1983.0,Narrow-Body,Mature (16–25 yrs)
4165,N7AAAA,BOEING,B757-200,2003.0,Narrow-Body,New (0–5 yrs)
4166,N7BMAA,BOEING,B777-200,1997.0,Wide-Body,Modern (6–15 yrs)
4167,N7ADAA,MCDONNELL DOUGLAS,MD-80,1992.0,Narrow-Body,Mature (16–25 yrs)
4168,N208AA,BOEING,B737-800,2012.0,Narrow-Body,New (0–5 yrs)
4169,N4YUAA,BOEING,B737-800,2003.0,Narrow-Body,New (0–5 yrs)
4170,N5CMAA,BOEING,B767-300,1991.0,Wide-Body,Mature (16–25 yrs)
4171,N563AA,AIRBUS,A319-100,1999.0,Narrow-Body,Modern (6–15 yrs)
4172,N5ENAA,AIRBUS,A319-100,2011.0,Narrow-Body,New (0–5 yrs)
4173,N527AA,BOEING,B757-200,1996.0,Narrow-Body,Modern (6–15 yrs)
4174,N3BFAA,MCDONNELL DOUGLAS,MD-80,1987.0,Narrow-Body,Mature (16–25 yrs)
4175,N065AA,BOEING,B767-300,1999.0,Wide-Body,Modern (6–15 yrs)
4176,N080AA,BOEING,B757-200,1997.0,Narrow-Body,Modern (6–15 yrs)
4177,N066AA,BOEING,B767-300,1992.0,Wide-Body,Mature (16–25 yrs)
4178,N074AA,BOEING,B757-200,2001.0,Narrow-Body,Modern (6–15 yrs)
4179,N050AA,AIRBUS,A320-200,1995.0,Narrow-Body,Modern (6–15 yrs)
4180,N064AA,BOEING,B737-800,2002.0,Narrow-Body,Modern (6–15 yrs)
4181,N061AA,BOEING,B757-200,2001.0,Narrow-Body,Modern (6–15 yrs)
4182,N3BGAA,MCDONNELL DOUGLAS,MD-80,1982.0,Narrow-Body,Aging (26–35 yrs)
4183,N3CPAA,BOEING,B737-800,2004.0,Narrow-Body,New (0–5 yrs)
4184,N403AA,AIRBUS,A319-100,2006.0,Narrow-Body,New (0–5 yrs)
4185,N5DAAA,BOEING,B767-300,1986.0,Wide-Body,Mature (16–25 yrs)
4186,N077AA,BOEING,B777-200,1997.0,Wide-Body,Modern (6–15 yrs)
4187,N4WVAA,AIRBUS,A300-600,1987.0,Wide-Body,Mature (16–25 yrs)
4188,N249AA,BOEING,B737-800,2006.0,Narrow-Body,New (0–5 yrs)
4189,N5CBAA,MCDONNELL DOUGLAS,MD-80,1980.0,Narrow-Body,Aging (26–35 yrs)
4190,N060AA,BOEING,B767-300,1993.0,Wide-Body,Modern (6–15 yrs)
4191,N625AA,BOEING,B737-800,2001.0,Narrow-Body,Modern (6–15 yrs)
4192,N5EMAA,BOEING,B757-200,2004.0,Narrow-Body,New (0–5 yrs)
4193,N3CTAA,BOEING,B757-200,1992.0,Narrow-Body,Mature (16–25 yrs)
4194,N3BXAA,MCDONNELL DOUGLAS,MD-80,1982.0,Narrow-Body,Aging (26–35 yrs)
4195,N480AA,BOEING,B777-200,1999.0,Wide-Body,Modern (6–15 yrs)
4196,N3BUAA,BOEING,B777-200,1998.0,Wide-Body,Modern (6–15 yrs)
4197,N076AA,MCDONNELL DOUGLAS,MD-80,1980.0,Narrow-Body,Aging (26–35 yrs)
4198,N067AA,AIRBUS,A319-100,2000.0,Narrow-Body,Modern (6–15 yrs)
4199,N391AA,BOEING,B767-300,1988.0,Wide-Body,Mature (16–25 yrs)
4200,N810AL,BOEING,B737-800,2000.0,Narrow-Body,Modern (6–15 yrs)
4201,N808AL,BOEING,B737-800,2008.0,Narrow-Body,New (0–5 yrs)
4202,N835AL,BOEING,B737-800,2003.0,Narrow-Body,New (0–5 yrs)
4203,N843AL,BOEING,B737-700,2008.0,Narrow-Body,New (0–5 yrs)
4204,N823AL,BOEING,B737-800,2003.0,Narrow-Body,New (0–5 yrs)
4205,N828AL,BOEING,B737-800,2004.0,Narrow-Body,New (0–5 yrs)
4206,N836AL,BOEING,B737-800,2002.0,Narrow-Body,Modern (6–15 yrs)
4207,N837AL,BOEING,B737-700,2007.0,Narrow-Body,New (0–5 yrs)
4208,N826AL,BOEING,B737-800,1998.0,Narrow-Body,Modern (6–15 yrs)
4209,N824AL,BOEING,B737-700,1997.0,Narrow-Body,Modern (6–15 yrs)
4210,N841AL,BOEING,B737-700,2005.0,Narrow-Body,New (0–5 yrs)
4211,N746AL,BOEING,B737-700,2005.0,Narrow-Body,New (0–5 yrs)
4212,N751AL,BOEING,B737-800,2002.0,Narrow-Body,Modern (6–15 yrs)
4213,N742AL,BOEING,B737-800,2009.0,Narrow-Body,New (0–5 yrs)
4214,N741AL,BOEING,B737-700,2006.0,Narrow-Body,New (0–5 yrs)
4215,N740AL,BOEING,B737-700,2010.0,Narrow-Body,New (0–5 yrs)
4216,NHZOAL,BOEING,B737-700,1997.0,Narrow-Body,Modern (6–15 yrs)
4217,N738AL,BOEING,B737-700,2000.0,Narrow-Body,Modern (6–15 yrs)
4218,N748AL,BOEING,B737-800,2007.0,Narrow-Body,New (0–5 yrs)
4219,N739AL,BOEING,B737-700,2004.0,Narrow-Body,New (0–5 yrs)
4220,N564AS,BOEING,B737-800,2002.0,Narrow-Body,Modern (6–15 yrs)
4221,N320AS,BOEING,B737-400,1991.0,Narrow-Body,Mature (16–25 yrs)
4222,N307AS,BOEING,B737-700,2010.0,Narrow-Body,New (0–5 yrs)
4223,N319AS,BOEING,B737-400,1991.0,Narrow-Body,Mature (16–25 yrs)
4224,N566AS,MCDONNELL DOUGLAS,MD-80,1982.0,Narrow-Body,Aging (26–35 yrs)
4225,N315AS,BOEING,B737-700,2005.0,Narrow-Body,New (0–5 yrs)
4226,N779AS,BOEING,B737-400,1996.0,Narrow-Body,Modern (6–15 yrs)
4227,N791AS,BOEING,B737-400,1995.0,Narrow-Body,Modern (6–15 yrs)
4228,N795AS,BOEING,B737-400,1999.0,Narrow-Body,Modern (6–15 yrs)
4229,N708AS,BOEING,B737-400,1996.0,Narrow-Body,Modern (6–15 yrs)
4230,N648AS,MCDONNELL DOUGLAS,MD-80,1989.0,Narrow-Body,Mature (16–25 yrs)
4231,N622AS,BOEING,B737-700,1997.0,Narrow-Body,Modern (6–15 yrs)
4232,N778AS,MCDONNELL DOUGLAS,MD-80,1981.0,Narrow-Body,Aging (26–35 yrs)
4233,N767AS,BOEING,B737-800,2001.0,Narrow-Body,Modern (6–15 yrs)
4234,N755AS,BOEING,B737-800,2010.0,Narrow-Body,New (0–5 yrs)
4235,N784AS,BOEING,B737-800,2006.0,Narrow-Body,New (0–5 yrs)
4236,N796AS,BOEING,B737-700,2002.0,Narrow-Body,Modern (6–15 yrs)
4237,N754AS,BOEING,B737-800,2009.0,Narrow-Body,New (0–5 yrs)
4238,N713AS,MCDONNELL DOUGLAS,MD-80,1994.0,Narrow-Body,Modern (6–15 yrs)
4239,N785AS,BOEING,B737-800,1999.0,Narrow-Body,Modern (6–15 yrs)
4240,N773AS,BOEING,B737-800,2002.0,Narrow-Body,Modern (6–15 yrs)
4241,N769AS,BOEING,B737-800,2004.0,Narrow-Body,New (0–5 yrs)
4242,N783AS,BOEING,B737-800,2004.0,Narrow-Body,New (0–5 yrs)
4243,N760AS,BOEING,B737-800,2006.0,Narrow-Body,New (0–5 yrs)
4244,N958AS,BOEING,B737-800,1998.0,Narrow-Body,Modern (6–15 yrs)
4245,N969AS,BOEING,B737-800,2008.0,Narrow-Body,New (0–5 yrs)
4246,N960AS,BOEING,B737-700,2009.0,Narrow-Body,New (0–5 yrs)
4247,N982AS,BOEING,B737-800,2005.0,Narrow-Body,New (0–5 yrs)
4248,N979AS,BOEING,B737-800,2005.0,Narrow-Body,New (0–5 yrs)
4249,N977AS,BOEING,B737-400,1991.0,Narrow-Body,Mature (16–25 yrs)
4250,N589AS,MCDONNELL DOUGLAS,MD-80,1997.0,Narrow-Body,Modern (6–15 yrs)
4251,N569AS,BOEING,B737-800,2004.0,Narrow-Body,New (0–5 yrs)
4252,N303AS,BOEING,B737-400,1995.0,Narrow-Body,Modern (6–15 yrs)
4253,N585AS,BOEING,B737-800,2006.0,Narrow-Body,New (0–5 yrs)
4254,N553AS,BOEING,B737-800,2004.0,Narrow-Body,New (0–5 yrs)
4255,N972AS,BOEING,B737-400,1993.0,Narrow-Body,Modern (6–15 yrs)
4256,N626AS,BOEING,B737-700,2006.0,Narrow-Body,New (0–5 yrs)
4257,N774AS,BOEING,B737-800,2004.0,Narrow-Body,New (0–5 yrs)
4258,N318AS,BOEING,B737-700,2005.0,Narrow-Body,New (0–5 yrs)
4259,N560AS,BOEING,B737-700,1998.0,Narrow-Body,Modern (6–15 yrs)
4260,N768AS,BOEING,B737-800,2010.0,Narrow-Body,New (0–5 yrs)
4261,N765AS,BOEING,B737-400,1996.0,Narrow-Body,Modern (6–15 yrs)
4262,N961AS,BOEING,B737-700,2003.0,Narrow-Body,New (0–5 yrs)
4263,N948AS,BOEING,B737-800,2000.0,Narrow-Body,Modern (6–15 yrs)
4264,N570AS,BOEING,B737-400,1995.0,Narrow-Body,Modern (6–15 yrs)
4265,N588AS,BOEING,B737-800,2003.0,Narrow-Body,New (0–5 yrs)
4266,N584AS,BOEING,B737-800,2009.0,Narrow-Body,New (0–5 yrs)
4267,N549AS,BOEING,B737-400,1996.0,Narrow-Body,Modern (6–15 yrs)
4268,N552AS,BOEING,B737-700,2001.0,Narrow-Body,Modern (6–15 yrs)
4269,N559AS,BOEING,B737-400,2000.0,Narrow-Body,Modern (6–15 yrs)
4270,N583AS,BOEING,B737-400,1993.0,Narrow-Body,Modern (6–15 yrs)
4271,N546AS,BOEING,B737-400,1993.0,Narrow-Body,Modern (6–15 yrs)
4272,N612AS,BOEING,B737-700,2006.0,Narrow-Body,New (0–5 yrs)
4273,N618AS,BOEING,B737-800,2005.0,Narrow-Body,New (0–5 yrs)
4274,N625AS,BOEING,B737-800,1998.0,Narrow-Body,Modern (6–15 yrs)
4275,N611AS,BOEING,B737-700,1998.0,Narrow-Body,Modern (6–15 yrs)
4276,N647AS,BOEING,B737-800,2009.0,Narrow-Body,New (0–5 yrs)
4277,N624AS,BOEING,B737-700,2000.0,Narrow-Body,Modern (6–15 yrs)
4278,N562AS,BOEING,B737-700,2005.0,Narrow-Body,New (0–5 yrs)
4279,N565AS,BOEING,B737-800,2010.0,Narrow-Body,New (0–5 yrs)
4280,N615AS,BOEING,B737-700,1998.0,Narrow-Body,Modern (6–15 yrs)
4281,N614AS,BOEING,B737-400,2000.0,Narrow-Body,Modern (6–15 yrs)
4282,N609AS,BOEING,B737-700,2009.0,Narrow-Body,New (0–5 yrs)
4283,N607AS,BOEING,B737-800,2000.0,Narrow-Body,Modern (6–15 yrs)
4284,N623AS,BOEING,B737-700,2002.0,Narrow-Body,Modern (6–15 yrs)
4285,N644AS,BOEING,B737-700,2006.0,Narrow-Body,New (0–5 yrs)
4286,N586AS,BOEING,B737-800,2011.0,Narrow-Body,New (0–5 yrs)
4287,N968AS,BOEING,B737-400,1998.0,Narrow-Body,Modern (6–15 yrs)
4288,N762AS,BOEING,B737-700,2007.0,Narrow-Body,New (0–5 yrs)
4289,N563AS,BOEING,B737-400,1991.0,Narrow-Body,Mature (16–25 yrs)
4290,N305AS,BOEING,B737-400,1994.0,Narrow-Body,Modern (6–15 yrs)
4291,N776AS,BOEING,B737-700,2010.0,Narrow-Body,New (0–5 yrs)
4292,N788AS,BOEING,B737-700,2006.0,Narrow-Body,New (0–5 yrs)
4293,N306AS,MCDONNELL DOUGLAS,MD-80,1986.0,Narrow-Body,Mature (16–25 yrs)
4294,N944AS,MCDONNELL DOUGLAS,MD-80,1992.0,Narrow-Body,Mature (16–25 yrs)
4295,N558AS,BOEING,B737-800,2006.0,Narrow-Body,New (0–5 yrs)
4296,N577AS,BOEING,B737-700,2009.0,Narrow-Body,New (0–5 yrs)
4297,N551AS,BOEING,B737-800,2001.0,Narrow-Body,Modern (6–15 yrs)
4298,N764AS,MCDONNELL DOUGLAS,MD-80,1989.0,Narrow-Body,Mature (16–25 yrs)
4299,N772AS,BOEING,B737-400,2000.0,Narrow-Body,Modern (6–15 yrs)
4300,N797AS,BOEING,B737-800,2006.0,Narrow-Body,New (0–5 yrs)
4301,N943AS,BOEING,B737-700,2008.0,Narrow-Body,New (0–5 yrs)
4302,N548AS,BOEING,B737-700,2009.0,Narrow-Body,New (0–5 yrs)
4303,N705AS,BOEING,B737-400,1997.0,Narrow-Body,Modern (6–15 yrs)
4304,N556AS,BOEING,B737-700,2005.0,Narrow-Body,New (0–5 yrs)
4305,N975AS,BOEING,B737-400,1997.0,Narrow-Body,Modern (6–15 yrs)
4306,N706AS,BOEING,B737-400,1988.0,Narrow-Body,Mature (16–25 yrs)
4307,N581AS,BOEING,B737-800,1999.0,Narrow-Body,Modern (6–15 yrs)
4308,N775AS,BOEING,B737-800,2011.0,Narrow-Body,New (0–5 yrs)
4309,N763AS,BOEING,B737-400,1991.0,Narrow-Body,Mature (16–25 yrs)
4310,N619AS,MCDONNELL DOUGLAS,MD-80,1990.0,Narrow-Body,Mature (16–25 yrs)
4311,N317AS,BOEING,B737-800,1998.0,Narrow-Body,Modern (6–15 yrs)
4312,N962AS,BOEING,B737-400,1991.0,Narrow-Body,Mature (16–25 yrs)
4313,N703AS,MCDONNELL DOUGLAS,MD-80,1993.0,Narrow-Body,Modern (6–15 yrs)
4314,N587AS,BOEING,B737-400,1999.0,Narrow-Body,Modern (6–15 yrs)
4315,N579AS,MCDONNELL DOUGLAS,MD-80,1979.0,Narrow-Body,Aging (26–35 yrs)
4316,N780AS,BOEING,B737-400,1989.0,Narrow-Body,Mature (16–25 yrs)
4317,N771AS,BOEING,B737-800,2007.0,Narrow-Body,New (0–5 yrs)
4318,N792AS,BOEING,B737-700,2004.0,Narrow-Body,New (0–5 yrs)
4319,N302AS,MCDONNELL DOUGLAS,MD-80,1988.0,Narrow-Body,Mature (16–25 yrs)
4320,N782AS,BOEING,B737-400,1998.0,Narrow-Body,Modern (6–15 yrs)
4321,N323AS,BOEING,B737-800,2006.0,Narrow-Body,New (0–5 yrs)
4322,N613AS,BOEING,B737-800,2009.0,Narrow-Body,New (0–5 yrs)
4323,N756AS,MCDONNELL DOUGLAS,MD-80,1999.0,Narrow-Body,Modern (6–15 yrs)
4324,N568AS,BOEING,B737-400,1996.0,Narrow-Body,Modern (6–15 yrs)
4325,N799AS,BOEING,B737-400,1994.0,Narrow-Body,Modern (6–15 yrs)
4326,N794AS,MCDONNELL DOUGLAS,MD-80,1996.0,Narrow-Body,Modern (6–15 yrs)
4327,N309AS,BOEING,B737-400,2000.0,Narrow-Body,Modern (6–15 yrs)
4328,N557AS,BOEING,B737-800,1999.0,Narrow-Body,Modern (6–15 yrs)
4329,N793AS,BOEING,B737-400,1992.0,Narrow-Body,Mature (16–25 yrs)
4330,N617AS,MCDONNELL DOUGLAS,MD-80,1980.0,Narrow-Body,Aging (26–35 yrs)
4331,N627AS,MCDONNELL DOUGLAS,MD-80,1995.0,Narrow-Body,Modern (6–15 yrs)
4332,N649AS,BOEING,B737-800,2011.0,Narrow-Body,New (0–5 yrs)
4333,N590AS,BOEING,B737-700,2002.0,Narrow-Body,Modern (6–15 yrs)
4334,N273JB,AIRBUS,A320-200,2010.0,Narrow-Body,New (0–5 yrs)
4335,N179JB,AIRBUS,A320-200,2002.0,Narrow-Body,Modern (6–15 yrs)
4336,N184JB,AIRBUS,A320-200,2010.0,Narrow-Body,New (0–5 yrs)
4337,N228JB,AIRBUS,A321-200,2008.0,Narrow-Body,New (0–5 yrs)
4338,N615JB,AIRBUS,A321-200,1996.0,Narrow-Body,Modern (6–15 yrs)
4339,N283JB,AIRBUS,A320-200,2012.0,Narrow-Body,New (0–5 yrs)
4340,N249JB,AIRBUS,A321-200,2006.0,Narrow-Body,New (0–5 yrs)
4341,N589JB,AIRBUS,A320-200,1993.0,Narrow-Body,Modern (6–15 yrs)
4342,N608JB,AIRBUS,A320-200,2005.0,Narrow-Body,New (0–5 yrs)
4343,N659JB,AIRBUS,A321-200,1999.0,Narrow-Body,Modern (6–15 yrs)
4344,N206JB,AIRBUS,A320-200,2010.0,Narrow-Body,New (0–5 yrs)
4345,N553JB,AIRBUS,A320-200,1988.0,Narrow-Body,Mature (16–25 yrs)
4346,N585JB,AIRBUS,A321-200,1997.0,Narrow-Body,Modern (6–15 yrs)
4347,N183JB,AIRBUS,A321-200,1994.0,Narrow-Body,Modern (6–15 yrs)
4348,N231JB,AIRBUS,A320-200,2012.0,Narrow-Body,New (0–5 yrs)
4349,N519JB,AIRBUS,A320-200,1995.0,Narrow-Body,Modern (6–15 yrs)
4350,N552JB,AIRBUS,A321-200,2008.0,Narrow-Body,New (0–5 yrs)
4351,N529JB,AIRBUS,A320-200,1996.0,Narrow-Body,Modern (6–15 yrs)
4352,N547JB,AIRBUS,A320-200,2003.0,Narrow-Body,New (0–5 yrs)
4353,N534JB,AIRBUS,A320-200,1998.0,Narrow-Body,Modern (6–15 yrs)
4354,N627JB,AIRBUS,A320-200,1993.0,Narrow-Body,Modern (6–15 yrs)
4355,N193JB,AIRBUS,A320-200,1994.0,Narrow-Body,Modern (6–15 yrs)
4356,N187JB,AIRBUS,A320-200,2010.0,Narrow-Body,New (0–5 yrs)
4357,N178JB,AIRBUS,A321-200,2009.0,Narrow-Body,New (0–5 yrs)
4358,N561JB,AIRBUS,A320-200,1999.0,Narrow-Body,Modern (6–15 yrs)
4359,N523JB,AIRBUS,A320-200,2008.0,Narrow-Body,New (0–5 yrs)
4360,N665JB,AIRBUS,A320-200,2003.0,Narrow-Body,New (0–5 yrs)
4361,N630JB,AIRBUS,A320-200,2008.0,Narrow-Body,New (0–5 yrs)
4362,N579JB,AIRBUS,A321-200,2009.0,Narrow-Body,New (0–5 yrs)
4363,N638JB,AIRBUS,A320-200,2012.0,Narrow-Body,New (0–5 yrs)
4364,N618JB,AIRBUS,A320-200,2001.0,Narrow-Body,Modern (6–15 yrs)
4365,N643JB,AIRBUS,A320-200,2005.0,Narrow-Body,New (0–5 yrs)
4366,N649JB,AIRBUS,A320-200,2005.0,Narrow-Body,New (0–5 yrs)
4367,N592JB,AIRBUS,A320-200,2009.0,Narrow-Body,New (0–5 yrs)
4368,N258JB,AIRBUS,A321-200,1995.0,Narrow-Body,Modern (6–15 yrs)
4369,N569JB,AIRBUS,A321-200,1997.0,Narrow-Body,Modern (6–15 yrs)
4370,N562JB,AIRBUS,A321-200,2002.0,Narrow-Body,Modern (6–15 yrs)
4371,N521JB,AIRBUS,A320-200,1990.0,Narrow-Body,Mature (16–25 yrs)
4372,N645JB,AIRBUS,A321-200,2008.0,Narrow-Body,New (0–5 yrs)
4373,N613JB,AIRBUS,A321-200,2008.0,Narrow-Body,New (0–5 yrs)
4374,N563JB,AIRBUS,A320-200,2008.0,Narrow-Body,New (0–5 yrs)
4375,N565JB,AIRBUS,A321-200,1996.0,Narrow-Body,Modern (6–15 yrs)
4376,N506JB,AIRBUS,A320-200,2005.0,Narrow-Body,New (0–5 yrs)
4377,N656JB,AIRBUS,A320-200,2010.0,Narrow-Body,New (0–5 yrs)
4378,N581JB,AIRBUS,A320-200,2007.0,Narrow-Body,New (0–5 yrs)
4379,N606JB,AIRBUS,A320-200,2003.0,Narrow-Body,New (0–5 yrs)
4380,N639JB,AIRBUS,A320-200,2010.0,Narrow-Body,New (0–5 yrs)
4381,N644JB,AIRBUS,A320-200,2010.0,Narrow-Body,New (0–5 yrs)
4382,N571JB,AIRBUS,A320-200,1998.0,Narrow-Body,Modern (6–15 yrs)
4383,N281JB,AIRBUS,A321-200,2007.0,Narrow-Body,New (0–5 yrs)
4384,N661JB,AIRBUS,A320-200,2002.0,Narrow-Body,Modern (6–15 yrs)
4385,N197JB,AIRBUS,A320-200,2009.0,Narrow-Body,New (0–5 yrs)
4386,N247JB,AIRBUS,A321-200,2007.0,Narrow-Body,New (0–5 yrs)
4387,N503JB,AIRBUS,A320-200,1996.0,Narrow-Body,Modern (6–15 yrs)
4388,N535JB,AIRBUS,A320-200,2006.0,Narrow-Body,New (0–5 yrs)
4389,N267JB,AIRBUS,A320-200,2004.0,Narrow-Body,New (0–5 yrs)
4390,N239JB,AIRBUS,A320-200,2004.0,Narrow-Body,New (0–5 yrs)
4391,N554JB,AIRBUS,A320-200,2003.0,Narrow-Body,New (0–5 yrs)
4392,N629JB,AIRBUS,A320-200,2007.0,Narrow-Body,New (0–5 yrs)
4393,N517JB,AIRBUS,A320-200,1996.0,Narrow-Body,Modern (6–15 yrs)
4394,N637JB,AIRBUS,A320-200,1996.0,Narrow-Body,Modern (6–15 yrs)
4395,N646JB,AIRBUS,A320-200,1995.0,Narrow-Body,Modern (6–15 yrs)
4396,N633JB,AIRBUS,A320-200,2009.0,Narrow-Body,New (0–5 yrs)
4397,N524JB,AIRBUS,A320-200,1999.0,Narrow-Body,Modern (6–15 yrs)
4398,N635JB,AIRBUS,A320-200,1997.0,Narrow-Body,Modern (6–15 yrs)
4399,N588JB,AIRBUS,A320-200,2006.0,Narrow-Body,New (0–5 yrs)
4400,N229JB,AIRBUS,A320-200,1994.0,Narrow-Body,Modern (6–15 yrs)
4401,N652JB,AIRBUS,A321-200,2001.0,Narrow-Body,Modern (6–15 yrs)
4402,N564JB,AIRBUS,A320-200,2004.0,Narrow-Body,New (0–5 yrs)
4403,N274JB,AIRBUS,A320-200,1996.0,Narrow-Body,Modern (6–15 yrs)
4404,N594JB,AIRBUS,A320-200,2004.0,Narrow-Body,New (0–5 yrs)
4405,N658JB,AIRBUS,A320-200,2010.0,Narrow-Body,New (0–5 yrs)
4406,N556JB,AIRBUS,A320-200,2009.0,Narrow-Body,New (0–5 yrs)
4407,N634JB,AIRBUS,A320-200,1989.0,Narrow-Body,Mature (16–25 yrs)
4408,N624JB,AIRBUS,A320-200,1992.0,Narrow-Body,Mature (16–25 yrs)
4409,N537JB,AIRBUS,A320-200,2003.0,Narrow-Body,New (0–5 yrs)
4410,N584JB,AIRBUS,A320-200,1994.0,Narrow-Body,Modern (6–15 yrs)
4411,N192JB,AIRBUS,A320-200,1990.0,Narrow-Body,Mature (16–25 yrs)
4412,N504JB,AIRBUS,A321-200,2010.0,Narrow-Body,New (0–5 yrs)
4413,N203JB,AIRBUS,A320-200,2005.0,Narrow-Body,New (0–5 yrs)
4414,N612JB,AIRBUS,A321-200,1995.0,Narrow-Body,Modern (6–15 yrs)
4415,N505JB,AIRBUS,A321-200,2010.0,Narrow-Body,New (0–5 yrs)
4416,N605JB,AIRBUS,A320-200,2009.0,Narrow-Body,New (0–5 yrs)
4417,N570JB,AIRBUS,A320-200,1998.0,Narrow-Body,Modern (6–15 yrs)
4418,N621JB,AIRBUS,A321-200,1994.0,Narrow-Body,Modern (6–15 yrs)
4419,N510JB,AIRBUS,A320-200,2004.0,Narrow-Body,New (0–5 yrs)
4420,N590JB,AIRBUS,A320-200,2000.0,Narrow-Body,Modern (6–15 yrs)
4421,N657JB,AIRBUS,A320-200,1999.0,Narrow-Body,Modern (6–15 yrs)
4422,N603JB,AIRBUS,A320-200,2003.0,Narrow-Body,New (0–5 yrs)
4423,N543JB,AIRBUS,A320-200,2005.0,Narrow-Body,New (0–5 yrs)
4424,N662JB,AIRBUS,A320-200,2006.0,Narrow-Body,New (0–5 yrs)
4425,N598JB,AIRBUS,A320-200,1997.0,Narrow-Body,Modern (6–15 yrs)
4426,N550JB,AIRBUS,A320-200,2008.0,Narrow-Body,New (0–5 yrs)
4427,N651JB,AIRBUS,A320-200,1993.0,Narrow-Body,Modern (6–15 yrs)
4428,N546JB,AIRBUS,A320-200,1992.0,Narrow-Body,Mature (16–25 yrs)
4429,N591JB,AIRBUS,A320-200,2002.0,Narrow-Body,Modern (6–15 yrs)
4430,N566JB,AIRBUS,A320-200,1990.0,Narrow-Body,Mature (16–25 yrs)
4431,N640JB,AIRBUS,A320-200,1990.0,Narrow-Body,Mature (16–25 yrs)
4432,N597JB,AIRBUS,A320-200,1999.0,Narrow-Body,Modern (6–15 yrs)
4433,N655JB,AIRBUS,A320-200,1988.0,Narrow-Body,Mature (16–25 yrs)
4434,N559JB,AIRBUS,A320-200,2005.0,Narrow-Body,New (0–5 yrs)
4435,N528JB,AIRBUS,A320-200,1993.0,Narrow-Body,Modern (6–15 yrs)
4436,N238JB,AIRBUS,A321-200,1998.0,Narrow-Body,Modern (6–15 yrs)
4437,N548JB,AIRBUS,A321-200,2000.0,Narrow-Body,Modern (6–15 yrs)
4438,N641JB,AIRBUS,A320-200,2000.0,Narrow-Body,Modern (6–15 yrs)
4439,N632JB,AIRBUS,A320-200,1999.0,Narrow-Body,Modern (6–15 yrs)
4440,N636JB,AIRBUS,A321-200,1997.0,Narrow-Body,Modern (6–15 yrs)
4441,N587JB,AIRBUS,A320-200,1990.0,Narrow-Body,Mature (16–25 yrs)
4442,N653JB,AIRBUS,A320-200,2012.0,Narrow-Body,New (0–5 yrs)
4443,N509JB,AIRBUS,A320-200,2001.0,Narrow-Body,Modern (6–15 yrs)
4444,N520JB,AIRBUS,A320-200,2009.0,Narrow-Body,New (0–5 yrs)
4445,N216JB,AIRBUS,A321-200,1999.0,Narrow-Body,Modern (6–15 yrs)
4446,N582JB,AIRBUS,A321-200,1996.0,Narrow-Body,Modern (6–15 yrs)
4447,N190JB,AIRBUS,A320-200,2012.0,Narrow-Body,New (0–5 yrs)
4448,N663JB,AIRBUS,A321-200,1995.0,Narrow-Body,Modern (6–15 yrs)
4449,N279JB,AIRBUS,A320-200,2005.0,Narrow-Body,New (0–5 yrs)
4450,N595JB,AIRBUS,A321-200,1996.0,Narrow-Body,Modern (6–15 yrs)
4451,N265JB,AIRBUS,A320-200,1994.0,Narrow-Body,Modern (6–15 yrs)
4452,N198JB,AIRBUS,A320-200,2010.0,Narrow-Body,New (0–5 yrs)
4453,N586JB,AIRBUS,A320-200,2002.0,Narrow-Body,Modern (6–15 yrs)
4454,N623JB,AIRBUS,A320-200,1995.0,Narrow-Body,Modern (6–15 yrs)
4455,N599JB,AIRBUS,A321-200,2004.0,Narrow-Body,New (0–5 yrs)
4456,N236JB,AIRBUS,A320-200,1990.0,Narrow-Body,Mature (16–25 yrs)
4457,N516JB,AIRBUS,A320-200,2003.0,Narrow-Body,New (0–5 yrs)
4458,N607JB,AIRBUS,A320-200,1994.0,Narrow-Body,Modern (6–15 yrs)
4459,N593JB,AIRBUS,A321-200,2010.0,Narrow-Body,New (0–5 yrs)
4460,N536JB,AIRBUS,A321-200,2008.0,Narrow-Body,New (0–5 yrs)
4461,N648JB,AIRBUS,A320-200,2001.0,Narrow-Body,Modern (6–15 yrs)
4462,N568JB,AIRBUS,A320-200,1999.0,Narrow-Body,Modern (6–15 yrs)
4463,N625JB,AIRBUS,A320-200,2008.0,Narrow-Body,New (0–5 yrs)
4464,N583JB,AIRBUS,A320-200,1995.0,Narrow-Body,Modern (6–15 yrs)
4465,N266JB,AIRBUS,A320-200,2000.0,Narrow-Body,Modern (6–15 yrs)
4466,N558JB,AIRBUS,A321-200,2009.0,Narrow-Body,New (0–5 yrs)
4467,N580JB,AIRBUS,A321-200,1998.0,Narrow-Body,Modern (6–15 yrs)
4468,N284JB,AIRBUS,A321-200,1994.0,Narrow-Body,Modern (6–15 yrs)
4469,N36280,UNKNOWN,UNKNOWN,,Unknown,Unknown
4470,N73259,UNKNOWN,UNKNOWN,,Unknown,Unknown
4471,N17233,UNKNOWN,UNKNOWN,,Unknown,Unknown
4472,N27213,UNKNOWN,UNKNOWN,,Unknown,Unknown
4473,N61304,UNKNOWN,UNKNOWN,,Unknown,Unknown
4474,N37263,UNKNOWN,UNKNOWN,,Unknown,Unknown
4475,N16339,UNKNOWN,UNKNOWN,,Unknown,Unknown
4476,N57852,UNKNOWN,UNKNOWN,,Unknown,Unknown
4477,N33294,UNKNOWN,UNKNOWN,,Unknown,Unknown
4478,N14324,UNKNOWN,UNKNOWN,,Unknown,Unknown
4479,N15710,UNKNOWN,UNKNOWN,,Unknown,Unknown
4480,N76153,UNKNOWN,UNKNOWN,,Unknown,Unknown
4481,N33264,UNKNOWN,UNKNOWN,,Unknown,Unknown
4482,N77303,UNKNOWN,UNKNOWN,,Unknown,Unknown
4483,N35407,UNKNOWN,UNKNOWN,,Unknown,Unknown
4484,N14605,UNKNOWN,UNKNOWN,,Unknown,Unknown
4485,N35271,UNKNOWN,UNKNOWN,,Unknown,Unknown
4486,N14653,UNKNOWN,UNKNOWN,,Unknown,Unknown
4487,N17321,UNKNOWN,UNKNOWN,,Unknown,Unknown
4488,N23661,UNKNOWN,UNKNOWN,,Unknown,Unknown
4489,N14655,UNKNOWN,UNKNOWN,,Unknown,Unknown
4490,N57857,UNKNOWN,UNKNOWN,,Unknown,Unknown
4491,N14237,UNKNOWN,UNKNOWN,,Unknown,Unknown
4492,N73283,UNKNOWN,UNKNOWN,,Unknown,Unknown
4493,N37255,UNKNOWN,UNKNOWN,,Unknown,Unknown
4494,N37277,UNKNOWN,UNKNOWN,,Unknown,Unknown
4495,N14219,UNKNOWN,UNKNOWN,,Unknown,Unknown
4496,N14347,UNKNOWN,UNKNOWN,,Unknown,Unknown
4497,N69311,UNKNOWN,UNKNOWN,,Unknown,Unknown
4498,N14645,UNKNOWN,UNKNOWN,,Unknown,Unknown
4499,N14231,UNKNOWN,UNKNOWN,,Unknown,Unknown
4500,N78506,UNKNOWN,UNKNOWN,,Unknown,Unknown
4501,N13248,UNKNOWN,UNKNOWN,,Unknown,Unknown
4502,N18350,UNKNOWN,UNKNOWN,,Unknown,Unknown
4503,N37409,UNKNOWN,UNKNOWN,,Unknown,Unknown
4504,N14629,UNKNOWN,UNKNOWN,,Unknown,Unknown
4505,N37298,UNKNOWN,UNKNOWN,,Unknown,Unknown
4506,N16648,UNKNOWN,UNKNOWN,,Unknown,Unknown
4507,N74856,UNKNOWN,UNKNOWN,,Unknown,Unknown
4508,N27610,UNKNOWN,UNKNOWN,,Unknown,Unknown
4509,N12313,UNKNOWN,UNKNOWN,,Unknown,Unknown
4510,N37281,UNKNOWN,UNKNOWN,,Unknown,Unknown
4511,N14334,UNKNOWN,UNKNOWN,,Unknown,Unknown
4512,N27733,UNKNOWN,UNKNOWN,,Unknown,Unknown
4513,N17640,UNKNOWN,UNKNOWN,,Unknown,Unknown
4514,N14668,UNKNOWN,UNKNOWN,,Unknown,Unknown
4515,N14609,UNKNOWN,UNKNOWN,,Unknown,Unknown
4516,N14613,UNKNOWN,UNKNOWN,,Unknown,Unknown
4517,N14346,UNKNOWN,UNKNOWN,,Unknown,Unknown
4518,N16234,UNKNOWN,UNKNOWN,,Unknown,Unknown
4519,N14358,UNKNOWN,UNKNOWN,,Unknown,Unknown
4520,N12238,UNKNOWN,UNKNOWN,,Unknown,Unknown
4521,N77258,UNKNOWN,UNKNOWN,,Unknown,Unknown
4522,N14604,UNKNOWN,UNKNOWN,,Unknown,Unknown
4523,N12116,UNKNOWN,UNKNOWN,,Unknown,Unknown
4524,N14308,UNKNOWN,UNKNOWN,,Unknown,Unknown
4525,N76265,UNKNOWN,UNKNOWN,,Unknown,Unknown
4526,N14341,UNKNOWN,UNKNOWN,,Unknown,Unknown
4527,N14664,UNKNOWN,UNKNOWN,,Unknown,Unknown
4528,N46625,UNKNOWN,UNKNOWN,,Unknown,Unknown
4529,N12318,UNKNOWN,UNKNOWN,,Unknown,Unknown
4530,N39728,UNKNOWN,UNKNOWN,,Unknown,Unknown
4531,N16701,UNKNOWN,UNKNOWN,,Unknown,Unknown
4532,N76355,UNKNOWN,UNKNOWN,,Unknown,Unknown
4533,N18112,UNKNOWN,UNKNOWN,,Unknown,Unknown
4534,N17105,UNKNOWN,UNKNOWN,,Unknown,Unknown
4535,N29124,UNKNOWN,UNKNOWN,,Unknown,Unknown
4536,N12319,UNKNOWN,UNKNOWN,,Unknown,Unknown
4537,N13720,UNKNOWN,UNKNOWN,,Unknown,Unknown
4538,N24736,UNKNOWN,UNKNOWN,,Unknown,Unknown
4539,N14735,UNKNOWN,UNKNOWN,,Unknown,Unknown
4540,N37615,UNKNOWN,UNKNOWN,,Unknown,Unknown
4541,N69602,UNKNOWN,UNKNOWN,,Unknown,Unknown
4542,N75853,UNKNOWN,UNKNOWN,,Unknown,Unknown
4543,N69333,UNKNOWN,UNKNOWN,,Unknown,Unknown
4544,N15712,UNKNOWN,UNKNOWN,,Unknown,Unknown
4545,N30401,UNKNOWN,UNKNOWN,,Unknown,Unknown
4546,N32404,UNKNOWN,UNKNOWN,,Unknown,Unknown
4547,N16617,UNKNOWN,UNKNOWN,,Unknown,Unknown
4548,N14250,UNKNOWN,UNKNOWN,,Unknown,Unknown
4549,N57855,UNKNOWN,UNKNOWN,,Unknown,Unknown
4550,N27239,UNKNOWN,UNKNOWN,,Unknown,Unknown
4551,N14652,UNKNOWN,UNKNOWN,,Unknown,Unknown
4552,N18220,UNKNOWN,UNKNOWN,,Unknown,Unknown
4553,N27205,UNKNOWN,UNKNOWN,,Unknown,Unknown
4554,N23707,UNKNOWN,UNKNOWN,,Unknown,Unknown
4555,N27734,UNKNOWN,UNKNOWN,,Unknown,Unknown
4556,N14214,UNKNOWN,UNKNOWN,,Unknown,Unknown
4557,N10323,UNKNOWN,UNKNOWN,,Unknown,Unknown
4558,N73276,UNKNOWN,UNKNOWN,,Unknown,Unknown
4559,N11206,UNKNOWN,UNKNOWN,,Unknown,Unknown
4560,N57864,UNKNOWN,UNKNOWN,,Unknown,Unknown
4561,N19130,UNKNOWN,UNKNOWN,,Unknown,Unknown
4562,N17245,UNKNOWN,UNKNOWN,,Unknown,Unknown
4563,N69351,UNKNOWN,UNKNOWN,,Unknown,Unknown
4564,N14242,UNKNOWN,UNKNOWN,,Unknown,Unknown
4565,N39726,UNKNOWN,UNKNOWN,,Unknown,Unknown
4566,N16732,UNKNOWN,UNKNOWN,,Unknown,Unknown
4567,N24715,UNKNOWN,UNKNOWN,,Unknown,Unknown
4568,N12218,UNKNOWN,UNKNOWN,,Unknown,Unknown
4569,N33637,UNKNOWN,UNKNOWN,,Unknown,Unknown
4570,N57869,UNKNOWN,UNKNOWN,,Unknown,Unknown
4571,N38403,UNKNOWN,UNKNOWN,,Unknown,Unknown
4572,N77867,UNKNOWN,UNKNOWN,,Unknown,Unknown
4573,N11656,UNKNOWN,UNKNOWN,,Unknown,Unknown
4574,N34131,UNKNOWN,UNKNOWN,,Unknown,Unknown
4575,N29129,UNKNOWN,UNKNOWN,,Unknown,Unknown
4576,N78866,UNKNOWN,UNKNOWN,,Unknown,Unknown
4577,N77295,UNKNOWN,UNKNOWN,,Unknown,Unknown
4578,N63305,UNKNOWN,UNKNOWN,,Unknown,Unknown
4579,N37287,UNKNOWN,UNKNOWN,,Unknown,Unknown
4580,N12327,UNKNOWN,UNKNOWN,,Unknown,Unknown
4581,N13138,UNKNOWN,UNKNOWN,,Unknown,Unknown
4582,N12114,UNKNOWN,UNKNOWN,,Unknown,Unknown
4583,N16618,UNKNOWN,UNKNOWN,,Unknown,Unknown
4584,N16301,UNKNOWN,UNKNOWN,,Unknown,Unknown
4585,N71411,UNKNOWN,UNKNOWN,,Unknown,Unknown
4586,N14342,UNKNOWN,UNKNOWN,,Unknown,Unknown
4587,N62631,UNKNOWN,UNKNOWN,,Unknown,Unknown
4588,N18622,UNKNOWN,UNKNOWN,,Unknown,Unknown
4589,N70353,UNKNOWN,UNKNOWN,,Unknown,Unknown
4590,N17663,UNKNOWN,UNKNOWN,,Unknown,Unknown
4591,N37290,UNKNOWN,UNKNOWN,,Unknown,Unknown
4592,N23657,UNKNOWN,UNKNOWN,,Unknown,Unknown
4593,N18611,UNKNOWN,UNKNOWN,,Unknown,Unknown
4594,N79402,UNKNOWN,UNKNOWN,,Unknown,Unknown
4595,N38257,UNKNOWN,UNKNOWN,,Unknown,Unknown
4596,N17244,UNKNOWN,UNKNOWN,,Unknown,Unknown
4597,N34282,UNKNOWN,UNKNOWN,,Unknown,Unknown
4598,N26226,UNKNOWN,UNKNOWN,,Unknown,Unknown
4599,N76502,UNKNOWN,UNKNOWN,,Unknown,Unknown
4600,N24702,UNKNOWN,UNKNOWN,,Unknown,Unknown
4601,N59302,UNKNOWN,UNKNOWN,,Unknown,Unknown
4602,N18119,UNKNOWN,UNKNOWN,,Unknown,Unknown
4603,N35204,UNKNOWN,UNKNOWN,,Unknown,Unknown
4604,N24224,UNKNOWN,UNKNOWN,,Unknown,Unknown
4605,N24202,UNKNOWN,UNKNOWN,,Unknown,Unknown
4606,N76254,UNKNOWN,UNKNOWN,,Unknown,Unknown
4607,N73270,UNKNOWN,UNKNOWN,,Unknown,Unknown
4608,N17614,UNKNOWN,UNKNOWN,,Unknown,Unknown
4609,N33203,UNKNOWN,UNKNOWN,,Unknown,Unknown
4610,N13750,UNKNOWN,UNKNOWN,,Unknown,Unknown
4611,N47332,UNKNOWN,UNKNOWN,,Unknown,Unknown
4612,N12225,UNKNOWN,UNKNOWN,,Unknown,Unknown
4613,N23708,UNKNOWN,UNKNOWN,,Unknown,Unknown
4614,N38727,UNKNOWN,UNKNOWN,,Unknown,Unknown
4615,N14320,UNKNOWN,UNKNOWN,,Unknown,Unknown
4616,N11612,UNKNOWN,UNKNOWN,,Unknown,Unknown
4617,N70352,UNKNOWN,UNKNOWN,,Unknown,Unknown
4618,N66057,UNKNOWN,UNKNOWN,,Unknown,Unknown
4619,N70330,UNKNOWN,UNKNOWN,,Unknown,Unknown
4620,N57868,UNKNOWN,UNKNOWN,,Unknown,Unknown
4621,N67134,UNKNOWN,UNKNOWN,,Unknown,Unknown
4622,N16642,UNKNOWN,UNKNOWN,,Unknown,Unknown
4623,N12221,UNKNOWN,UNKNOWN,,Unknown,Unknown
4624,N14628,UNKNOWN,UNKNOWN,,Unknown,Unknown
4625,N77865,UNKNOWN,UNKNOWN,,Unknown,Unknown
4626,N36207,UNKNOWN,UNKNOWN,,Unknown,Unknown
4627,N17326,UNKNOWN,UNKNOWN,,Unknown,Unknown
4628,N18223,UNKNOWN,UNKNOWN,,Unknown,Unknown
4629,N52616,UNKNOWN,UNKNOWN,,Unknown,Unknown
4630,N24706,UNKNOWN,UNKNOWN,,Unknown,Unknown
4631,N33714,UNKNOWN,UNKNOWN,,Unknown,Unknown
4632,N72405,UNKNOWN,UNKNOWN,,Unknown,Unknown
4633,N37253,UNKNOWN,UNKNOWN,,Unknown,Unknown
4634,N58101,UNKNOWN,UNKNOWN,,Unknown,Unknown
4635,N59630,UNKNOWN,UNKNOWN,,Unknown,Unknown
4636,N16650,UNKNOWN,UNKNOWN,,Unknown,Unknown
4637,N27722,UNKNOWN,UNKNOWN,,Unknown,Unknown
4638,N41135,UNKNOWN,UNKNOWN,,Unknown,Unknown
4639,N13110,UNKNOWN,UNKNOWN,,Unknown,Unknown
4640,N15659,UNKNOWN,UNKNOWN,,Unknown,Unknown
4641,N26210,UNKNOWN,UNKNOWN,,Unknown,Unknown
4642,N58606,UNKNOWN,UNKNOWN,,Unknown,Unknown
4643,N57863,UNKNOWN,UNKNOWN,,Unknown,Unknown
4644,N75858,UNKNOWN,UNKNOWN,,Unknown,Unknown
4645,N73278,UNKNOWN,UNKNOWN,,Unknown,Unknown
4646,N76503,UNKNOWN,UNKNOWN,,Unknown,Unknown
4647,N37293,UNKNOWN,UNKNOWN,,Unknown,Unknown
4648,N37273,UNKNOWN,UNKNOWN,,Unknown,Unknown
4649,N11641,UNKNOWN,UNKNOWN,,Unknown,Unknown
4650,N73299,UNKNOWN,UNKNOWN,,Unknown,Unknown
4651,N24212,UNKNOWN,UNKNOWN,,Unknown,Unknown
4652,N17229,UNKNOWN,UNKNOWN,,Unknown,Unknown
4653,N36272,UNKNOWN,UNKNOWN,,Unknown,Unknown
4654,N76288,UNKNOWN,UNKNOWN,,Unknown,Unknown
4655,N73251,UNKNOWN,UNKNOWN,,Unknown,Unknown
4656,N14667,UNKNOWN,UNKNOWN,,Unknown,Unknown
4657,N75410,UNKNOWN,UNKNOWN,,Unknown,Unknown
4658,N78285,UNKNOWN,UNKNOWN,,Unknown,Unknown
4659,N67158,UNKNOWN,UNKNOWN,,Unknown,Unknown
4660,N33132,UNKNOWN,UNKNOWN,,Unknown,Unknown
4661,N59338,UNKNOWN,UNKNOWN,,Unknown,Unknown
4662,N26208,UNKNOWN,UNKNOWN,,Unknown,Unknown
4663,N14335,UNKNOWN,UNKNOWN,,Unknown,Unknown
4664,N73152,UNKNOWN,UNKNOWN,,Unknown,Unknown
4665,N37267,UNKNOWN,UNKNOWN,,Unknown,Unknown
4666,N12109,UNKNOWN,UNKNOWN,,Unknown,Unknown
4667,N33209,UNKNOWN,UNKNOWN,,Unknown,Unknown
4668,N16649,UNKNOWN,UNKNOWN,,Unknown,Unknown
4669,N73275,UNKNOWN,UNKNOWN,,Unknown,Unknown
4670,N17344,UNKNOWN,UNKNOWN,,Unknown,Unknown
4671,N33289,UNKNOWN,UNKNOWN,,Unknown,Unknown
4672,N16607,UNKNOWN,UNKNOWN,,Unknown,Unknown
4673,N69603,UNKNOWN,UNKNOWN,,Unknown,Unknown
4674,N14639,UNKNOWN,UNKNOWN,,Unknown,Unknown
4675,N77296,UNKNOWN,UNKNOWN,,Unknown,Unknown
4676,N19141,UNKNOWN,UNKNOWN,,Unknown,Unknown
4677,N33266,UNKNOWN,UNKNOWN,,Unknown,Unknown
4678,N16647,UNKNOWN,UNKNOWN,,Unknown,Unknown
4679,N14107,UNKNOWN,UNKNOWN,,Unknown,Unknown
4680,N17328,UNKNOWN,UNKNOWN,,Unknown,Unknown
4681,N76062,UNKNOWN,UNKNOWN,,Unknown,Unknown
4682,N13716,UNKNOWN,UNKNOWN,,Unknown,Unknown
4683,N37408,UNKNOWN,UNKNOWN,,Unknown,Unknown
4684,N14731,UNKNOWN,UNKNOWN,,Unknown,Unknown
4685,N16310,UNKNOWN,UNKNOWN,,Unknown,Unknown
4686,N77261,UNKNOWN,UNKNOWN,,Unknown,Unknown
4687,N17345,UNKNOWN,UNKNOWN,,Unknown,Unknown
4688,N19638,UNKNOWN,UNKNOWN,,Unknown,Unknown
4689,N17619,UNKNOWN,UNKNOWN,,Unknown,Unknown
4690,N31412,UNKNOWN,UNKNOWN,,Unknown,Unknown
4691,N33608,UNKNOWN,UNKNOWN,,Unknown,Unknown
4692,N14601,UNKNOWN,UNKNOWN,,Unknown,Unknown
4693,N14118,UNKNOWN,UNKNOWN,,Unknown,Unknown
4694,N14654,UNKNOWN,UNKNOWN,,Unknown,Unknown
4695,N77066,UNKNOWN,UNKNOWN,,Unknown,Unknown
4696,N13718,UNKNOWN,UNKNOWN,,Unknown,Unknown
4697,N69348,UNKNOWN,UNKNOWN,,Unknown,Unknown
4698,N56859,UNKNOWN,UNKNOWN,,Unknown,Unknown
4699,N41140,UNKNOWN,UNKNOWN,,Unknown,Unknown
4700,N73406,UNKNOWN,UNKNOWN,,Unknown,Unknown
4701,N75851,UNKNOWN,UNKNOWN,,Unknown,Unknown
4702,N33262,UNKNOWN,UNKNOWN,,Unknown,Unknown
4703,N17620,UNKNOWN,UNKNOWN,,Unknown,Unknown
4704,N16703,UNKNOWN,UNKNOWN,,Unknown,Unknown
4705,N75861,UNKNOWN,UNKNOWN,,Unknown,Unknown
4706,N23721,UNKNOWN,UNKNOWN,,Unknown,Unknown
4707,N19357,UNKNOWN,UNKNOWN,,Unknown,Unknown
4708,N33286,UNKNOWN,UNKNOWN,,Unknown,Unknown
4709,N37274,UNKNOWN,UNKNOWN,,Unknown,Unknown
4710,N21108,UNKNOWN,UNKNOWN,,Unknown,Unknown
4711,N32626,UNKNOWN,UNKNOWN,,Unknown,Unknown
4712,N12216,UNKNOWN,UNKNOWN,,Unknown,Unknown
4713,N14336,UNKNOWN,UNKNOWN,,Unknown,Unknown
4714,N16646,UNKNOWN,UNKNOWN,,Unknown,Unknown
4715,N76064,UNKNOWN,UNKNOWN,,Unknown,Unknown
4716,N33284,UNKNOWN,UNKNOWN,,Unknown,Unknown
4717,N73256,UNKNOWN,UNKNOWN,,Unknown,Unknown
4718,N11651,UNKNOWN,UNKNOWN,,Unknown,Unknown
4719,N17644,UNKNOWN,UNKNOWN,,Unknown,Unknown
4720,N14337,UNKNOWN,UNKNOWN,,Unknown,Unknown
4721,N17122,UNKNOWN,UNKNOWN,,Unknown,Unknown
4722,N33103,UNKNOWN,UNKNOWN,,Unknown,Unknown
4723,N39343,UNKNOWN,UNKNOWN,,Unknown,Unknown
4724,N24211,UNKNOWN,UNKNOWN,,Unknown,Unknown
4725,N17133,UNKNOWN,UNKNOWN,,Unknown,Unknown
4726,N69063,UNKNOWN,UNKNOWN,,Unknown,Unknown
4727,N57111,UNKNOWN,UNKNOWN,,Unknown,Unknown
4728,N13113,UNKNOWN,UNKNOWN,,Unknown,Unknown
4729,N14121,UNKNOWN,UNKNOWN,,Unknown,Unknown
4730,N78501,UNKNOWN,UNKNOWN,,Unknown,Unknown
4731,N19117,UNKNOWN,UNKNOWN,,Unknown,Unknown
4732,N68160,UNKNOWN,UNKNOWN,,Unknown,Unknown
4733,N17730,UNKNOWN,UNKNOWN,,Unknown,Unknown
4734,N76504,UNKNOWN,UNKNOWN,,Unknown,Unknown
4735,N16217,UNKNOWN,UNKNOWN,,Unknown,Unknown
4736,N12349,UNKNOWN,UNKNOWN,,Unknown,Unknown
4737,N48127,UNKNOWN,UNKNOWN,,Unknown,Unknown
4738,N79279,UNKNOWN,UNKNOWN,,Unknown,Unknown
4739,N33292,UNKNOWN,UNKNOWN,,Unknown,Unknown
4740,N38268,UNKNOWN,UNKNOWN,,Unknown,Unknown
4741,N17719,UNKNOWN,UNKNOWN,,Unknown,Unknown
4742,N24633,UNKNOWN,UNKNOWN,,Unknown,Unknown
4743,N26123,UNKNOWN,UNKNOWN,,Unknown,Unknown
4744,N34222,UNKNOWN,UNKNOWN,,Unknown,Unknown
4745,N16632,UNKNOWN,UNKNOWN,,Unknown,Unknown
4746,N27724,UNKNOWN,UNKNOWN,,Unknown,Unknown
4747,N14230,UNKNOWN,UNKNOWN,,Unknown,Unknown
4748,N36247,UNKNOWN,UNKNOWN,,Unknown,Unknown
4749,N17128,UNKNOWN,UNKNOWN,,Unknown,Unknown
4750,N17356,UNKNOWN,UNKNOWN,,Unknown,Unknown
4751,N13624,UNKNOWN,UNKNOWN,,Unknown,Unknown
4752,N17627,UNKNOWN,UNKNOWN,,Unknown,Unknown
4753,N21723,UNKNOWN,UNKNOWN,,Unknown,Unknown
4754,N68061,UNKNOWN,UNKNOWN,,Unknown,Unknown
4755,N73291,UNKNOWN,UNKNOWN,,Unknown,Unknown
4756,N14325,UNKNOWN,UNKNOWN,,Unknown,Unknown
4757,N29717,UNKNOWN,UNKNOWN,,Unknown,Unknown
4758,N25705,UNKNOWN,UNKNOWN,,Unknown,Unknown
4759,N39297,UNKNOWN,UNKNOWN,,Unknown,Unknown
4760,N14106,UNKNOWN,UNKNOWN,,Unknown,Unknown
4761,N17126,UNKNOWN,UNKNOWN,,Unknown,Unknown
4762,N68155,UNKNOWN,UNKNOWN,,Unknown,Unknown
4763,N12125,UNKNOWN,UNKNOWN,,Unknown,Unknown
4764,N69154,UNKNOWN,UNKNOWN,,Unknown,Unknown
4765,N76505,UNKNOWN,UNKNOWN,,Unknown,Unknown
4766,N18243,UNKNOWN,UNKNOWN,,Unknown,Unknown
4767,N24729,UNKNOWN,UNKNOWN,,Unknown,Unknown
4768,N17329,UNKNOWN,UNKNOWN,,Unknown,Unknown
4769,N18658,UNKNOWN,UNKNOWN,,Unknown,Unknown
4770,N14120,UNKNOWN,UNKNOWN,,Unknown,Unknown
4771,N77014,UNKNOWN,UNKNOWN,,Unknown,Unknown
4772,N26215,UNKNOWN,UNKNOWN,,Unknown,Unknown
4773,N35260,UNKNOWN,UNKNOWN,,Unknown,Unknown
4774,N37252,UNKNOWN,UNKNOWN,,Unknown,Unknown
4775,N14115,UNKNOWN,UNKNOWN,,Unknown,Unknown
4776,N66051,UNKNOWN,UNKNOWN,,Unknown,Unknown
4777,N19621,UNKNOWN,UNKNOWN,,Unknown,Unknown
4778,N67058,UNKNOWN,UNKNOWN,,Unknown,Unknown
4779,N16713,UNKNOWN,UNKNOWN,,Unknown,Unknown
4780,N34137,UNKNOWN,UNKNOWN,,Unknown,Unknown
4781,N16709,UNKNOWN,UNKNOWN,,Unknown,Unknown
4782,N19623,UNKNOWN,UNKNOWN,,Unknown,Unknown
4783,N78060,UNKNOWN,UNKNOWN,,Unknown,Unknown
4784,N76156,UNKNOWN,UNKNOWN,,Unknown,Unknown
4785,N19136,UNKNOWN,UNKNOWN,,Unknown,Unknown
4786,N69059,UNKNOWN,UNKNOWN,,Unknown,Unknown
4787,N17139,UNKNOWN,UNKNOWN,,Unknown,Unknown
4788,N68159,UNKNOWN,UNKNOWN,,Unknown,Unknown
4789,N76269,UNKNOWN,UNKNOWN,,Unknown,Unknown
4790,N66056,UNKNOWN,UNKNOWN,,Unknown,Unknown
4791,N14704,UNKNOWN,UNKNOWN,,Unknown,Unknown
4792,N54711,UNKNOWN,UNKNOWN,,Unknown,Unknown
4793,N76354,UNKNOWN,UNKNOWN,,Unknown,Unknown
4794,N54241,UNKNOWN,UNKNOWN,,Unknown,Unknown
4795,N67052,UNKNOWN,UNKNOWN,,Unknown,Unknown
4796,N17104,UNKNOWN,UNKNOWN,,Unknown,Unknown
4797,N76151,UNKNOWN,UNKNOWN,,Unknown,Unknown
4798,N37413,UNKNOWN,UNKNOWN,,Unknown,Unknown
4799,N76010,UNKNOWN,UNKNOWN,,Unknown,Unknown
4800,N14102,UNKNOWN,UNKNOWN,,Unknown,Unknown
4801,N75854,UNKNOWN,UNKNOWN,,Unknown,Unknown
4802,N78004,UNKNOWN,UNKNOWN,,Unknown,Unknown
4803,N59053,UNKNOWN,UNKNOWN,,Unknown,Unknown
4804,N76055,UNKNOWN,UNKNOWN,,Unknown,Unknown
4805,N78003,UNKNOWN,UNKNOWN,,Unknown,Unknown
4806,N76054,UNKNOWN,UNKNOWN,,Unknown,Unknown
4807,N67157,UNKNOWN,UNKNOWN,,Unknown,Unknown
4808,N3736C,UNKNOWN,UNKNOWN,,Unknown,Unknown
4809,N603DL,BOEING,B757-200,2001.0,Narrow-Body,Modern (6–15 yrs)
4810,N132DN,MCDONNELL DOUGLAS,DC-9-41,1971.0,Narrow-Body,Legacy (35+ yrs)
4811,N374DA,BOMBARDIER,CRJ-200,1995.0,Regional,Modern (6–15 yrs)
4812,N643DL,BOEING,B757-200,1994.0,Narrow-Body,Modern (6–15 yrs)
4813,N177DZ,UNKNOWN,UNKNOWN,,Unknown,Unknown
4814,N198DN,MCDONNELL DOUGLAS,DC-9-41,1974.0,Narrow-Body,Aging (26–35 yrs)
4815,N1603,UNKNOWN,UNKNOWN,,Unknown,Unknown
4816,N176DZ,UNKNOWN,UNKNOWN,,Unknown,Unknown
4817,N841MH,BOMBARDIER,CRJ-700,2002.0,Regional,Modern (6–15 yrs)
4818,N195DN,BOEING,B757-200,1996.0,Narrow-Body,Modern (6–15 yrs)
4819,N173DZ,UNKNOWN,UNKNOWN,,Unknown,Unknown
4820,N177DN,MCDONNELL DOUGLAS,DC-9-41,1974.0,Narrow-Body,Aging (26–35 yrs)
4821,N837MH,BOMBARDIER,CRJ-700,2004.0,Regional,New (0–5 yrs)
4822,N172DZ,UNKNOWN,UNKNOWN,,Unknown,Unknown
4823,N1612T,UNKNOWN,UNKNOWN,,Unknown,Unknown
4824,N155DL,BOEING,B757-200,1982.0,Narrow-Body,Aging (26–35 yrs)
4825,N842MH,BOMBARDIER,CRJ-200,2000.0,Regional,Modern (6–15 yrs)
4826,N866DA,BOMBARDIER,CRJ-200,2002.0,Regional,Modern (6–15 yrs)
4827,N188DN,BOEING,B757-200,2002.0,Narrow-Body,Modern (6–15 yrs)
4828,N156DL,BOEING,B777-200,2000.0,Wide-Body,Modern (6–15 yrs)
4829,N180DN,BOEING,B757-200,2001.0,Narrow-Body,Modern (6–15 yrs)
4830,N186DN,BOEING,B757-200,1983.0,Narrow-Body,Mature (16–25 yrs)
4831,N524SW,BOEING,B737-700,2008.0,Narrow-Body,New (0–5 yrs)
4832,N906WN,BOEING,B737-300,1992.0,Narrow-Body,Mature (16–25 yrs)
4833,N907WN,BOEING,B737-700,2001.0,Narrow-Body,Modern (6–15 yrs)
4834,N908WN,BOEING,B737-300,1988.0,Narrow-Body,Mature (16–25 yrs)
4835,N526SW,BOEING,B737-300,1999.0,Narrow-Body,Modern (6–15 yrs)
4836,N910WN,BOEING,B737-500,1994.0,Narrow-Body,Modern (6–15 yrs)
4837,N909WN,BOEING,B737-700,2000.0,Narrow-Body,Modern (6–15 yrs)
4838,N75996,UNKNOWN,UNKNOWN,,Unknown,Unknown
4839,N766NC,BOEING,B737-800,2001.0,Narrow-Body,Modern (6–15 yrs)
4840,N792UA,BOEING,B737-700,2001.0,Narrow-Body,Modern (6–15 yrs)
4841,N181UA,BOEING,B777-200,2005.0,Wide-Body,New (0–5 yrs)
4842,N187UA,BOEING,B757-200,1990.0,Narrow-Body,Mature (16–25 yrs)
4843,N180UA,BOEING,B757-200,1983.0,Narrow-Body,Mature (16–25 yrs)
4844,N787UA,AIRBUS,A320-200,1992.0,Narrow-Body,Mature (16–25 yrs)
4845,N116UA,BOEING,B737-700,2010.0,Narrow-Body,New (0–5 yrs)
4846,N783UA,BOEING,B777-200,2000.0,Wide-Body,Modern (6–15 yrs)
4847,N204UA,BOEING,B737-500,1993.0,Narrow-Body,Modern (6–15 yrs)
4848,N107UA,BOEING,B767-300,1999.0,Wide-Body,Modern (6–15 yrs)
4849,N799UA,BOEING,B757-200,1993.0,Narrow-Body,Modern (6–15 yrs)
4850,N178UA,BOEING,B777-200,2005.0,Wide-Body,New (0–5 yrs)
4851,N122UA,BOEING,B767-300,1991.0,Wide-Body,Mature (16–25 yrs)
4852,N175UA,BOEING,B757-200,1995.0,Narrow-Body,Modern (6–15 yrs)
4853,N195UA,BOEING,B757-200,1982.0,Narrow-Body,Aging (26–35 yrs)
4854,N224UA,AIRBUS,A320-200,2011.0,Narrow-Body,New (0–5 yrs)
4855,N915AW,AIRBUS,A319-100,2003.0,Narrow-Body,New (0–5 yrs)
4856,N278AY,AIRBUS,A321-200,2006.0,Narrow-Body,New (0–5 yrs)
4857,N270AY,AIRBUS,A321-200,2012.0,Narrow-Body,New (0–5 yrs)
4858,N252AU,AIRBUS,A320-200,1990.0,Narrow-Body,Mature (16–25 yrs)
4859,N154AW,AIRBUS,A320-200,1997.0,Narrow-Body,Modern (6–15 yrs)
4860,N839MH,BOMBARDIER,CRJ-700,1995.0,Regional,Modern (6–15 yrs)
4861,N16065,UNKNOWN,UNKNOWN,,Unknown,Unknown
4862,N865DA,BOMBARDIER,CRJ-700,2004.0,Regional,New (0–5 yrs)
4863,N845MH,BOMBARDIER,CRJ-200,1993.0,Regional,Modern (6–15 yrs)
4864,N178DZ,UNKNOWN,UNKNOWN,,Unknown,Unknown
4865,N1605,UNKNOWN,UNKNOWN,,Unknown,Unknown
4866,N959DL,MCDONNELL DOUGLAS,MD-88,1988.0,Narrow-Body,Mature (16–25 yrs)
4867,N178DN,MCDONNELL DOUGLAS,DC-9-41,1973.0,Narrow-Body,Aging (26–35 yrs)
4868,N190DN,BOEING,B757-200,1983.0,Narrow-Body,Mature (16–25 yrs)
4869,N174DZ,UNKNOWN,UNKNOWN,,Unknown,Unknown
4870,N183DN,BOEING,B757-200,2004.0,Narrow-Body,New (0–5 yrs)
4871,N193DN,BOEING,B757-200,2001.0,Narrow-Body,Modern (6–15 yrs)
4872,N201FR,BOEING,B737-300,1990.0,Narrow-Body,Mature (16–25 yrs)
4873,N336AT,BOEING,B757-200,1999.0,Narrow-Body,Modern (6–15 yrs)
4874,N586HA,BOEING,B717-200,2000.0,Narrow-Body,Modern (6–15 yrs)
4875,N320AE,BOMBARDIER,CRJ-200,2001.0,Regional,Modern (6–15 yrs)
4876,N613NW,MCDONNELL DOUGLAS,DC-9-41,1978.0,Narrow-Body,Aging (26–35 yrs)
4877,N945N,UNKNOWN,UNKNOWN,,Unknown,Unknown
4878,N819NW,AIRBUS,A320-200,1991.0,Narrow-Body,Mature (16–25 yrs)
4879,N856NW,AIRBUS,A320-200,2005.0,Narrow-Body,New (0–5 yrs)
4880,N802NW,AIRBUS,A330-300,2011.0,Wide-Body,New (0–5 yrs)
4881,N804NW,AIRBUS,A330-300,2007.0,Wide-Body,New (0–5 yrs)
4882,N816NW,AIRBUS,A330-300,1994.0,Wide-Body,Modern (6–15 yrs)
4883,N806NW,AIRBUS,A320-200,1990.0,Narrow-Body,Mature (16–25 yrs)
4884,N803NW,MCDONNELL DOUGLAS,DC-9-41,1977.0,Narrow-Body,Aging (26–35 yrs)
4885,N812NW,MCDONNELL DOUGLAS,DC-9-41,1974.0,Narrow-Body,Aging (26–35 yrs)
4886,N814NW,MCDONNELL DOUGLAS,DC-9-41,1978.0,Narrow-Body,Aging (26–35 yrs)
4887,91619E,BOMBARDIER,CRJ-200,1992.0,Regional,Mature (16–25 yrs)
4888,89059E,BOMBARDIER,CRJ-200,1998.0,Regional,Modern (6–15 yrs)
4889,N324AA,BOEING,B737-800,2011.0,Narrow-Body,New (0–5 yrs)
4890,N7ARAA,AIRBUS,A319-100,2012.0,Narrow-Body,New (0–5 yrs)
4891,N7APAA,AIRBUS,A319-100,1998.0,Narrow-Body,Modern (6–15 yrs)
4892,N7ANAA,BOEING,B757-200,1988.0,Narrow-Body,Mature (16–25 yrs)
4893,N353AA,BOEING,B777-200,2001.0,Wide-Body,Modern (6–15 yrs)
4894,N7BJAA,BOEING,B737-800,2004.0,Narrow-Body,New (0–5 yrs)
4895,N292AA,MCDONNELL DOUGLAS,MD-80,1996.0,Narrow-Body,Modern (6–15 yrs)
4896,N283AA,MCDONNELL DOUGLAS,MD-80,1999.0,Narrow-Body,Modern (6–15 yrs)
4897,N7AFAA,BOEING,B777-200,2009.0,Wide-Body,New (0–5 yrs)
4898,N075AA,BOEING,B737-800,2003.0,Narrow-Body,New (0–5 yrs)
4899,N7BRAA,BOEING,B757-200,1992.0,Narrow-Body,Mature (16–25 yrs)
4900,N592AS,BOEING,B737-700,2004.0,Narrow-Body,New (0–5 yrs)
4901,N786AS,BOEING,B737-800,1998.0,Narrow-Body,Modern (6–15 yrs)
4902,N288JB,AIRBUS,A320-200,2009.0,Narrow-Body,New (0–5 yrs)
4903,N703JB,AIRBUS,A320-200,1997.0,Narrow-Body,Modern (6–15 yrs)
4904,N87507,UNKNOWN,UNKNOWN,,Unknown,Unknown
4905,N76065,UNKNOWN,UNKNOWN,,Unknown,Unknown
4906,N12322,UNKNOWN,UNKNOWN,,Unknown,Unknown
4907,N47414,UNKNOWN,UNKNOWN,,Unknown,Unknown
4908,N77019,UNKNOWN,UNKNOWN,,Unknown,Unknown
4909,N39415,UNKNOWN,UNKNOWN,,Unknown,Unknown
4910,N76508,UNKNOWN,UNKNOWN,,Unknown,Unknown
4911,N79011,UNKNOWN,UNKNOWN,,Unknown,Unknown
4912,N78017,UNKNOWN,UNKNOWN,,Unknown,Unknown
4913,N179DN,MCDONNELL DOUGLAS,DC-9-41,1968.0,Narrow-Body,Legacy (35+ yrs)
4914,N182DN,BOEING,B757-200,1987.0,Narrow-Body,Mature (16–25 yrs)
4915,N713TW,MCDONNELL DOUGLAS,MD-80,1995.0,Narrow-Body,Modern (6–15 yrs)
4916,N1501P,UNKNOWN,UNKNOWN,,Unknown,Unknown
4917,N152DL,MCDONNELL DOUGLAS,MD-88,1996.0,Narrow-Body,Modern (6–15 yrs)
4918,N394DL,BOEING,B757-200,1991.0,Narrow-Body,Mature (16–25 yrs)
4919,N912WN,BOEING,B737-700,2008.0,Narrow-Body,New (0–5 yrs)
4920,N303SW,BOEING,B737-800,2002.0,Narrow-Body,Modern (6–15 yrs)
4921,N697SW,BOEING,B737-700,2008.0,Narrow-Body,New (0–5 yrs)
4922,N914WN,BOEING,B737-500,1991.0,Narrow-Body,Mature (16–25 yrs)
4923,N913WN,BOEING,B737-300,1989.0,Narrow-Body,Mature (16–25 yrs)
4924,N915WN,BOEING,B737-300,1998.0,Narrow-Body,Modern (6–15 yrs)
4925,N17185,UNKNOWN,UNKNOWN,,Unknown,Unknown
4926,N13202,UNKNOWN,UNKNOWN,,Unknown,Unknown
4927,N14558,UNKNOWN,UNKNOWN,,Unknown,Unknown
4928,N549CA,BOEING,B737-300,1984.0,Narrow-Body,Mature (16–25 yrs)
4929,N554CA,BOEING,B767-200,1983.0,Wide-Body,Mature (16–25 yrs)
4930,N984CA,BOEING,B737-800,2008.0,Narrow-Body,New (0–5 yrs)
4931,N983CA,BOEING,B737-700,2005.0,Narrow-Body,New (0–5 yrs)
4932,N986CA,BOEING,B737-300,1985.0,Narrow-Body,Mature (16–25 yrs)
4933,N988CA,BOEING,B737-500,1999.0,Narrow-Body,Modern (6–15 yrs)
4934,N104UA,BOEING,B737-300,1985.0,Narrow-Body,Mature (16–25 yrs)
4935,N199UA,BOEING,B737-300,1993.0,Narrow-Body,Modern (6–15 yrs)
4936,N796UA,BOEING,B737-300,1994.0,Narrow-Body,Modern (6–15 yrs)
4937,N217UA,BOEING,B757-200,2000.0,Narrow-Body,Modern (6–15 yrs)
4938,N220UA,BOEING,B737-700,2008.0,Narrow-Body,New (0–5 yrs)
4939,N117UA,BOEING,B777-200,2000.0,Wide-Body,Modern (6–15 yrs)
4940,N216UA,BOEING,B737-300,1984.0,Narrow-Body,Mature (16–25 yrs)
4941,N955UW,AIRBUS,A320-200,1990.0,Narrow-Body,Mature (16–25 yrs)
4942,N956UW,AIRBUS,A320-200,1992.0,Narrow-Body,Mature (16–25 yrs)
4943,N701DN,MCDONNELL DOUGLAS,DC-9-41,1978.0,Narrow-Body,Aging (26–35 yrs)
4944,N1602,UNKNOWN,UNKNOWN,,Unknown,Unknown
4945,N718TW,BOEING,B757-200,1983.0,Narrow-Body,Mature (16–25 yrs)
4946,N840MH,BOMBARDIER,CRJ-700,2000.0,Regional,Modern (6–15 yrs)
4947,N1607B,UNKNOWN,UNKNOWN,,Unknown,Unknown
4948,N1604R,UNKNOWN,UNKNOWN,,Unknown,Unknown
4949,N1201P,UNKNOWN,UNKNOWN,,Unknown,Unknown
4950,N194DN,MCDONNELL DOUGLAS,DC-9-41,1973.0,Narrow-Body,Aging (26–35 yrs)
4951,N711ZX,UNKNOWN,UNKNOWN,,Unknown,Unknown
4952,N153DL,BOEING,B757-200,1994.0,Narrow-Body,Modern (6–15 yrs)
4953,N1610D,UNKNOWN,UNKNOWN,,Unknown,Unknown
4954,N202FR,BOEING,B737-300,1988.0,Narrow-Body,Mature (16–25 yrs)
4955,N337AT,BOEING,B757-200,2001.0,Narrow-Body,Modern (6–15 yrs)
4956,N338AT,BOEING,B757-300,1999.0,Narrow-Body,Modern (6–15 yrs)
4957,N273AE,BOMBARDIER,CRJ-200,2006.0,Regional,New (0–5 yrs)
4958,N859NW,BOEING,B757-200,2003.0,Narrow-Body,New (0–5 yrs)
4959,N811NW,MCDONNELL DOUGLAS,DC-9-41,1974.0,Narrow-Body,Aging (26–35 yrs)
4960,91629E,BOMBARDIER,CRJ-200,1999.0,Regional,Modern (6–15 yrs)
4961,N7AVAA,AIRBUS,A320-200,1994.0,Narrow-Body,Modern (6–15 yrs)
4962,N271AA,BOEING,B777-200,1995.0,Wide-Body,Modern (6–15 yrs)
4963,N593AS,BOEING,B737-700,2007.0,Narrow-Body,New (0–5 yrs)
4964,N594AS,BOEING,B737-400,1994.0,Narrow-Body,Modern (6–15 yrs)
4965,N290JB,AIRBUS,A320-200,2009.0,Narrow-Body,New (0–5 yrs)
4966,N705JB,AIRBUS,A320-200,2000.0,Narrow-Body,Modern (6–15 yrs)
4967,N289JB,AIRBUS,A320-200,1997.0,Narrow-Body,Modern (6–15 yrs)
4968,N39416,UNKNOWN,UNKNOWN,,Unknown,Unknown
4969,N78009,UNKNOWN,UNKNOWN,,Unknown,Unknown
4970,N77006,UNKNOWN,UNKNOWN,,Unknown,Unknown
4971,N27015,UNKNOWN,UNKNOWN,,Unknown,Unknown
4972,N74007,UNKNOWN,UNKNOWN,,Unknown,Unknown
4973,N78509,UNKNOWN,UNKNOWN,,Unknown,Unknown
4974,N39418,UNKNOWN,UNKNOWN,,Unknown,Unknown
4975,N38417,UNKNOWN,UNKNOWN,,Unknown,Unknown
4976,N37419,UNKNOWN,UNKNOWN,,Unknown,Unknown
4977,N196DN,MCDONNELL DOUGLAS,DC-9-41,1978.0,Narrow-Body,Aging (26–35 yrs)
4978,N154DL,BOEING,B757-200,1983.0,Narrow-Body,Mature (16–25 yrs)
4979,N844MH,BOMBARDIER,CRJ-200,2006.0,Regional,New (0–5 yrs)
4980,N197DN,BOEING,B757-200,1982.0,Narrow-Body,Aging (26–35 yrs)
4981,N189DN,MCDONNELL DOUGLAS,DC-9-41,1969.0,Narrow-Body,Legacy (35+ yrs)
4982,N169DZ,UNKNOWN,UNKNOWN,,Unknown,Unknown
4983,N1613B,UNKNOWN,UNKNOWN,,Unknown,Unknown
4984,N192DN,BOEING,B757-200,1988.0,Narrow-Body,Mature (16–25 yrs)
4985,N187DN,BOEING,B757-200,1988.0,Narrow-Body,Mature (16–25 yrs)
4986,N916WN,BOEING,B737-500,1992.0,Narrow-Body,Mature (16–25 yrs)
4987,N917WN,BOEING,B737-500,1992.0,Narrow-Body,Mature (16–25 yrs)
4988,N918WN,BOEING,B737-300,1999.0,Narrow-Body,Modern (6–15 yrs)
4989,N582CA,BOEING,B737-500,1990.0,Narrow-Body,Mature (16–25 yrs)
4990,N227UA,BOEING,B737-500,1994.0,Narrow-Body,Modern (6–15 yrs)
4991,N196UA,BOEING,B737-500,1998.0,Narrow-Body,Modern (6–15 yrs)
4992,N177UA,BOEING,B767-300,1987.0,Wide-Body,Mature (16–25 yrs)
4993,N119UA,BOEING,B767-300,1996.0,Wide-Body,Modern (6–15 yrs)
4994,N784UA,BOEING,B777-200,2006.0,Wide-Body,New (0–5 yrs)
4995,N182UA,BOEING,B737-700,2007.0,Narrow-Body,New (0–5 yrs)
4996,N128UA,BOEING,B777-200,2011.0,Wide-Body,New (0–5 yrs)
4997,N174UA,BOEING,B777-200,1999.0,Wide-Body,Modern (6–15 yrs)
4998,N229UA,BOEING,B757-200,1998.0,Narrow-Body,Modern (6–15 yrs)
4999,N179UA,BOEING,B737-700,2008.0,Narrow-Body,New (0–5 yrs)
5000,N957UW,AIRBUS,A319-100,2002.0,Narrow-Body,Modern (6–15 yrs)
5001,N958UW,AIRBUS,A320-200,2000.0,Narrow-Body,Modern (6–15 yrs)
5002,N959UW,AIRBUS,A319-100,1995.0,Narrow-Body,Modern (6–15 yrs)
5003,N1608,UNKNOWN,UNKNOWN,,Unknown,Unknown
5004,N705TW,MCDONNELL DOUGLAS,MD-80,1982.0,Narrow-Body,Aging (26–35 yrs)
5005,N722TW,BOEING,B747-400,2003.0,Wide-Body,New (0–5 yrs)
5006,N344AT,BOEING,B737-800,2000.0,Narrow-Body,Modern (6–15 yrs)
5007,91709E,BOMBARDIER,CRJ-900,2007.0,Regional,New (0–5 yrs)
5008,91669E,BOMBARDIER,CRJ-900,2008.0,Regional,New (0–5 yrs)
5009,N706JB,AIRBUS,A320-200,2003.0,Narrow-Body,New (0–5 yrs)
5010,N37420,UNKNOWN,UNKNOWN,,Unknown,Unknown
5011,N37018,UNKNOWN,UNKNOWN,,Unknown,Unknown
5012,N1611B,UNKNOWN,UNKNOWN,,Unknown,Unknown
5013,N171DZ,UNKNOWN,UNKNOWN,,Unknown,Unknown
5014,N1609,UNKNOWN,UNKNOWN,,Unknown,Unknown
5015,N920WN,BOEING,B737-500,1989.0,Narrow-Body,Mature (16–25 yrs)
5016,N919WN,BOEING,B737-800,2008.0,Narrow-Body,New (0–5 yrs)
5017,N921WN,BOEING,B737-700,2004.0,Narrow-Body,New (0–5 yrs)
5018,N219UA,BOEING,B757-200,1991.0,Narrow-Body,Mature (16–25 yrs)
5019,N960UW,AIRBUS,A320-200,1993.0,Narrow-Body,Modern (6–15 yrs)
5020,N702DN,BOEING,B757-200,2004.0,Narrow-Body,New (0–5 yrs)
5021,N727TW,BOEING,B767-300,2000.0,Wide-Body,Modern (6–15 yrs)
5022,N723TW,BOEING,B767-300,1991.0,Wide-Body,Mature (16–25 yrs)
5023,91769E,BOMBARDIER,CRJ-200,2006.0,Regional,New (0–5 yrs)
5024,91819E,BOMBARDIER,CRJ-900,2007.0,Regional,New (0–5 yrs)
5025,N596AS,BOEING,B737-800,2008.0,Narrow-Body,New (0–5 yrs)
5026,N597AS,BOEING,B737-800,2000.0,Narrow-Body,Modern (6–15 yrs)
5027,N708JB,AIRBUS,A320-200,1991.0,Narrow-Body,Mature (16–25 yrs)
5028,N709JB,AIRBUS,A320-200,1994.0,Narrow-Body,Modern (6–15 yrs)
5029,N77510,UNKNOWN,UNKNOWN,,Unknown,Unknown
5030,N27421,UNKNOWN,UNKNOWN,,Unknown,Unknown
5031,N78511,UNKNOWN,UNKNOWN,,Unknown,Unknown
5032,N87512,UNKNOWN,UNKNOWN,,Unknown,Unknown
5033,N37422,UNKNOWN,UNKNOWN,,Unknown,Unknown
5034,N717TW,BOEING,B747-400,1989.0,Wide-Body,Mature (16–25 yrs)
5035,N826MH,BOMBARDIER,CRJ-200,2004.0,Regional,New (0–5 yrs)
5036,N922WN,BOEING,B737-300,1992.0,Narrow-Body,Mature (16–25 yrs)
5037,N923WN,BOEING,B737-300,1991.0,Narrow-Body,Mature (16–25 yrs)
5038,N270,UNKNOWN,UNKNOWN,,Unknown,Unknown
5039,N924WN,BOEING,B737-700,2003.0,Narrow-Body,New (0–5 yrs)
5040,N226UA,BOEING,B737-500,1998.0,Narrow-Body,Modern (6–15 yrs)
5041,N961UW,AIRBUS,A320-200,2012.0,Narrow-Body,New (0–5 yrs)
5042,N348AT,BOEING,B757-200,2004.0,Narrow-Body,New (0–5 yrs)
